Stock,Date,Open,High,Low,Close,Volume,AdjClose
IBM,2005-12-01,89.15,89.92,81.56,82.2,5976252.0,81.37
IBM,2005-11-01,81.85,89.94,80.64,88.9,5556471.0,88.01
IBM,2005-10-03,80.22,84.6,78.7,81.88,7019666.0,80.86
IBM,2005-09-01,80.16,82.11,76.93,80.22,5772280.0,79.22
IBM,2005-08-01,83.0,84.2,79.87,80.62,4801386.0,79.62
IBM,2005-07-01,74.3,85.11,74.16,83.46,8056590.0,82.23
IBM,2005-06-01,75.57,77.73,73.45,74.2,6439536.0,73.1
IBM,2005-05-02,76.88,78.11,72.5,75.55,6896904.0,74.43
IBM,2005-04-01,91.49,91.76,71.85,76.38,10709200.0,75.05
IBM,2005-03-01,92.64,93.73,89.09,91.38,5025627.0,89.79
IBM,2005-02-01,93.67,94.97,91.55,92.58,4455657.0,90.97
IBM,2005-01-03,98.97,99.1,91.44,93.42,5960945.0,91.62
IBM,2004-12-01,94.5,99.0,94.47,98.58,5043800.0,96.68
IBM,2004-11-01,89.33,96.63,89.23,94.24,5754876.0,92.42
IBM,2004-10-01,85.95,90.27,84.29,89.75,5839742.0,87.85
IBM,2004-09-01,84.05,87.28,83.24,85.74,4719252.0,83.93
IBM,2004-08-02,86.87,87.39,81.9,84.69,4298600.0,82.9
IBM,2004-07-01,88.28,88.44,83.42,87.07,5929023.0,85.05
IBM,2004-06-01,88.0,91.21,87.3,88.15,4604409.0,86.1
IBM,2004-05-03,88.13,89.75,85.12,88.59,5395555.0,86.53
IBM,2004-04-01,91.67,94.55,88.01,88.17,5507214.0,85.95
IBM,2004-03-01,96.5,97.6,90.28,91.84,5612921.0,89.53
IBM,2004-02-02,99.15,100.43,95.2,96.5,5392468.0,94.07
IBM,2004-01-02,92.86,99.85,89.01,99.23,7275305.0,96.57
IBM,2003-12-01,90.9,94.12,90.03,92.68,5492295.0,90.2
IBM,2003-11-03,89.9,91.48,87.72,90.54,5271663.0,88.12
IBM,2003-10-01,88.75,94.54,87.53,89.48,6999200.0,86.93
IBM,2003-09-02,82.4,93.47,82.3,88.33,8523800.0,85.81
IBM,2003-08-01,81.15,84.72,78.73,82.01,5624661.0,79.67
IBM,2003-07-01,81.4,87.03,80.58,81.25,7362086.0,78.77
IBM,2003-06-02,89.0,89.08,79.81,82.5,9163771.0,79.98
IBM,2003-05-01,85.3,90.4,84.45,88.04,7415819.0,85.36
IBM,2003-04-01,78.5,86.49,78.12,84.9,8872342.0,82.16
IBM,2003-03-03,78.9,84.9,73.17,78.43,9624114.0,75.9
IBM,2003-02-03,78.2,80.05,74.31,77.95,8013573.0,75.44
IBM,2003-01-02,78.8,88.95,77.02,78.2,9698933.0,75.53
IBM,2002-12-02,88.6,89.46,75.6,77.5,7592138.0,74.85
IBM,2002-11-01,78.9,88.11,76.7,86.92,9370940.0,83.95
IBM,2002-10-01,59.2,79.79,54.01,78.94,12847417.0,76.11
IBM,2002-09-03,74.2,77.5,57.99,58.31,9934225.0,56.22
IBM,2002-08-01,70.4,82.85,65.85,75.38,7787490.0,72.67
IBM,2002-07-01,72.01,74.2,65.7,70.4,11771613.0,67.72
IBM,2002-06-03,80.75,80.95,66.1,72.0,10096315.0,69.26
IBM,2002-05-01,83.85,86.49,75.92,80.45,8084754.0,77.39
IBM,2002-04-01,104.0,104.0,83.34,83.76,11608509.0,80.42
IBM,2002-03-01,98.6,108.85,98.5,104.0,7830800.0,99.85
IBM,2002-02-01,107.64,109.3,95.76,98.12,9487368.0,94.2
IBM,2002-01-02,120.6,126.39,101.0,107.89,9687614.0,103.45
IBM,2001-12-03,114.8,124.7,113.21,120.96,6845325.0,115.98
IBM,2001-11-01,107.25,117.0,106.9,115.59,6701623.0,110.83
IBM,2001-10-01,91.72,112.1,91.34,108.07,10066486.0,103.49
IBM,2001-09-04,100.15,103.13,87.49,91.72,13359313.0,87.83
IBM,2001-08-01,105.35,110.09,98.86,99.95,6588178.0,95.71
IBM,2001-07-02,113.5,115.4,101.56,105.21,7934257.0,100.62
IBM,2001-06-01,112.5,119.0,111.1,113.5,7257480.0,108.55
IBM,2001-05-01,115.85,119.9,110.96,111.8,7549104.0,106.92
IBM,2001-04-02,97.45,118.05,90.05,115.14,11678405.0,109.98
IBM,2001-03-01,99.3,108.4,87.65,96.18,12000513.0,91.87
IBM,2001-02-01,112.4,118.64,99.1,99.9,8861689.0,95.43
IBM,2001-01-02,84.5,116.75,83.75,112.0,9872776.0,106.86
IBM,2000-12-01,94.44,104.75,80.06,85.0,8739385.0,81.1
IBM,2000-11-01,98.44,104.37,91.62,93.5,6720342.0,89.21
IBM,2000-10-02,112.62,119.62,86.94,98.5,10658263.0,93.86
IBM,2000-09-01,133.06,134.94,110.25,112.62,5855495.0,107.32
IBM,2000-08-01,112.0,134.25,110.25,132.02,5545682.0,125.8
IBM,2000-07-03,108.75,117.81,100.0,112.25,7764845.0,106.84
IBM,2000-06-01,107.56,122.31,105.5,109.56,6586172.0,104.28
IBM,2000-05-01,112.5,113.62,102.0,107.31,5800554.0,102.14
IBM,2000-04-03,120.0,128.0,101.25,111.5,9127221.0,106.0
IBM,2000-03-01,102.0,128.25,99.5,118.37,8800373.0,112.53
IBM,2000-02-01,112.37,119.75,100.94,102.75,7203815.0,97.68
IBM,2000-01-03,112.44,124.75,109.62,112.25,9076280.0,106.6
IBM,1999-12-01,102.56,122.12,102.25,107.87,7343740.0,102.44
IBM,1999-11-01,98.5,109.87,90.0,103.06,10524366.0,97.88
IBM,1999-10-01,121.0,123.25,89.0,98.25,15068947.0,93.18
IBM,1999-09-01,125.62,137.69,119.62,121.0,7380161.0,114.76
IBM,1999-08-02,124.0,129.63,117.56,124.56,6115295.0,118.14
IBM,1999-07-01,130.0,139.19,122.62,125.69,6530133.0,119.09
IBM,1999-06-01,113.62,132.0,109.44,129.25,6336504.0,122.47
IBM,1999-05-03,208.0,246.0,112.62,116.0,10937435.0,109.91
IBM,1999-04-01,177.31,215.25,163.0,209.19,13167533.0,98.99
IBM,1999-03-01,169.5,185.94,164.0,177.25,10290000.0,83.88
IBM,1999-02-01,184.5,184.5,161.75,169.75,11474200.0,80.33
IBM,1999-01-04,185.0,199.25,173.5,183.25,13521831.0,86.6
IBM,1998-12-01,163.5,189.94,162.25,184.38,6636845.0,87.14
IBM,1998-11-02,148.44,170.56,145.75,165.13,7166840.0,78.04
IBM,1998-10-01,125.06,149.81,116.81,148.5,11648536.0,70.08
IBM,1998-09-01,113.0,136.19,110.75,128.5,9511533.0,60.64
IBM,1998-08-03,134.0,134.88,112.62,112.62,9637561.0,53.14
IBM,1998-07-01,116.0,138.13,112.75,132.5,8495590.0,62.42
IBM,1998-06-01,117.37,120.0,106.0,114.81,7841036.0,54.09
IBM,1998-05-01,115.94,129.31,115.5,117.5,7878370.0,55.35
IBM,1998-04-01,103.87,120.0,103.31,115.87,8724247.0,54.48
IBM,1998-03-02,104.19,106.69,95.87,103.87,7565663.0,48.84
IBM,1998-02-02,100.0,105.87,97.5,104.44,7808231.0,49.11
IBM,1998-01-02,104.5,108.37,95.62,98.75,10603100.0,46.34
IBM,1997-12-01,110.0,113.5,96.37,104.62,8859200.0,49.09
IBM,1997-11-03,99.12,109.94,95.25,109.5,7922273.0,51.38
IBM,1997-10-01,106.12,107.25,88.62,98.5,10361973.0,46.13
IBM,1997-09-02,101.37,107.44,96.12,106.0,8736476.0,49.65
IBM,1997-08-01,105.5,109.44,99.69,101.37,7775914.0,47.48
IBM,1997-07-01,90.25,108.44,90.12,105.75,9792818.0,49.44
IBM,1997-06-02,87.75,93.75,81.75,90.25,8296771.0,42.19
IBM,1997-05-01,160.5,179.25,84.5,86.5,13671800.0,40.44
IBM,1997-04-01,137.0,161.13,127.12,160.5,15685472.0,37.52
IBM,1997-03-03,143.75,149.75,130.0,137.25,14722700.0,32.08
IBM,1997-02-03,157.38,157.38,137.13,143.75,16956421.0,33.6
IBM,1997-01-02,153.75,170.13,145.0,156.88,19412090.0,36.58
IBM,1996-12-02,159.63,166.0,147.25,151.5,13216571.0,35.33
IBM,1996-11-01,128.88,160.75,127.12,159.38,14687200.0,37.17
IBM,1996-10-01,124.0,135.38,123.12,129.0,10678156.0,30.0
IBM,1996-09-03,113.25,127.87,112.56,124.5,11048640.0,28.95
IBM,1996-08-01,108.0,115.75,107.25,114.37,8832436.0,26.6
IBM,1996-07-01,99.25,108.87,89.12,107.5,14386836.0,24.92
IBM,1996-06-03,106.37,106.62,96.12,99.0,12099540.0,22.95
IBM,1996-05-01,107.75,112.5,103.62,106.75,10668872.0,24.75
IBM,1996-04-01,112.12,120.87,103.37,107.75,18113809.0,24.9
IBM,1996-03-01,121.62,125.5,107.62,111.25,16350666.0,25.7
IBM,1996-02-01,108.75,128.88,108.12,122.62,18545440.0,28.33
IBM,1996-01-02,91.37,109.87,83.12,108.5,20732690.0,25.01
IBM,1995-12-01,97.0,97.25,87.75,91.37,12622060.0,21.07
IBM,1995-11-01,97.25,102.37,93.0,96.62,11101047.0,22.28
IBM,1995-10-02,95.0,99.25,89.12,97.25,15599727.0,22.36
IBM,1995-09-01,102.75,104.5,91.62,94.5,19990140.0,21.73
IBM,1995-08-01,109.12,114.62,98.62,103.37,12608295.0,23.77
IBM,1995-07-03,96.25,111.25,95.75,108.87,15672220.0,24.98
IBM,1995-06-01,93.5,99.37,88.37,96.0,12574127.0,22.03
IBM,1995-05-01,93.87,97.87,91.5,93.0,12325127.0,21.34
IBM,1995-04-03,82.25,96.87,82.25,94.62,12843473.0,21.65
IBM,1995-03-01,75.12,85.12,75.12,82.12,11587652.0,18.79
IBM,1995-02-01,72.37,76.25,72.25,75.25,7799178.0,17.22
IBM,1995-01-03,73.5,78.0,70.25,72.12,10532171.0,16.45
IBM,1994-12-01,70.62,74.62,68.87,73.5,8004342.0,16.76
IBM,1994-11-01,74.37,75.25,68.0,70.75,9145695.0,16.14
IBM,1994-10-03,69.37,76.37,67.37,74.5,10742285.0,16.93
IBM,1994-09-01,66.87,71.37,66.62,69.62,9104038.0,15.82
IBM,1994-08-01,61.88,70.12,61.5,68.5,10940626.0,15.57
IBM,1994-07-01,59.0,63.13,54.5,61.88,11361800.0,14.01
IBM,1994-06-01,63.0,65.0,58.13,58.75,8683600.0,13.3
IBM,1994-05-02,57.5,64.12,56.25,63.0,9430914.0,14.26
IBM,1994-04-04,53.0,59.5,51.38,57.5,11657178.0,12.96
IBM,1994-03-01,52.88,58.88,51.38,54.63,11347200.0,12.31
IBM,1994-02-01,56.88,57.38,52.0,52.88,8047831.0,11.92
IBM,1994-01-03,56.88,60.0,54.75,56.5,10605466.0,12.68
IBM,1993-12-01,54.75,59.88,52.75,56.5,9310272.0,12.68
IBM,1993-11-01,46.0,56.13,45.75,53.88,13258628.0,12.09
IBM,1993-10-01,42.13,46.63,42.13,46.0,9049752.0,10.27
IBM,1993-09-01,45.75,46.38,41.25,42.0,7134704.0,9.38
IBM,1993-08-02,44.38,45.88,40.63,45.75,6854418.0,10.22
IBM,1993-07-01,49.63,49.75,41.13,44.5,10187142.0,9.88
IBM,1993-06-01,53.25,54.38,48.5,49.38,6824090.0,10.96
IBM,1993-05-03,49.13,54.0,47.13,52.75,8025980.0,11.71
IBM,1993-04-01,51.5,53.13,47.38,48.63,8116971.0,10.68
IBM,1993-03-01,54.75,57.13,49.88,50.88,9554069.0,11.17
IBM,1993-02-01,52.0,54.88,48.75,54.38,10955557.0,11.94
IBM,1993-01-04,51.75,53.25,45.88,51.5,16168840.0,11.19
IBM,1992-12-01,68.37,68.87,48.75,50.38,18623763.0,10.95
IBM,1992-11-02,67.0,69.87,60.88,68.25,10446800.0,14.83
IBM,1992-10-01,81.0,81.12,65.0,66.87,12186690.0,14.27
IBM,1992-09-01,86.62,88.75,80.0,80.75,6983028.0,17.23
IBM,1992-08-03,94.5,95.25,85.0,86.62,5976438.0,18.49
IBM,1992-07-01,97.87,100.37,92.37,94.75,6686327.0,19.96
IBM,1992-06-01,90.5,98.62,88.25,97.87,6858272.0,20.61
IBM,1992-05-01,91.25,94.37,90.12,90.75,5872100.0,19.11
IBM,1992-04-01,83.5,90.75,81.62,90.75,7671200.0,18.87
IBM,1992-03-02,86.87,90.25,83.12,83.5,6406400.0,17.36
IBM,1992-02-03,90.0,93.25,86.62,86.87,6143600.0,18.06
IBM,1992-01-02,89.0,98.12,88.87,90.0,7038309.0,18.46
IBM,1991-12-02,91.12,92.37,83.5,89.0,9268266.0,18.26
IBM,1991-11-01,98.37,101.37,92.37,92.5,6154600.0,18.97
IBM,1991-10-01,103.62,104.75,96.75,98.25,5507460.0,19.91
IBM,1991-09-03,97.75,106.37,97.62,103.62,6116320.0,20.99
IBM,1991-08-01,101.0,101.75,92.0,96.87,6046909.0,19.63
IBM,1991-07-01,97.62,103.0,95.62,101.25,5418018.0,20.27
IBM,1991-06-03,106.0,107.37,96.62,97.12,7556480.0,19.44
IBM,1991-05-01,102.5,106.5,100.5,106.12,6893527.0,21.24
IBM,1991-04-01,113.87,114.75,102.12,103.0,8065490.0,20.38
IBM,1991-03-01,128.25,135.0,111.0,113.87,9248540.0,22.53
IBM,1991-02-01,126.5,139.75,125.62,128.75,8918400.0,25.47
IBM,1991-01-02,112.87,127.12,105.5,126.75,8275727.0,24.84
IBM,1990-12-03,114.5,116.0,110.62,113.0,5632040.0,22.14
IBM,1990-11-01,105.37,115.12,104.87,113.62,7065238.0,22.26
IBM,1990-10-01,107.12,110.37,96.25,105.5,7268347.0,20.44
IBM,1990-09-04,101.0,109.25,100.75,106.37,6630147.0,20.61
IBM,1990-08-01,111.87,112.37,96.5,101.87,7365808.0,19.74
IBM,1990-07-02,117.5,123.12,110.5,111.5,5997257.0,21.36
IBM,1990-06-01,120.5,122.25,116.25,117.5,5790647.0,22.51
IBM,1990-05-01,109.5,122.12,107.87,120.0,7155000.0,22.99
IBM,1990-04-02,105.12,111.25,105.0,109.0,5837000.0,20.65
IBM,1990-03-01,103.75,109.37,103.37,106.12,6103763.0,20.11
IBM,1990-02-01,98.62,105.5,97.5,103.87,7356484.0,19.68
IBM,1990-01-02,94.75,101.62,94.5,98.62,7503781.0,18.46
IBM,1989-12-01,97.62,101.87,93.37,94.12,6819080.0,17.61
IBM,1989-11-01,100.25,100.75,96.0,97.62,6029961.0,18.27
IBM,1989-10-02,109.37,109.75,97.75,100.25,8059309.0,18.53
IBM,1989-09-01,116.87,118.75,107.75,109.25,6864140.0,20.2
IBM,1989-08-01,115.5,119.37,112.5,117.12,6630156.0,21.65
IBM,1989-07-03,112.5,116.75,110.62,115.0,5592420.0,21.04
IBM,1989-06-01,109.5,115.12,107.5,111.87,6931072.0,20.46
IBM,1989-05-01,113.0,113.75,107.5,109.62,6557000.0,20.05
IBM,1989-04-03,109.25,115.75,106.25,114.12,5811060.0,20.65
IBM,1989-03-01,122.12,122.37,107.62,109.12,7744218.0,19.74
IBM,1989-02-01,129.75,130.88,120.62,121.5,6289915.0,21.98
IBM,1989-01-03,121.87,130.88,120.62,130.63,6688380.0,23.43
IBM,1988-12-01,118.37,124.12,117.62,121.87,4477828.0,21.86
IBM,1988-11-01,122.87,124.37,114.12,118.5,5188438.0,21.26
IBM,1988-10-03,115.12,124.87,112.75,122.62,5790742.0,21.8
IBM,1988-09-01,111.12,116.5,109.5,115.37,5433352.0,20.51
IBM,1988-08-01,126.0,126.87,110.37,111.5,5256886.0,19.82
IBM,1988-07-01,127.75,129.5,120.0,125.75,6282660.0,22.16
IBM,1988-06-01,113.0,128.38,111.75,127.37,7438090.0,22.45
IBM,1988-05-02,113.62,115.12,107.5,112.5,4249790.0,19.83
IBM,1988-04-04,107.5,116.5,105.62,113.37,6598620.0,19.78
IBM,1988-03-01,117.87,118.62,104.25,107.62,6373182.0,18.78
IBM,1988-02-01,112.75,117.87,106.87,117.5,7290480.0,20.51
IBM,1988-01-04,117.0,124.0,108.62,112.37,8420960.0,19.41
IBM,1987-12-01,112.5,120.37,105.0,115.5,6809909.0,19.95
IBM,1987-11-02,121.0,124.87,110.0,110.75,7524100.0,19.13
IBM,1987-10-01,151.25,157.25,100.0,122.5,12657872.0,20.97
IBM,1987-09-01,168.63,169.38,148.5,150.75,9960361.0,25.81
IBM,1987-08-03,159.5,175.88,158.5,168.38,9350304.0,28.82
IBM,1987-07-01,162.88,169.88,159.13,161.0,6122872.0,27.37
IBM,1987-06-01,161.0,168.63,156.0,162.5,6594545.0,27.63
IBM,1987-05-01,160.0,167.63,155.0,160.0,7800820.0,27.2
IBM,1987-04-01,149.0,161.5,142.63,160.13,11348533.0,27.04
IBM,1987-03-02,139.5,156.63,137.63,150.13,7628036.0,25.35
IBM,1987-02-02,128.25,144.25,128.0,139.5,7844210.0,23.56
IBM,1987-01-02,121.0,130.88,115.75,128.75,9833866.0,21.57
IBM,1986-12-01,126.5,130.13,120.0,120.0,6371690.0,20.1
IBM,1986-11-03,124.0,127.87,119.25,127.12,5959136.0,21.29
IBM,1986-10-01,134.88,135.5,119.75,123.62,7612730.0,20.53
IBM,1986-09-02,138.88,145.5,133.13,134.5,8053923.0,22.33
IBM,1986-08-01,132.63,142.0,129.25,138.75,5624114.0,23.04
Intel,2005-12-01,26.94,27.49,24.87,24.96,54107733.0,24.57
Intel,2005-11-01,23.18,27.15,22.53,26.68,56234966.0,26.27
Intel,2005-10-03,24.74,24.96,22.75,23.5,58262005.0,23.06
Intel,2005-09-01,25.58,26.12,23.8,24.65,53493957.0,24.19
Intel,2005-08-01,27.24,27.66,25.31,25.72,45049221.0,25.24
Intel,2005-07-01,26.23,28.84,26.08,27.14,55455755.0,26.55
Intel,2005-06-01,26.8,27.75,25.73,26.02,55191463.0,25.46
Intel,2005-05-02,23.5,27.4,23.35,26.96,64584867.0,26.38
Intel,2005-04-01,23.34,23.9,21.94,23.52,67651157.0,22.93
Intel,2005-03-01,24.36,25.47,22.96,23.23,63823945.0,22.65
Intel,2005-02-01,22.49,24.63,22.17,23.99,78924846.0,23.39
Intel,2005-01-03,23.64,23.79,21.89,22.45,82481585.0,21.81
Intel,2004-12-01,22.5,24.5,22.44,23.39,69185754.0,22.73
Intel,2004-11-01,22.19,24.99,22.15,22.38,72085390.0,21.74
Intel,2004-10-01,20.3,22.61,20.22,22.26,75530195.0,21.59
Intel,2004-09-01,21.1,21.72,19.64,20.06,77974208.0,19.46
Intel,2004-08-02,24.04,24.99,20.86,21.29,61273304.0,20.65
Intel,2004-07-01,27.39,27.48,22.46,24.38,84238776.0,23.61
Intel,2004-06-01,28.37,29.01,27.13,27.6,51221776.0,26.72
Intel,2004-05-03,26.05,28.98,25.61,28.55,62199539.0,27.64
Intel,2004-04-01,27.37,28.56,25.72,25.73,68996995.0,24.88
Intel,2004-03-01,29.04,30.14,26.03,27.2,76426029.0,26.3
Intel,2004-02-02,30.9,31.43,28.65,29.2,60823984.0,28.23
Intel,2004-01-02,32.36,34.6,30.35,30.52,59486895.0,29.47
Intel,2003-12-01,33.82,34.4,29.66,32.05,50668872.0,30.95
Intel,2003-11-03,33.33,34.51,31.66,33.54,48305094.0,32.39
Intel,2003-10-01,27.82,33.28,27.81,32.95,54786638.0,31.8
Intel,2003-09-02,28.77,29.38,27.22,27.52,58535385.0,26.56
Intel,2003-08-01,24.78,29.04,23.33,28.59,56696171.0,27.59
Intel,2003-07-01,20.87,25.5,20.51,24.89,68178022.0,24.0
Intel,2003-06-02,21.0,22.92,19.99,20.81,67030680.0,20.07
Intel,2003-05-01,18.37,21.01,18.3,20.82,64541551.0,20.08
Intel,2003-04-01,16.38,19.56,16.28,18.4,61260466.0,17.72
Intel,2003-03-03,17.13,19.01,15.59,16.28,64721704.0,15.68
Intel,2003-02-03,15.65,17.29,14.88,17.25,54643742.0,16.62
Intel,2003-01-02,16.02,18.01,15.14,15.66,64880928.0,15.06
Intel,2002-12-02,21.88,22.09,15.42,15.57,58389095.0,14.98
Intel,2002-11-01,17.1,21.3,16.91,20.88,63559699.0,20.09
Intel,2002-10-01,14.05,17.51,12.95,17.3,85138574.0,16.62
Intel,2002-09-03,16.47,17.04,13.67,13.89,66464565.0,13.35
Intel,2002-08-01,18.72,19.67,15.82,16.67,55220986.0,16.02
Intel,2002-07-01,18.35,19.88,16.26,18.79,70957249.0,18.04
Intel,2002-06-03,27.43,28.2,17.45,18.27,69893439.0,17.54
Intel,2002-05-01,28.57,31.36,25.56,27.62,46150504.0,26.51
Intel,2002-04-01,30.14,31.45,27.51,28.61,46482072.0,27.44
Intel,2002-03-01,29.09,34.25,28.99,30.41,47849219.0,29.17
Intel,2002-02-01,34.82,35.07,28.5,28.55,53846668.0,27.38
Intel,2002-01-02,31.9,36.78,31.56,35.04,55613433.0,33.59
Intel,2001-12-03,32.29,34.85,31.41,31.45,43995395.0,30.15
Intel,2001-11-01,24.53,32.99,24.25,32.66,55037100.0,31.31
Intel,2001-10-01,20.21,26.5,19.08,24.42,56607743.0,23.39
Intel,2001-09-04,27.56,28.09,18.96,20.44,75960346.0,19.58
Intel,2001-08-01,30.62,32.23,26.88,27.96,43029891.0,26.78
Intel,2001-07-02,29.58,31.0,27.0,29.81,48377695.0,28.54
Intel,2001-06-01,27.26,31.93,26.14,29.25,50365990.0,28.0
Intel,2001-05-01,30.77,32.5,26.4,27.01,45703445.0,25.86
Intel,2001-04-02,26.06,32.57,22.25,30.91,63693440.0,29.57
Intel,2001-03-01,28.25,33.69,24.56,26.31,66763273.0,25.17
Intel,2001-02-01,37.06,38.23,28.0,28.56,50421578.0,27.32
Intel,2001-01-02,30.69,38.59,30.0,37.0,61110909.0,35.38
Intel,2000-12-01,38.5,38.5,29.81,30.06,58737290.0,28.74
Intel,2000-11-01,44.31,47.88,36.0,38.06,51287913.0,36.39
Intel,2000-10-02,42.94,47.0,35.0,45.0,67244954.0,43.01
Intel,2000-09-01,75.62,75.69,41.38,41.56,77048785.0,39.72
Intel,2000-08-01,67.06,75.83,60.44,74.87,31158291.0,71.55
Intel,2000-07-03,134.13,147.5,64.5,66.75,42980490.0,63.77
Intel,2000-06-01,126.19,140.25,124.12,133.69,40595390.0,63.86
Intel,2000-05-01,127.94,131.0,105.12,124.69,54545336.0,59.56
Intel,2000-04-03,131.38,139.06,108.37,126.81,65995536.0,60.56
Intel,2000-03-01,112.87,145.38,112.0,131.94,51730104.0,63.01
Intel,2000-02-01,98.37,116.5,96.62,113.0,50486320.0,53.97
Intel,2000-01-03,83.27,106.62,77.37,98.94,73769270.0,47.24
Intel,1999-12-01,76.06,85.5,70.56,82.31,38776809.0,39.3
Intel,1999-11-01,77.62,83.87,73.62,76.69,42351209.0,36.61
Intel,1999-10-01,74.25,79.81,65.0,77.44,61434561.0,36.96
Intel,1999-09-01,83.69,89.5,72.62,74.31,52269514.0,35.46
Intel,1999-08-02,69.87,84.5,69.5,82.19,51764545.0,39.23
Intel,1999-07-01,59.75,71.75,59.25,69.0,50930142.0,32.92
Intel,1999-06-01,53.81,59.88,50.13,59.5,43560354.0,28.38
Intel,1999-05-03,61.19,65.0,51.0,54.06,40838460.0,25.79
Intel,1999-04-01,119.94,133.5,55.0,61.19,53352276.0,29.18
Intel,1999-03-01,118.81,124.37,109.56,118.87,75877217.0,28.34
Intel,1999-02-01,140.69,140.69,118.87,119.94,84851705.0,28.6
Intel,1999-01-04,119.94,143.69,119.69,140.94,76369915.0,33.59
Intel,1998-12-01,105.81,126.19,105.69,118.56,56260290.0,28.25
Intel,1998-11-02,89.75,115.87,89.56,107.62,67840320.0,25.65
Intel,1998-10-01,84.25,90.81,75.81,89.19,73758672.0,21.25
Intel,1998-09-01,70.94,89.0,69.75,85.75,72464914.0,20.43
Intel,1998-08-03,83.62,92.62,70.94,71.19,88825752.0,16.96
Intel,1998-07-01,74.69,88.25,72.25,84.44,74254436.0,20.11
Intel,1998-06-01,69.12,77.62,65.66,74.12,67772472.0,17.65
Intel,1998-05-01,80.94,85.44,71.25,71.44,58246800.0,17.01
Intel,1998-04-01,77.5,85.06,71.31,80.81,76032038.0,19.24
Intel,1998-03-02,89.81,91.37,74.0,78.06,79953345.0,18.58
Intel,1998-02-02,82.5,95.62,82.19,89.69,74033663.0,21.35
Intel,1998-01-02,70.69,82.87,70.5,81.0,70181140.0,19.28
Intel,1997-12-01,78.5,81.75,67.37,70.25,66193927.0,16.71
Intel,1997-11-03,78.44,81.75,72.02,77.62,67702168.0,18.47
Intel,1997-10-01,92.75,95.62,69.25,77.0,90202660.0,18.32
Intel,1997-09-02,93.12,99.25,92.0,92.31,52210133.0,21.96
Intel,1997-08-01,92.75,102.0,89.87,92.12,69055923.0,21.91
Intel,1997-07-01,142.0,154.56,76.75,91.81,89247800.0,21.84
Intel,1997-06-02,154.0,154.63,140.75,141.81,103607314.0,16.86
Intel,1997-05-01,153.38,169.75,140.0,151.5,135409866.0,18.01
Intel,1997-04-01,137.63,153.5,128.25,153.13,117950036.0,18.2
Intel,1997-03-03,141.13,150.25,125.75,139.13,114471440.0,16.53
Intel,1997-02-03,163.5,165.0,137.0,141.88,121478652.0,16.86
Intel,1997-01-02,131.75,164.0,127.62,162.25,105976036.0,19.28
Intel,1996-12-02,126.0,141.5,123.37,130.94,88495771.0,15.56
Intel,1996-11-01,109.87,127.25,108.0,126.87,84585080.0,15.07
Intel,1996-10-01,94.62,114.25,94.25,109.87,80424765.0,13.05
Intel,1996-09-03,79.12,99.5,78.5,95.44,66584000.0,11.33
Intel,1996-08-01,75.37,83.25,74.87,79.81,57526690.0,9.48
Intel,1996-07-01,73.75,75.89,64.12,75.12,92232400.0,8.92
Intel,1996-06-03,75.12,77.75,70.25,73.44,57243600.0,8.71
Intel,1996-05-01,67.37,75.62,66.5,75.5,64441600.0,8.96
Intel,1996-04-01,57.13,70.37,56.38,67.75,80938895.0,8.04
Intel,1996-03-01,57.63,60.25,51.5,56.88,67761066.0,6.75
Intel,1996-02-01,55.0,61.63,54.86,58.81,60467920.0,6.97
Intel,1996-01-02,57.38,59.38,49.81,55.23,112054909.0,6.55
Intel,1995-12-01,61.38,64.0,55.19,56.75,64917040.0,6.73
Intel,1995-11-01,70.75,73.14,59.88,60.88,81136533.0,7.21
Intel,1995-10-02,60.61,71.37,57.75,69.87,82715418.0,8.28
Intel,1995-09-01,61.25,66.62,57.25,60.13,76068400.0,7.12
Intel,1995-08-01,65.0,67.25,57.13,61.38,87998226.0,7.27
Intel,1995-07-03,63.38,78.37,62.5,65.0,114913240.0,7.7
Intel,1995-06-01,112.5,117.62,58.38,63.31,92298400.0,7.49
Intel,1995-05-01,103.5,119.0,102.87,112.25,131184218.0,6.64
Intel,1995-04-03,84.75,104.12,84.5,102.37,115518315.0,6.06
Intel,1995-03-01,79.75,90.0,78.37,84.87,91427826.0,5.02
Intel,1995-02-01,69.37,80.75,69.12,79.75,84607242.0,4.72
Intel,1995-01-03,63.63,71.75,63.0,69.37,98914819.0,4.1
Intel,1994-12-01,62.0,65.75,57.5,63.88,102595885.0,3.78
Intel,1994-11-01,61.88,67.27,59.75,63.13,87542095.0,3.73
Intel,1994-10-03,61.75,63.0,57.38,62.13,82570133.0,3.67
Intel,1994-09-01,64.75,68.25,60.0,61.5,64968380.0,3.63
Intel,1994-08-01,59.0,67.5,56.63,65.75,71104347.0,3.88
Intel,1994-07-01,58.88,63.0,56.13,59.25,68221120.0,3.5
Intel,1994-06-01,62.5,65.0,57.25,58.5,55543636.0,3.45
Intel,1994-05-02,60.75,62.75,56.5,62.5,62761980.0,3.69
Intel,1994-04-04,65.5,71.0,56.0,61.0,103743578.0,3.6
Intel,1994-03-01,68.87,73.5,65.0,67.5,75196660.0,3.98
Intel,1994-02-01,65.0,69.25,60.5,68.75,75217684.0,4.05
Intel,1994-01-03,62.25,69.25,60.75,65.25,96639085.0,3.85
Intel,1993-12-01,61.75,64.75,56.25,62.0,69052436.0,3.65
Intel,1993-11-01,63.25,64.5,56.25,61.5,77418133.0,3.62
Intel,1993-10-01,71.5,73.87,61.5,63.25,98148876.0,3.72
Intel,1993-09-01,63.75,74.25,60.25,70.75,64329371.0,4.16
Intel,1993-08-02,52.25,67.25,52.25,64.25,69301236.0,3.78
Intel,1993-07-01,55.0,57.0,49.25,52.25,60581866.0,3.07
Intel,1993-06-01,111.0,116.0,52.88,55.0,67017527.0,3.23
Intel,1993-05-03,95.75,113.5,95.25,110.87,87835520.0,3.26
Intel,1993-04-01,114.87,121.0,85.5,95.12,184804114.0,2.8
Intel,1993-03-01,116.75,121.25,111.25,115.0,90586573.0,3.38
Intel,1993-02-01,107.0,120.0,104.25,116.5,133320084.0,3.42
Intel,1993-01-04,87.0,118.0,86.25,106.75,154537440.0,3.13
Intel,1992-12-01,71.75,91.5,71.0,87.0,89086254.0,2.55
Intel,1992-11-02,67.0,72.25,66.5,71.5,55710080.0,2.1
Intel,1992-10-01,65.5,69.12,60.75,67.5,74762618.0,1.98
Intel,1992-09-01,57.75,67.0,57.75,65.75,59139200.0,1.93
Intel,1992-08-03,60.25,61.25,54.25,58.0,39292038.0,1.7
Intel,1992-07-01,57.0,60.25,54.75,59.75,54961018.0,1.75
Intel,1992-06-01,50.0,57.75,47.75,57.0,65252509.0,1.67
Intel,1992-05-01,53.5,54.75,46.5,50.0,62752960.0,1.46
Intel,1992-04-01,55.25,59.25,49.0,53.5,86527695.0,1.57
Intel,1992-03-02,63.5,67.5,51.5,55.25,82212218.0,1.62
Intel,1992-02-03,60.0,68.75,59.0,63.5,73250863.0,1.86
Intel,1992-01-02,48.63,63.0,47.25,59.88,111042327.0,1.75
Intel,1991-12-02,40.75,49.25,40.25,49.0,52446628.0,1.44
Intel,1991-11-01,41.5,44.25,39.75,41.0,55512960.0,1.2
Intel,1991-10-01,42.5,45.5,38.5,40.63,66745182.0,1.19
Intel,1991-09-03,49.25,50.0,40.0,42.25,84670240.0,1.24
Intel,1991-08-01,47.5,52.75,44.0,49.5,61719854.0,1.45
Intel,1991-07-01,46.75,47.75,41.0,47.0,75198545.0,1.38
Intel,1991-06-03,55.75,59.25,43.5,46.5,104460000.0,1.36
Intel,1991-05-01,48.5,55.75,46.75,55.75,77445381.0,1.63
Intel,1991-04-01,46.75,55.25,46.25,49.25,70112727.0,1.44
Intel,1991-03-01,47.5,52.75,43.25,46.75,82986560.0,1.37
Intel,1991-02-01,45.75,51.0,45.5,47.75,67873178.0,1.4
Intel,1991-01-02,38.0,45.75,37.75,45.75,82109527.0,1.34
Intel,1990-12-03,37.75,40.25,34.75,38.5,44659040.0,1.13
Intel,1990-11-01,33.0,38.5,32.5,37.5,45718552.0,1.1
Intel,1990-10-01,33.0,36.13,28.0,33.5,60912695.0,0.98
Intel,1990-09-04,33.0,34.5,29.75,33.25,60468884.0,0.97
Intel,1990-08-01,44.5,44.5,30.5,33.38,89073947.0,0.98
Intel,1990-07-02,47.0,52.0,39.25,44.5,69095161.0,1.3
Intel,1990-06-01,48.25,48.75,45.0,47.0,45098971.0,1.38
Intel,1990-05-01,39.5,49.25,39.5,48.25,74803927.0,1.41
Intel,1990-04-02,41.25,44.0,38.75,39.5,56005120.0,1.16
Intel,1990-03-01,40.0,43.75,38.75,41.75,63603345.0,1.22
Intel,1990-02-01,39.5,41.5,38.0,40.25,49832926.0,1.18
Intel,1990-01-02,34.5,39.75,34.0,39.5,78160872.0,1.16
Intel,1989-12-01,34.75,36.0,30.0,34.5,43915840.0,1.01
Intel,1989-11-01,33.5,35.0,29.5,34.75,41967085.0,1.02
Intel,1989-10-02,32.25,35.0,30.0,33.75,60339345.0,0.99
Intel,1989-09-01,29.75,32.5,29.37,32.25,44429760.0,0.94
Intel,1989-08-01,30.5,33.25,28.25,30.0,58179060.0,0.88
Intel,1989-07-03,29.0,31.5,27.5,30.5,44076000.0,0.89
Intel,1989-06-01,32.5,33.75,28.0,29.0,51896727.0,0.85
Intel,1989-05-01,28.75,33.0,28.25,32.5,43851054.0,0.95
Intel,1989-04-03,26.25,30.5,24.62,29.0,58084480.0,0.85
Intel,1989-03-01,25.75,27.25,23.25,26.25,41722472.0,0.77
Intel,1989-02-01,26.25,27.87,24.37,25.75,54539957.0,0.75
Intel,1989-01-03,23.75,26.0,22.87,26.0,65101257.0,0.76
Intel,1988-12-01,20.25,24.0,19.75,23.75,52610590.0,0.7
Intel,1988-11-01,25.0,25.5,19.25,20.0,82892190.0,0.59
Intel,1988-10-03,27.0,28.25,23.75,24.75,77671771.0,0.72
Intel,1988-09-01,27.75,29.62,25.5,27.5,63751161.0,0.81
Intel,1988-08-01,34.0,35.5,27.75,28.0,54650852.0,0.82
Intel,1988-07-01,36.25,36.5,33.0,34.75,47988960.0,1.02
Intel,1988-06-01,30.75,37.25,30.5,36.13,61928290.0,1.06
Intel,1988-05-02,31.25,33.25,29.0,30.75,36860038.0,0.9
Intel,1988-04-04,29.25,33.5,29.25,31.0,49472960.0,0.91
Intel,1988-03-01,28.25,32.75,27.5,29.37,68445495.0,0.86
Intel,1988-02-01,25.5,29.25,23.0,28.25,55600000.0,0.83
Intel,1988-01-04,27.0,29.25,21.62,25.5,67597120.0,0.75
Intel,1987-12-01,22.0,28.0,20.75,26.5,62933672.0,0.78
Intel,1987-11-02,26.0,28.5,20.25,21.5,69968320.0,0.63
Intel,1987-10-01,58.25,62.75,21.75,26.0,126247272.0,0.76
Intel,1987-09-01,53.0,58.88,51.5,57.75,66200228.0,1.13
Intel,1987-08-03,47.0,56.25,44.75,52.75,60770133.0,1.03
Intel,1987-07-01,43.75,50.5,42.75,47.75,49518109.0,0.93
Intel,1987-06-01,44.0,45.13,39.5,44.0,57158836.0,0.86
Intel,1987-05-01,46.75,47.5,39.5,43.88,47759200.0,0.86
Intel,1987-04-01,38.5,48.0,38.25,47.0,81696457.0,0.92
Intel,1987-03-02,37.75,42.0,34.25,39.25,66924654.0,0.77
Intel,1987-02-02,31.5,38.5,31.0,38.0,94091621.0,0.74
Intel,1987-01-02,20.75,31.25,20.75,31.25,92997638.0,0.61
Intel,1986-12-01,22.5,23.75,20.75,21.0,31265745.0,0.41
Intel,1986-11-03,20.12,23.0,19.5,23.0,24291705.0,0.45
Intel,1986-10-01,19.75,21.5,18.0,20.25,32583930.0,0.4
Intel,1986-09-02,23.0,23.25,18.75,19.5,33248304.0,0.38
Intel,1986-08-01,18.75,24.25,16.37,23.0,30944609.0,0.45
Microsoft,2005-12-01,27.73,28.1,26.1,26.15,62892384.0,25.96
Microsoft,2005-11-01,25.61,28.25,25.61,27.68,71469194.0,27.48
Microsoft,2005-10-03,25.71,25.8,24.25,25.7,72132475.0,25.44
Microsoft,2005-09-01,27.38,27.39,25.12,25.73,66976476.0,25.47
Microsoft,2005-08-01,25.81,27.94,25.76,27.38,65529978.0,27.1
Microsoft,2005-07-01,24.85,26.48,24.5,25.61,69046604.0,25.28
Microsoft,2005-06-01,25.73,26.0,24.82,24.84,62956713.0,24.52
Microsoft,2005-05-02,25.23,26.09,24.64,25.8,62699752.0,25.46
Microsoft,2005-04-01,24.24,25.45,23.94,25.3,77090234.0,24.89
Microsoft,2005-03-01,25.19,25.79,23.82,24.17,72899708.0,23.78
Microsoft,2005-02-01,26.25,26.5,25.13,25.16,75992316.0,24.75
Microsoft,2005-01-03,26.8,27.1,25.64,26.28,79642818.0,25.77
Microsoft,2004-12-01,26.95,27.44,26.68,26.72,84488054.0,26.21
Microsoft,2004-11-01,28.16,30.2,26.1,26.81,86446079.0,26.29
Microsoft,2004-10-01,27.82,28.89,27.55,27.97,65742918.0,24.61
Microsoft,2004-09-01,27.23,27.79,26.74,27.65,57725252.0,24.33
Microsoft,2004-08-02,28.27,28.55,26.85,27.3,52104636.0,24.02
Microsoft,2004-07-01,28.7,29.89,27.25,28.49,76666657.0,25.0
Microsoft,2004-06-01,26.13,28.8,25.86,28.56,77068290.0,25.06
Microsoft,2004-05-03,26.19,26.6,25.42,26.23,58942495.0,23.01
Microsoft,2004-04-01,24.95,27.72,24.85,26.13,77386665.0,22.93
Microsoft,2004-03-01,26.63,26.72,24.01,24.93,77111922.0,21.87
Microsoft,2004-02-02,27.61,27.8,26.35,26.53,57385900.0,23.28
Microsoft,2004-01-02,27.58,28.83,27.26,27.65,63635885.0,24.26
Microsoft,2003-12-01,25.9,27.55,25.5,27.37,69030008.0,24.01
Microsoft,2003-11-03,26.35,26.75,24.84,25.71,77670488.0,22.56
Microsoft,2003-10-01,28.03,29.46,25.91,26.14,63898095.0,22.94
Microsoft,2003-09-02,26.7,30.0,26.47,27.8,62697275.0,24.26
Microsoft,2003-08-01,26.33,26.95,25.43,26.52,47667137.0,23.14
Microsoft,2003-07-01,25.59,27.81,25.39,26.41,61659808.0,23.04
Microsoft,2003-06-02,24.98,26.51,23.6,25.64,77050900.0,22.37
Microsoft,2003-05-01,25.54,26.5,23.89,24.61,66480971.0,21.47
Microsoft,2003-04-01,24.46,26.43,23.95,25.57,62151643.0,22.31
Microsoft,2003-03-03,24.02,26.8,22.55,24.21,68727932.0,21.12
Microsoft,2003-02-03,47.93,49.1,23.3,23.7,73871379.0,20.68
Microsoft,2003-01-02,52.3,57.32,47.03,47.46,86929552.0,20.64
Microsoft,2002-12-02,58.65,58.96,51.26,51.7,63170428.0,22.48
Microsoft,2002-11-01,52.43,58.64,51.9,57.68,79219509.0,25.08
Microsoft,2002-10-01,44.32,54.07,43.19,53.47,112232365.0,23.25
Microsoft,2002-09-03,48.52,51.1,43.11,43.74,90564140.0,19.02
Microsoft,2002-08-01,47.58,53.45,43.8,49.08,80631618.0,21.34
Microsoft,2002-07-01,54.12,54.93,41.41,47.98,114821072.0,20.86
Microsoft,2002-06-03,50.99,56.44,49.17,54.7,96181429.0,23.79
Microsoft,2002-05-01,52.16,56.44,48.35,50.91,67578827.0,22.14
Microsoft,2002-04-01,59.83,60.4,51.44,52.26,67948336.0,22.73
Microsoft,2002-03-01,59.05,65.0,58.31,60.31,55857270.0,26.23
Microsoft,2002-02-01,64.15,64.5,57.15,58.34,63117221.0,25.37
Microsoft,2002-01-02,66.65,70.62,61.33,63.71,68080095.0,27.7
Microsoft,2001-12-03,63.83,69.89,63.8,66.25,51004760.0,28.81
Microsoft,2001-11-01,60.08,68.34,59.6,64.21,65676323.0,27.92
Microsoft,2001-10-01,50.94,63.63,50.41,58.15,78938739.0,25.29
Microsoft,2001-09-04,57.19,59.08,47.5,51.17,108497707.0,22.25
Microsoft,2001-08-01,66.8,67.54,56.3,57.05,52686834.0,24.81
Microsoft,2001-07-02,72.05,73.15,64.2,66.19,72106314.0,28.78
Microsoft,2001-06-01,69.6,76.15,66.01,73.0,73498171.0,31.74
Microsoft,2001-05-01,67.66,72.15,67.25,69.18,83999472.0,30.08
Microsoft,2001-04-02,54.81,71.1,51.06,67.75,107508760.0,29.46
Microsoft,2001-03-01,58.56,61.13,49.75,54.69,90297790.0,23.78
Microsoft,2001-02-01,60.81,65.06,53.88,59.0,85342315.0,25.66
Microsoft,2001-01-02,44.13,64.75,42.88,61.06,99401428.0,26.55
Microsoft,2000-12-01,58.06,60.63,40.31,43.38,107832289.0,18.86
Microsoft,2000-11-01,68.5,72.37,57.0,57.38,103841114.0,24.95
Microsoft,2000-10-02,60.5,70.12,48.44,68.87,116994982.0,29.95
Microsoft,2000-09-01,70.0,72.06,58.63,60.31,74979370.0,26.23
Microsoft,2000-08-01,69.94,74.87,68.12,69.81,56172834.0,30.36
Microsoft,2000-07-03,79.69,82.87,67.25,69.81,65223480.0,30.36
Microsoft,2000-06-01,64.37,82.19,63.81,80.0,69063936.0,34.79
Microsoft,2000-05-01,72.87,74.0,60.38,62.56,63609045.0,27.2
Microsoft,2000-04-03,94.44,96.5,65.0,69.75,122959432.0,30.33
Microsoft,2000-03-01,89.62,115.0,88.94,106.25,90976912.0,46.2
Microsoft,2000-02-01,98.5,110.0,88.12,89.37,69646250.0,38.86
Microsoft,2000-01-03,117.37,118.62,94.87,97.87,67403470.0,42.56
Microsoft,1999-12-01,91.06,119.94,90.87,116.75,57886154.0,50.77
Microsoft,1999-11-01,93.25,94.5,84.37,91.05,72828647.0,39.59
Microsoft,1999-10-01,90.19,95.25,85.06,92.56,54369380.0,40.25
Microsoft,1999-09-01,92.31,97.87,88.81,90.56,48796619.0,39.38
Microsoft,1999-08-02,85.69,96.37,81.62,92.56,63403500.0,40.25
Microsoft,1999-07-01,89.87,100.75,85.5,85.81,56944219.0,37.31
Microsoft,1999-06-01,80.62,90.25,76.12,90.19,42956490.0,39.22
Microsoft,1999-05-03,81.44,81.81,75.5,80.69,58290250.0,35.09
Microsoft,1999-04-01,91.25,95.62,79.87,81.31,58198000.0,35.36
Microsoft,1999-03-01,149.56,180.38,87.87,89.62,70789678.0,38.97
Microsoft,1999-02-01,175.44,175.94,143.98,150.13,87282968.0,32.64
Microsoft,1999-01-04,139.61,175.13,136.0,175.0,81688968.0,38.05
Microsoft,1998-12-01,120.25,144.0,120.12,138.69,51152563.0,30.15
Microsoft,1998-11-02,106.37,130.27,104.75,122.0,61680340.0,26.53
Microsoft,1998-10-01,108.06,110.12,87.75,105.87,77380545.0,23.02
Microsoft,1998-09-01,95.25,114.62,94.5,110.06,58628571.0,23.93
Microsoft,1998-08-03,109.12,113.75,95.75,95.94,70606190.0,20.86
Microsoft,1998-07-01,109.12,119.62,105.37,109.94,58318327.0,23.9
Microsoft,1998-06-01,83.87,108.56,83.12,108.37,59552836.0,23.56
Microsoft,1998-05-01,90.19,91.0,81.87,84.81,56473680.0,18.44
Microsoft,1998-04-01,89.81,99.12,86.62,90.12,51116704.0,19.59
Microsoft,1998-03-02,85.87,90.94,79.25,89.5,51732036.0,19.46
Microsoft,1998-02-02,151.75,160.06,79.37,84.75,76292147.0,18.43
Microsoft,1998-01-02,129.63,150.13,124.37,149.19,76808960.0,16.22
Microsoft,1997-12-01,141.94,146.63,118.0,129.25,67425963.0,14.05
Microsoft,1997-11-03,131.63,142.25,129.0,141.5,49124378.0,15.38
Microsoft,1997-10-01,132.5,139.63,123.5,130.0,68703895.0,14.13
Microsoft,1997-09-02,133.13,140.25,130.63,132.31,57024190.0,14.38
Microsoft,1997-08-01,141.38,144.63,131.0,132.19,57472761.0,14.37
Microsoft,1997-07-01,126.44,150.75,123.25,141.38,78917563.0,15.37
Microsoft,1997-06-02,125.0,134.94,118.25,126.37,48022666.0,13.74
Microsoft,1997-05-01,122.0,129.06,114.87,124.0,65770133.0,13.48
Microsoft,1997-04-01,90.12,122.62,89.75,121.5,90802545.0,13.21
Microsoft,1997-03-03,97.0,101.0,87.62,91.69,78573200.0,9.97
Microsoft,1997-02-03,102.62,103.5,94.0,97.5,72398147.0,10.6
Microsoft,1997-01-02,83.12,103.25,80.75,102.0,75104436.0,11.09
Microsoft,1996-12-02,157.5,159.5,76.37,82.62,71113828.0,8.98
Microsoft,1996-11-01,137.25,158.0,136.5,156.88,81906000.0,8.53
Microsoft,1996-10-01,131.75,139.13,130.88,137.25,59898434.0,7.46
Microsoft,1996-09-03,122.0,138.63,120.62,131.88,69450480.0,7.17
Microsoft,1996-08-01,117.87,126.12,117.37,122.5,53270545.0,6.66
Microsoft,1996-07-01,120.25,122.87,107.5,117.87,101509890.0,6.41
Microsoft,1996-06-03,118.75,125.87,116.25,120.12,66605120.0,6.53
Microsoft,1996-05-01,112.87,120.0,109.62,118.75,56708509.0,6.45
Microsoft,1996-04-01,103.14,113.87,99.62,113.25,65463085.0,6.16
Microsoft,1996-03-01,98.37,107.06,94.62,103.12,83450438.0,5.61
Microsoft,1996-02-01,92.25,103.62,92.0,98.69,84932640.0,5.36
Microsoft,1996-01-02,87.87,93.25,79.87,92.5,96608654.0,5.03
Microsoft,1995-12-01,87.12,94.75,85.12,87.75,85297840.0,4.77
Microsoft,1995-11-01,100.12,101.0,84.25,87.12,93544380.0,4.74
Microsoft,1995-10-02,90.5,103.37,80.37,100.0,105458836.0,5.44
Microsoft,1995-09-01,91.75,97.87,83.37,90.5,85874400.0,4.92
Microsoft,1995-08-01,90.75,100.75,87.0,92.5,94326539.0,5.03
Microsoft,1995-07-03,90.87,109.25,88.5,90.5,121614720.0,4.92
Microsoft,1995-06-01,85.0,92.37,81.75,90.37,60169600.0,4.91
Microsoft,1995-05-01,81.87,89.5,78.87,84.69,66036218.0,4.6
Microsoft,1995-04-03,71.0,82.12,68.75,81.75,73246063.0,4.44
Microsoft,1995-03-01,63.13,74.12,62.75,71.12,64295860.0,3.87
Microsoft,1995-02-01,59.38,63.25,58.38,63.0,55326400.0,3.42
Microsoft,1995-01-03,61.5,65.25,58.25,59.38,55788342.0,3.23
Microsoft,1994-12-01,62.63,64.25,58.75,61.13,51430476.0,3.32
Microsoft,1994-11-01,62.75,65.12,60.75,62.88,50724800.0,3.42
Microsoft,1994-10-03,56.13,63.75,53.88,63.0,60337523.0,3.42
Microsoft,1994-09-01,57.0,58.25,54.88,56.13,47593219.0,3.05
Microsoft,1994-08-01,51.63,59.25,51.5,58.13,58781147.0,3.16
Microsoft,1994-07-01,51.63,51.75,46.88,51.5,79751520.0,2.8
Microsoft,1994-06-01,53.5,54.63,49.25,51.63,112728290.0,2.81
Microsoft,1994-05-02,92.75,99.25,48.5,53.75,81232990.0,2.92
Microsoft,1994-04-04,82.5,95.25,82.0,92.5,101490694.0,2.51
Microsoft,1994-03-01,83.0,89.25,79.75,84.75,63035130.0,2.3
Microsoft,1994-02-01,85.0,85.75,78.0,82.5,74958652.0,2.24
Microsoft,1994-01-03,80.5,87.0,79.25,85.12,61724647.0,2.31
Microsoft,1993-12-01,80.5,86.5,79.25,80.62,43535418.0,2.19
Microsoft,1993-11-01,80.25,83.0,76.0,80.0,48127085.0,2.17
Microsoft,1993-10-01,82.5,85.75,78.0,80.12,67171200.0,2.18
Microsoft,1993-09-01,75.25,84.25,73.25,82.5,57183847.0,2.24
Microsoft,1993-08-02,74.75,79.25,70.37,75.12,89295563.0,2.04
Microsoft,1993-07-01,88.25,88.5,72.0,74.0,106730971.0,2.01
Microsoft,1993-06-01,93.0,98.0,86.75,88.0,57846981.0,2.39
Microsoft,1993-05-03,85.5,95.5,84.5,92.62,66979200.0,2.52
Microsoft,1993-04-01,92.5,94.75,79.75,85.5,64069485.0,2.32
Microsoft,1993-03-01,83.75,94.25,81.25,92.5,59896486.0,2.51
Microsoft,1993-02-01,86.25,90.25,76.75,83.37,83061894.0,2.27
Microsoft,1993-01-04,85.0,94.0,84.5,86.5,72537760.0,2.35
Microsoft,1992-12-01,92.75,94.0,85.25,85.37,52917236.0,2.32
Microsoft,1992-11-02,89.0,95.0,87.25,93.12,63120640.0,2.53
Microsoft,1992-10-01,80.0,90.25,75.75,88.75,53259927.0,2.41
Microsoft,1992-09-01,74.0,82.0,73.25,80.5,50607847.0,2.19
Microsoft,1992-08-03,72.75,75.0,68.0,74.5,43570285.0,2.02
Microsoft,1992-07-01,70.25,74.75,65.5,72.75,58204945.0,1.98
Microsoft,1992-06-01,120.5,124.5,65.75,70.0,75038109.0,1.9
Microsoft,1992-05-01,110.5,122.25,109.25,121.0,57956800.0,2.19
Microsoft,1992-04-01,117.25,129.25,107.0,110.25,106419809.0,2.0
Microsoft,1992-03-02,123.75,130.25,116.75,118.5,58679854.0,2.15
Microsoft,1992-02-03,118.25,129.0,113.0,123.5,76436210.0,2.24
Microsoft,1992-01-02,110.75,133.25,109.5,120.25,69039418.0,2.18
Microsoft,1991-12-02,96.25,112.0,96.0,111.25,40441295.0,2.02
Microsoft,1991-11-01,93.5,101.75,90.75,97.25,45387360.0,1.76
Microsoft,1991-10-01,89.0,95.25,86.25,93.87,47956452.0,1.7
Microsoft,1991-09-03,85.0,90.0,80.0,89.0,43088160.0,1.61
Microsoft,1991-08-01,73.75,86.75,71.75,85.25,59235345.0,1.54
Microsoft,1991-07-01,68.75,74.0,60.5,73.5,77222400.0,1.33
Microsoft,1991-06-03,109.5,114.75,65.5,68.12,67844640.0,1.23
Microsoft,1991-05-01,98.5,112.5,96.62,109.75,70202036.0,1.33
Microsoft,1991-04-01,106.0,117.5,96.0,99.0,95496000.0,1.2
Microsoft,1991-03-01,103.0,113.0,93.0,106.12,98149760.0,1.28
Microsoft,1991-02-01,99.0,109.0,97.25,103.75,96660378.0,1.25
Microsoft,1991-01-02,75.0,99.5,73.0,98.12,105961163.0,1.19
Microsoft,1990-12-03,73.25,76.75,70.5,75.25,49183680.0,0.91
Microsoft,1990-11-01,63.0,74.25,62.75,72.25,63108876.0,0.87
Microsoft,1990-10-01,64.75,68.5,53.5,63.75,98229565.0,0.77
Microsoft,1990-09-04,61.0,63.5,54.5,63.0,72041600.0,0.76
Microsoft,1990-08-01,66.25,67.25,50.75,61.5,88022956.0,0.74
Microsoft,1990-07-02,76.0,80.75,65.75,66.5,75773866.0,0.8
Microsoft,1990-06-01,73.25,77.75,71.0,76.0,57184152.0,0.92
Microsoft,1990-05-01,58.75,78.75,56.75,73.0,77462109.0,0.88
Microsoft,1990-04-02,109.75,122.0,55.63,58.0,62612800.0,0.7
Microsoft,1990-03-01,98.5,117.0,98.5,110.75,79749672.0,0.67
Microsoft,1990-02-01,92.5,100.5,92.25,98.75,77297010.0,0.6
Microsoft,1990-01-02,87.25,96.0,84.0,92.5,113358400.0,0.56
Microsoft,1989-12-01,87.12,88.25,75.0,87.0,76913920.0,0.53
Microsoft,1989-11-01,81.75,89.25,76.0,87.0,92717257.0,0.53
Microsoft,1989-10-02,68.25,86.0,68.0,81.75,121160872.0,0.49
Microsoft,1989-09-01,59.0,69.5,57.75,68.5,67441440.0,0.41
Microsoft,1989-08-01,54.75,60.5,54.0,58.75,60648208.0,0.35
Microsoft,1989-07-03,53.13,57.0,51.5,54.75,62716960.0,0.33
Microsoft,1989-06-01,60.25,60.75,51.25,53.0,51809454.0,0.32
Microsoft,1989-05-01,55.38,61.0,51.0,60.5,60905745.0,0.37
Microsoft,1989-04-03,50.0,56.5,47.5,55.88,60229280.0,0.34
Microsoft,1989-03-01,60.0,62.25,45.75,49.88,140382836.0,0.3
Microsoft,1989-02-01,59.5,64.75,58.5,59.5,97135663.0,0.36
Microsoft,1989-01-03,53.5,60.25,50.25,59.63,71435885.0,0.36
Microsoft,1988-12-01,47.5,54.25,47.0,53.25,52107733.0,0.32
Microsoft,1988-11-01,49.0,50.5,45.25,47.25,75909790.0,0.29
Microsoft,1988-10-03,51.25,54.0,47.75,49.0,74922361.0,0.3
Microsoft,1988-09-01,49.5,55.25,48.0,52.25,59705600.0,0.32
Microsoft,1988-08-01,59.75,60.0,47.75,50.0,84106991.0,0.3
Microsoft,1988-07-01,67.0,70.5,56.75,59.5,73024160.0,0.36
Microsoft,1988-06-01,58.25,67.5,57.75,67.0,55914909.0,0.4
Microsoft,1988-05-02,54.5,59.25,53.5,58.0,51287771.0,0.35
Microsoft,1988-04-04,56.0,58.75,52.75,54.5,60992800.0,0.33
Microsoft,1988-03-01,59.75,65.5,54.25,56.5,94083339.0,0.34
Microsoft,1988-02-01,56.75,60.75,49.75,59.38,72160480.0,0.36
Microsoft,1988-01-04,54.75,61.75,52.5,55.75,101674080.0,0.34
Microsoft,1987-12-01,44.5,56.0,40.0,54.25,83714909.0,0.33
Microsoft,1987-11-02,49.25,52.0,40.5,44.75,85716640.0,0.27
Microsoft,1987-10-01,66.25,79.25,37.25,49.75,169804509.0,0.3
Microsoft,1987-09-01,118.0,120.0,53.0,66.25,78122971.0,0.4
Microsoft,1987-08-03,94.0,121.25,91.25,118.75,100916571.0,0.36
Microsoft,1987-07-01,101.75,105.75,88.5,94.0,90916363.0,0.28
Microsoft,1987-06-01,115.25,115.25,96.25,102.0,80349381.0,0.31
Microsoft,1987-05-01,104.0,128.25,102.75,115.25,113621760.0,0.35
Microsoft,1987-04-01,96.75,109.0,90.5,104.0,105077485.0,0.31
Microsoft,1987-03-02,76.75,99.0,73.5,96.75,86757381.0,0.29
Microsoft,1987-02-02,73.12,79.5,66.5,76.75,98517221.0,0.23
Microsoft,1987-01-02,48.25,77.5,47.5,73.12,98369828.0,0.22
Microsoft,1986-12-01,49.75,50.0,45.25,48.25,33858327.0,0.15
Microsoft,1986-11-03,39.0,51.25,39.0,49.75,57646989.0,0.15
Microsoft,1986-10-01,28.25,40.25,27.5,38.75,70845495.0,0.12
Microsoft,1986-09-02,28.5,31.5,26.25,28.25,13824000.0,0.09
Microsoft,1986-08-01,28.5,30.75,27.25,28.5,13889828.0,0.09
