Term,Role
a,Conj
ah,Interj
aha,Interj
ahči,Interj
aja,Interj
ajej,Interj
ako,Conj
akoprav,Conj
akoravno,Conj
ala,Prep
ali,Conj
ali,Part
alo,Interj
amen,Interj
ampak,Conj
and,Conj
av,Interj
ačih,Interj
baje,Part
baš,Part
bilijardti,Adj
bilijonti,Adj
bin,Prep
biti,Verb
bla,Interj
blizu,Part
blizu,Prep
bliže,Prep
bližje,Prep
bljak,Interj
bodi,Conj
bodisi,Conj
bojda,Part
bravo,Interj
brez,Prep
bržda,Part
bržkone,Part
bržčas,Part
bumf,Interj
c,Num
ca.,Part
cc,Num
cca,Part
cca.,Part
ccc,Num
ccci,Num
cccii,Num
ccciii,Num
ccciv,Num
cccix,Num
cccl,Num
cccli,Num
ccclii,Num
cccliii,Num
cccliv,Num
ccclix,Num
ccclv,Num
ccclvi,Num
ccclvii,Num
ccclviii,Num
ccclx,Num
ccclxi,Num
ccclxii,Num
ccclxiii,Num
ccclxiv,Num
ccclxix,Num
ccclxv,Num
ccclxvi,Num
ccclxvii,Num
ccclxviii,Num
ccclxx,Num
ccclxxi,Num
ccclxxii,Num
ccclxxiii,Num
ccclxxiv,Num
ccclxxix,Num
ccclxxv,Num
ccclxxvi,Num
ccclxxvii,Num
ccclxxviii,Num
ccclxxx,Num
ccclxxxi,Num
ccclxxxii,Num
ccclxxxiii,Num
ccclxxxiv,Num
ccclxxxix,Num
ccclxxxv,Num
ccclxxxvi,Num
ccclxxxvii,Num
ccclxxxviii,Num
cccv,Num
cccvi,Num
cccvii,Num
cccviii,Num
cccx,Num
cccxc,Num
cccxci,Num
cccxcii,Num
cccxciii,Num
cccxciv,Num
cccxcix,Num
cccxcv,Num
cccxcvi,Num
cccxcvii,Num
cccxcviii,Num
cccxi,Num
cccxii,Num
cccxiii,Num
cccxiv,Num
cccxix,Num
cccxl,Num
cccxli,Num
cccxlii,Num
cccxliii,Num
cccxliv,Num
cccxlix,Num
cccxlv,Num
cccxlvi,Num
cccxlvii,Num
cccxlviii,Num
cccxv,Num
cccxvi,Num
cccxvii,Num
cccxviii,Num
cccxx,Num
cccxxi,Num
cccxxii,Num
cccxxiii,Num
cccxxiv,Num
cccxxix,Num
cccxxv,Num
cccxxvi,Num
cccxxvii,Num
cccxxviii,Num
cccxxx,Num
cccxxxi,Num
cccxxxii,Num
cccxxxiii,Num
cccxxxiv,Num
cccxxxix,Num
cccxxxv,Num
cccxxxvi,Num
cccxxxvii,Num
cccxxxviii,Num
cci,Num
ccii,Num
cciii,Num
cciv,Num
ccix,Num
ccl,Num
ccli,Num
cclii,Num
ccliii,Num
ccliv,Num
cclix,Num
cclv,Num
cclvi,Num
cclvii,Num
cclviii,Num
cclx,Num
cclxi,Num
cclxii,Num
cclxiii,Num
cclxiv,Num
cclxix,Num
cclxv,Num
cclxvi,Num
cclxvii,Num
cclxviii,Num
cclxx,Num
cclxxi,Num
cclxxii,Num
cclxxiii,Num
cclxxiv,Num
cclxxix,Num
cclxxv,Num
cclxxvi,Num
cclxxvii,Num
cclxxviii,Num
cclxxx,Num
cclxxxi,Num
cclxxxii,Num
cclxxxiii,Num
cclxxxiv,Num
cclxxxix,Num
cclxxxv,Num
cclxxxvi,Num
cclxxxvii,Num
cclxxxviii,Num
ccv,Num
ccvi,Num
ccvii,Num
ccviii,Num
ccx,Num
ccxc,Num
ccxci,Num
ccxcii,Num
ccxciii,Num
ccxciv,Num
ccxcix,Num
ccxcv,Num
ccxcvi,Num
ccxcvii,Num
ccxcviii,Num
ccxi,Num
ccxii,Num
ccxiii,Num
ccxiv,Num
ccxix,Num
ccxl,Num
ccxli,Num
ccxlii,Num
ccxliii,Num
ccxliv,Num
ccxlix,Num
ccxlv,Num
ccxlvi,Num
ccxlvii,Num
ccxlviii,Num
ccxv,Num
ccxvi,Num
ccxvii,Num
ccxviii,Num
ccxx,Num
ccxxi,Num
ccxxii,Num
ccxxiii,Num
ccxxiv,Num
ccxxix,Num
ccxxv,Num
ccxxvi,Num
ccxxvii,Num
ccxxviii,Num
ccxxx,Num
ccxxxi,Num
ccxxxii,Num
ccxxxiii,Num
ccxxxiv,Num
ccxxxix,Num
ccxxxv,Num
ccxxxvi,Num
ccxxxvii,Num
ccxxxviii,Num
cd,Num
cdi,Num
cdii,Num
cdiii,Num
cdiv,Num
cdix,Num
cdl,Num
cdli,Num
cdlii,Num
cdliii,Num
cdliv,Num
cdlix,Num
cdlv,Num
cdlvi,Num
cdlvii,Num
cdlviii,Num
cdlx,Num
cdlxi,Num
cdlxii,Num
cdlxiii,Num
cdlxiv,Num
cdlxix,Num
cdlxv,Num
cdlxvi,Num
cdlxvii,Num
cdlxviii,Num
cdlxx,Num
cdlxxi,Num
cdlxxii,Num
cdlxxiii,Num
cdlxxiv,Num
cdlxxix,Num
cdlxxv,Num
cdlxxvi,Num
cdlxxvii,Num
cdlxxviii,Num
cdlxxx,Num
cdlxxxi,Num
cdlxxxii,Num
cdlxxxiii,Num
cdlxxxiv,Num
cdlxxxix,Num
cdlxxxv,Num
cdlxxxvi,Num
cdlxxxvii,Num
cdlxxxviii,Num
cdv,Num
cdvi,Num
cdvii,Num
cdviii,Num
cdx,Num
cdxc,Num
cdxci,Num
cdxcii,Num
cdxciii,Num
cdxciv,Num
cdxcix,Num
cdxcv,Num
cdxcvi,Num
cdxcvii,Num
cdxcviii,Num
cdxi,Num
cdxii,Num
cdxiii,Num
cdxiv,Num
cdxix,Num
cdxl,Num
cdxli,Num
cdxlii,Num
cdxliii,Num
cdxliv,Num
cdxlix,Num
cdxlv,Num
cdxlvi,Num
cdxlvii,Num
cdxlviii,Num
cdxv,Num
cdxvi,Num
cdxvii,Num
cdxviii,Num
cdxx,Num
cdxxi,Num
cdxxii,Num
cdxxiii,Num
cdxxiv,Num
cdxxix,Num
cdxxv,Num
cdxxvi,Num
cdxxvii,Num
cdxxviii,Num
cdxxx,Num
cdxxxi,Num
cdxxxii,Num
cdxxxiii,Num
cdxxxiv,Num
cdxxxix,Num
cdxxxv,Num
cdxxxvi,Num
cdxxxvii,Num
cdxxxviii,Num
celo,Part
ci,Num
cii,Num
ciii,Num
cirka,Part
civ,Num
cix,Num
cl,Num
cli,Num
clii,Num
cliii,Num
cliv,Num
clix,Num
clv,Num
clvi,Num
clvii,Num
clviii,Num
clx,Num
clxi,Num
clxii,Num
clxiii,Num
clxiv,Num
clxix,Num
clxv,Num
clxvi,Num
clxvii,Num
clxviii,Num
clxx,Num
clxxi,Num
clxxii,Num
clxxiii,Num
clxxiv,Num
clxxix,Num
clxxv,Num
clxxvi,Num
clxxvii,Num
clxxviii,Num
clxxx,Num
clxxxi,Num
clxxxii,Num
clxxxiii,Num
clxxxiv,Num
clxxxix,Num
clxxxv,Num
clxxxvi,Num
clxxxvii,Num
clxxxviii,Num
cm,Num
cmi,Num
cmii,Num
cmiii,Num
cmiv,Num
cmix,Num
cml,Num
cmli,Num
cmlii,Num
cmliii,Num
cmliv,Num
cmlix,Num
cmlv,Num
cmlvi,Num
cmlvii,Num
cmlviii,Num
cmlx,Num
cmlxi,Num
cmlxii,Num
cmlxiii,Num
cmlxiv,Num
cmlxix,Num
cmlxv,Num
cmlxvi,Num
cmlxvii,Num
cmlxviii,Num
cmlxx,Num
cmlxxi,Num
cmlxxii,Num
cmlxxiii,Num
cmlxxiv,Num
cmlxxix,Num
cmlxxv,Num
cmlxxvi,Num
cmlxxvii,Num
cmlxxviii,Num
cmlxxx,Num
cmlxxxi,Num
cmlxxxii,Num
cmlxxxiii,Num
cmlxxxiv,Num
cmlxxxix,Num
cmlxxxv,Num
cmlxxxvi,Num
cmlxxxvii,Num
cmlxxxviii,Num
cmv,Num
cmvi,Num
cmvii,Num
cmviii,Num
cmx,Num
cmxc,Num
cmxci,Num
cmxcii,Num
cmxciii,Num
cmxciv,Num
cmxcix,Num
cmxcv,Num
cmxcvi,Num
cmxcvii,Num
cmxcviii,Num
cmxi,Num
cmxii,Num
cmxiii,Num
cmxiv,Num
cmxix,Num
cmxl,Num
cmxli,Num
cmxlii,Num
cmxliii,Num
cmxliv,Num
cmxlix,Num
cmxlv,Num
cmxlvi,Num
cmxlvii,Num
cmxlviii,Num
cmxv,Num
cmxvi,Num
cmxvii,Num
cmxviii,Num
cmxx,Num
cmxxi,Num
cmxxii,Num
cmxxiii,Num
cmxxiv,Num
cmxxix,Num
cmxxv,Num
cmxxvi,Num
cmxxvii,Num
cmxxviii,Num
cmxxx,Num
cmxxxi,Num
cmxxxii,Num
cmxxxiii,Num
cmxxxiv,Num
cmxxxix,Num
cmxxxv,Num
cmxxxvi,Num
cmxxxvii,Num
cmxxxviii,Num
cop,Interj
cv,Num
cvi,Num
cvii,Num
cviii,Num
cx,Num
cxc,Num
cxci,Num
cxcii,Num
cxciii,Num
cxciv,Num
cxcix,Num
cxcv,Num
cxcvi,Num
cxcvii,Num
cxcviii,Num
cxi,Num
cxii,Num
cxiii,Num
cxiv,Num
cxix,Num
cxl,Num
cxli,Num
cxlii,Num
cxliii,Num
cxliv,Num
cxlix,Num
cxlv,Num
cxlvi,Num
cxlvii,Num
cxlviii,Num
cxv,Num
cxvi,Num
cxvii,Num
cxviii,Num
cxx,Num
cxxi,Num
cxxii,Num
cxxiii,Num
cxxiv,Num
cxxix,Num
cxxv,Num
cxxvi,Num
cxxvii,Num
cxxviii,Num
cxxx,Num
cxxxi,Num
cxxxii,Num
cxxxiii,Num
cxxxiv,Num
cxxxix,Num
cxxxv,Num
cxxxvi,Num
cxxxvii,Num
cxxxviii,Num
d,Num
da,Conj
da,Interj
da,Prep
dasi,Conj
dasiprav,Conj
dasiravno,Conj
dc,Num
dcc,Num
dccc,Num
dccci,Num
dcccii,Num
dccciii,Num
dccciv,Num
dcccix,Num
dcccl,Num
dcccli,Num
dccclii,Num
dcccliii,Num
dcccliv,Num
dccclix,Num
dccclv,Num
dccclvi,Num
dccclvii,Num
dccclviii,Num
dccclx,Num
dccclxi,Num
dccclxii,Num
dccclxiii,Num
dccclxiv,Num
dccclxix,Num
dccclxv,Num
dccclxvi,Num
dccclxvii,Num
dccclxviii,Num
dccclxx,Num
dccclxxi,Num
dccclxxii,Num
dccclxxiii,Num
dccclxxiv,Num
dccclxxix,Num
dccclxxv,Num
dccclxxvi,Num
dccclxxvii,Num
dccclxxviii,Num
dccclxxx,Num
dccclxxxi,Num
dccclxxxii,Num
dccclxxxiii,Num
dccclxxxiv,Num
dccclxxxix,Num
dccclxxxv,Num
dccclxxxvi,Num
dccclxxxvii,Num
dccclxxxviii,Num
dcccv,Num
dcccvi,Num
dcccvii,Num
dcccviii,Num
dcccx,Num
dcccxc,Num
dcccxci,Num
dcccxcii,Num
dcccxciii,Num
dcccxciv,Num
dcccxcix,Num
dcccxcv,Num
dcccxcvi,Num
dcccxcvii,Num
dcccxcviii,Num
dcccxi,Num
dcccxii,Num
dcccxiii,Num
dcccxiv,Num
dcccxix,Num
dcccxl,Num
dcccxli,Num
dcccxlii,Num
dcccxliii,Num
dcccxliv,Num
dcccxlix,Num
dcccxlv,Num
dcccxlvi,Num
dcccxlvii,Num
dcccxlviii,Num
dcccxv,Num
dcccxvi,Num
dcccxvii,Num
dcccxviii,Num
dcccxx,Num
dcccxxi,Num
dcccxxii,Num
dcccxxiii,Num
dcccxxiv,Num
dcccxxix,Num
dcccxxv,Num
dcccxxvi,Num
dcccxxvii,Num
dcccxxviii,Num
dcccxxx,Num
dcccxxxi,Num
dcccxxxii,Num
dcccxxxiii,Num
dcccxxxiv,Num
dcccxxxix,Num
dcccxxxv,Num
dcccxxxvi,Num
dcccxxxvii,Num
dcccxxxviii,Num
dcci,Num
dccii,Num
dcciii,Num
dcciv,Num
dccix,Num
dccl,Num
dccli,Num
dcclii,Num
dccliii,Num
dccliv,Num
dcclix,Num
dcclv,Num
dcclvi,Num
dcclvii,Num
dcclviii,Num
dcclx,Num
dcclxi,Num
dcclxii,Num
dcclxiii,Num
dcclxiv,Num
dcclxix,Num
dcclxv,Num
dcclxvi,Num
dcclxvii,Num
dcclxviii,Num
dcclxx,Num
dcclxxi,Num
dcclxxii,Num
dcclxxiii,Num
dcclxxiv,Num
dcclxxix,Num
dcclxxv,Num
dcclxxvi,Num
dcclxxvii,Num
dcclxxviii,Num
dcclxxx,Num
dcclxxxi,Num
dcclxxxii,Num
dcclxxxiii,Num
dcclxxxiv,Num
dcclxxxix,Num
dcclxxxv,Num
dcclxxxvi,Num
dcclxxxvii,Num
dcclxxxviii,Num
dccv,Num
dccvi,Num
dccvii,Num
dccviii,Num
dccx,Num
dccxc,Num
dccxci,Num
dccxcii,Num
dccxciii,Num
dccxciv,Num
dccxcix,Num
dccxcv,Num
dccxcvi,Num
dccxcvii,Num
dccxcviii,Num
dccxi,Num
dccxii,Num
dccxiii,Num
dccxiv,Num
dccxix,Num
dccxl,Num
dccxli,Num
dccxlii,Num
dccxliii,Num
dccxliv,Num
dccxlix,Num
dccxlv,Num
dccxlvi,Num
dccxlvii,Num
dccxlviii,Num
dccxv,Num
dccxvi,Num
dccxvii,Num
dccxviii,Num
dccxx,Num
dccxxi,Num
dccxxii,Num
dccxxiii,Num
dccxxiv,Num
dccxxix,Num
dccxxv,Num
dccxxvi,Num
dccxxvii,Num
dccxxviii,Num
dccxxx,Num
dccxxxi,Num
dccxxxii,Num
dccxxxiii,Num
dccxxxiv,Num
dccxxxix,Num
dccxxxv,Num
dccxxxvi,Num
dccxxxvii,Num
dccxxxviii,Num
dci,Num
dcii,Num
dciii,Num
dciv,Num
dcix,Num
dcl,Num
dcli,Num
dclii,Num
dcliii,Num
dcliv,Num
dclix,Num
dclv,Num
dclvi,Num
dclvii,Num
dclviii,Num
dclx,Num
dclxi,Num
dclxii,Num
dclxiii,Num
dclxiv,Num
dclxix,Num
dclxv,Num
dclxvi,Num
dclxvii,Num
dclxviii,Num
dclxx,Num
dclxxi,Num
dclxxii,Num
dclxxiii,Num
dclxxiv,Num
dclxxix,Num
dclxxv,Num
dclxxvi,Num
dclxxvii,Num
dclxxviii,Num
dclxxx,Num
dclxxxi,Num
dclxxxii,Num
dclxxxiii,Num
dclxxxiv,Num
dclxxxix,Num
dclxxxv,Num
dclxxxvi,Num
dclxxxvii,Num
dclxxxviii,Num
dcv,Num
dcvi,Num
dcvii,Num
dcviii,Num
dcx,Num
dcxc,Num
dcxci,Num
dcxcii,Num
dcxciii,Num
dcxciv,Num
dcxcix,Num
dcxcv,Num
dcxcvi,Num
dcxcvii,Num
dcxcviii,Num
dcxi,Num
dcxii,Num
dcxiii,Num
dcxiv,Num
dcxix,Num
dcxl,Num
dcxli,Num
dcxlii,Num
dcxliii,Num
dcxliv,Num
dcxlix,Num
dcxlv,Num
dcxlvi,Num
dcxlvii,Num
dcxlviii,Num
dcxv,Num
dcxvi,Num
dcxvii,Num
dcxviii,Num
dcxx,Num
dcxxi,Num
dcxxii,Num
dcxxiii,Num
dcxxiv,Num
dcxxix,Num
dcxxv,Num
dcxxvi,Num
dcxxvii,Num
dcxxviii,Num
dcxxx,Num
dcxxxi,Num
dcxxxii,Num
dcxxxiii,Num
dcxxxiv,Num
dcxxxix,Num
dcxxxv,Num
dcxxxvi,Num
dcxxxvii,Num
dcxxxviii,Num
de,Prep
del,Prep
delno,Part
deloma,Part
den,Prep
denimo,Part
der,Prep
deset,Num
deseter,Adj
deseteren,Adj
deseti,Adj
desetkraten,Adj
devet,Num
devetdeset,Num
devetdeseter,Adj
devetdeseteren,Adj
devetdeseti,Adj
devetdesetkraten,Adj
deveter,Adj
deveteren,Adj
deveti,Adj
devetindevetdeset,Num
devetindevetdeseter,Adj
devetindevetdeseteren,Adj
devetindevetdeseti,Adj
devetindevetdesetkraten,Adj
devetindvajset,Num
devetindvajseter,Adj
devetindvajseteren,Adj
devetindvajseti,Adj
devetindvajsetkraten,Adj
devetinosemdeset,Num
devetinosemdeseter,Adj
devetinosemdeseteren,Adj
devetinosemdeseti,Adj
devetinosemdesetkraten,Adj
devetinpetdeset,Num
devetinpetdeseter,Adj
devetinpetdeseteren,Adj
devetinpetdeseti,Adj
devetinpetdesetkraten,Adj
devetinsedemdeset,Num
devetinsedemdeseter,Adj
devetinsedemdeseteren,Adj
devetinsedemdeseti,Adj
devetinsedemdesetkraten,Adj
devetintrideset,Num
devetintrideseter,Adj
devetintrideseteren,Adj
devetintrideseti,Adj
devetintridesetkraten,Adj
devetinšestdeset,Num
devetinšestdeseter,Adj
devetinšestdeseteren,Adj
devetinšestdeseti,Adj
devetinšestdesetkraten,Adj
devetinštirideset,Num
devetinštirideseter,Adj
devetinštirideseteren,Adj
devetinštirideseti,Adj
devetinštiridesetkraten,Adj
devetkraten,Adj
devetnajst,Num
devetnajster,Adj
devetnajsteren,Adj
devetnajsti,Adj
devetnajstkraten,Adj
devetsto,Num
devetstodeseti,Adj
devetstodevetdeseti,Adj
devetstodeveti,Adj
devetstodevetindevetdeseti,Adj
devetstodevetindvajseti,Adj
devetstodevetinosemdeseti,Adj
devetstodevetinpetdeseti,Adj
devetstodevetinsedemdeseti,Adj
devetstodevetintrideseti,Adj
devetstodevetinšestdeseti,Adj
devetstodevetinštirideseti,Adj
devetstodevetnajsti,Adj
devetstodevetstoti,Adj
devetstodrugi,Adj
devetstodvaindevetdeseti,Adj
devetstodvaindvajseti,Adj
devetstodvainosemdeseti,Adj
devetstodvainpetdeseti,Adj
devetstodvainsedemdeseti,Adj
devetstodvaintrideseti,Adj
devetstodvainšestdeseti,Adj
devetstodvainštirideseti,Adj
devetstodvajseti,Adj
devetstodvanajsti,Adj
devetstodvestoti,Adj
devetstoenaindevetdeseti,Adj
devetstoenaindvajseti,Adj
devetstoenainosemdeseti,Adj
devetstoenainpetdeseti,Adj
devetstoenainsedemdeseti,Adj
devetstoenaintrideseti,Adj
devetstoenainšestdeseti,Adj
devetstoenainštirideseti,Adj
devetstoenajsti,Adj
devetstokraten,Adj
devetstoosemdeseti,Adj
devetstoosemindevetdeseti,Adj
devetstoosemindvajseti,Adj
devetstooseminosemdeseti,Adj
devetstooseminpetdeseti,Adj
devetstooseminsedemdeseti,Adj
devetstoosemintrideseti,Adj
devetstooseminšestdeseti,Adj
devetstooseminštirideseti,Adj
devetstoosemnajsti,Adj
devetstoosemstoti,Adj
devetstoosmi,Adj
devetstopetdeseti,Adj
devetstopeti,Adj
devetstopetindevetdeseti,Adj
devetstopetindvajseti,Adj
devetstopetinosemdeseti,Adj
devetstopetinpetdeseti,Adj
devetstopetinsedemdeseti,Adj
devetstopetintrideseti,Adj
devetstopetinšestdeseti,Adj
devetstopetinštirideseti,Adj
devetstopetnajsti,Adj
devetstopetstoti,Adj
devetstoprvi,Adj
devetstosedemdeseti,Adj
devetstosedemindevetdeseti,Adj
devetstosedemindvajseti,Adj
devetstosedeminosemdeseti,Adj
devetstosedeminpetdeseti,Adj
devetstosedeminsedemdeseti,Adj
devetstosedemintrideseti,Adj
devetstosedeminšestdeseti,Adj
devetstosedeminštirideseti,Adj
devetstosedemnajsti,Adj
devetstosedemstoti,Adj
devetstosedmi,Adj
devetstoter,Adj
devetstoteren,Adj
devetstoti,Adj
devetstotretji,Adj
devetstotrideseti,Adj
devetstotriindevetdeseti,Adj
devetstotriindvajseti,Adj
devetstotriinosemdeseti,Adj
devetstotriinpetdeseti,Adj
devetstotriinsedemdeseti,Adj
devetstotriintrideseti,Adj
devetstotriinšestdeseti,Adj
devetstotriinštirideseti,Adj
devetstotrinajsti,Adj
devetstotristoti,Adj
devetstočetrti,Adj
devetstošestdeseti,Adj
devetstošesti,Adj
devetstošestindevetdeseti,Adj
devetstošestindvajseti,Adj
devetstošestinosemdeseti,Adj
devetstošestinpetdeseti,Adj
devetstošestinsedemdeseti,Adj
devetstošestintrideseti,Adj
devetstošestinšestdeseti,Adj
devetstošestinštirideseti,Adj
devetstošestnajsti,Adj
devetstošeststoti,Adj
devetstoštirideseti,Adj
devetstoštiriindevetdeseti,Adj
devetstoštiriindvajseti,Adj
devetstoštiriinosemdeseti,Adj
devetstoštiriinpetdeseti,Adj
devetstoštiriinsedemdeseti,Adj
devetstoštiriintrideseti,Adj
devetstoštiriinšestdeseti,Adj
devetstoštiriinštirideseti,Adj
devetstoštirinajsti,Adj
devetstoštiristoti,Adj
di,Num
di,Prep
dii,Num
diii,Num
div,Num
dix,Num
dl,Num
dli,Num
dlii,Num
dliii,Num
dliv,Num
dlix,Num
dlv,Num
dlvi,Num
dlvii,Num
dlviii,Num
dlx,Num
dlxi,Num
dlxii,Num
dlxiii,Num
dlxiv,Num
dlxix,Num
dlxv,Num
dlxvi,Num
dlxvii,Num
dlxviii,Num
dlxx,Num
dlxxi,Num
dlxxii,Num
dlxxiii,Num
dlxxiv,Num
dlxxix,Num
dlxxv,Num
dlxxvi,Num
dlxxvii,Num
dlxxviii,Num
dlxxx,Num
dlxxxi,Num
dlxxxii,Num
dlxxxiii,Num
dlxxxiv,Num
dlxxxix,Num
dlxxxv,Num
dlxxxvi,Num
dlxxxvii,Num
dlxxxviii,Num
do,Conj
do,Part
do,Prep
dokler,Conj
domala,Part
domnevno,Part
dočim,Conj
drgač,Conj
drug,Pron
drugače,Conj
drugačen,Pron
drugi,Adj
du,Prep
dv,Num
dva,Num
dvaindevetdeset,Num
dvaindevetdeseter,Adj
dvaindevetdeseteren,Adj
dvaindevetdeseti,Adj
dvaindevetdesetkraten,Adj
dvaindvajset,Num
dvaindvajseter,Adj
dvaindvajseteren,Adj
dvaindvajseti,Adj
dvaindvajsetkraten,Adj
dvainosemdeset,Num
dvainosemdeseter,Adj
dvainosemdeseteren,Adj
dvainosemdeseti,Adj
dvainosemdesetkraten,Adj
dvainpetdeset,Num
dvainpetdeseter,Adj
dvainpetdeseteren,Adj
dvainpetdeseti,Adj
dvainpetdesetkraten,Adj
dvainsedemdeset,Num
dvainsedemdeseter,Adj
dvainsedemdeseteren,Adj
dvainsedemdeseti,Adj
dvainsedemdesetkraten,Adj
dvaintrideset,Num
dvaintrideseter,Adj
dvaintrideseteren,Adj
dvaintrideseti,Adj
dvaintridesetkraten,Adj
dvainšestdeset,Num
dvainšestdeseter,Adj
dvainšestdeseteren,Adj
dvainšestdeseti,Adj
dvainšestdesetkraten,Adj
dvainštirideset,Num
dvainštirideseter,Adj
dvainštirideseteren,Adj
dvainštirideseti,Adj
dvainštiridesetkraten,Adj
dvajset,Num
dvajseter,Adj
dvajseteren,Adj
dvajseti,Adj
dvajsetkraten,Adj
dvakraten,Adj
dvanajst,Num
dvanajster,Adj
dvanajsteren,Adj
dvanajsti,Adj
dvanajstkraten,Adj
dvesto,Num
dvestodeseti,Adj
dvestodevetdeseti,Adj
dvestodeveti,Adj
dvestodevetindevetdeseti,Adj
dvestodevetindvajseti,Adj
dvestodevetinosemdeseti,Adj
dvestodevetinpetdeseti,Adj
dvestodevetinsedemdeseti,Adj
dvestodevetintrideseti,Adj
dvestodevetinšestdeseti,Adj
dvestodevetinštirideseti,Adj
dvestodevetnajsti,Adj
dvestodevetstoti,Adj
dvestodrugi,Adj
dvestodvaindevetdeseti,Adj
dvestodvaindvajseti,Adj
dvestodvainosemdeseti,Adj
dvestodvainpetdeseti,Adj
dvestodvainsedemdeseti,Adj
dvestodvaintrideseti,Adj
dvestodvainšestdeseti,Adj
dvestodvainštirideseti,Adj
dvestodvajseti,Adj
dvestodvanajsti,Adj
dvestodvestoti,Adj
dvestoenaindevetdeseti,Adj
dvestoenaindvajseti,Adj
dvestoenainosemdeseti,Adj
dvestoenainpetdeseti,Adj
dvestoenainsedemdeseti,Adj
dvestoenaintrideseti,Adj
dvestoenainšestdeseti,Adj
dvestoenainštirideseti,Adj
dvestoenajsti,Adj
dvestokraten,Adj
dvestoosemdeseti,Adj
dvestoosemindevetdeseti,Adj
dvestoosemindvajseti,Adj
dvestooseminosemdeseti,Adj
dvestooseminpetdeseti,Adj
dvestooseminsedemdeseti,Adj
dvestoosemintrideseti,Adj
dvestooseminšestdeseti,Adj
dvestooseminštirideseti,Adj
dvestoosemnajsti,Adj
dvestoosemstoti,Adj
dvestoosmi,Adj
dvestopetdeseti,Adj
dvestopeti,Adj
dvestopetindevetdeseti,Adj
dvestopetindvajseti,Adj
dvestopetinosemdeseti,Adj
dvestopetinpetdeseti,Adj
dvestopetinsedemdeseti,Adj
dvestopetintrideseti,Adj
dvestopetinšestdeseti,Adj
dvestopetinštirideseti,Adj
dvestopetnajsti,Adj
dvestopetstoti,Adj
dvestoprvi,Adj
dvestosedemdeseti,Adj
dvestosedemindevetdeseti,Adj
dvestosedemindvajseti,Adj
dvestosedeminosemdeseti,Adj
dvestosedeminpetdeseti,Adj
dvestosedeminsedemdeseti,Adj
dvestosedemintrideseti,Adj
dvestosedeminšestdeseti,Adj
dvestosedeminštirideseti,Adj
dvestosedemnajsti,Adj
dvestosedemstoti,Adj
dvestosedmi,Adj
dvestoter,Adj
dvestoteren,Adj
dvestoti,Adj
dvestotretji,Adj
dvestotrideseti,Adj
dvestotriindevetdeseti,Adj
dvestotriindvajseti,Adj
dvestotriinosemdeseti,Adj
dvestotriinpetdeseti,Adj
dvestotriinsedemdeseti,Adj
dvestotriintrideseti,Adj
dvestotriinšestdeseti,Adj
dvestotriinštirideseti,Adj
dvestotrinajsti,Adj
dvestotristoti,Adj
dvestočetrti,Adj
dvestošestdeseti,Adj
dvestošesti,Adj
dvestošestindevetdeseti,Adj
dvestošestindvajseti,Adj
dvestošestinosemdeseti,Adj
dvestošestinpetdeseti,Adj
dvestošestinsedemdeseti,Adj
dvestošestintrideseti,Adj
dvestošestinšestdeseti,Adj
dvestošestinštirideseti,Adj
dvestošestnajsti,Adj
dvestošeststoti,Adj
dvestoštirideseti,Adj
dvestoštiriindevetdeseti,Adj
dvestoštiriindvajseti,Adj
dvestoštiriinosemdeseti,Adj
dvestoštiriinpetdeseti,Adj
dvestoštiriinsedemdeseti,Adj
dvestoštiriintrideseti,Adj
dvestoštiriinšestdeseti,Adj
dvestoštiriinštirideseti,Adj
dvestoštirinajsti,Adj
dvestoštiristoti,Adj
dvi,Num
dvii,Num
dviii,Num
dvoj,Adj
dvojen,Adj
dx,Num
dxc,Num
dxci,Num
dxcii,Num
dxciii,Num
dxciv,Num
dxcix,Num
dxcv,Num
dxcvi,Num
dxcvii,Num
dxcviii,Num
dxi,Num
dxii,Num
dxiii,Num
dxiv,Num
dxix,Num
dxl,Num
dxli,Num
dxlii,Num
dxliii,Num
dxliv,Num
dxlix,Num
dxlv,Num
dxlvi,Num
dxlvii,Num
dxlviii,Num
dxv,Num
dxvi,Num
dxvii,Num
dxviii,Num
dxx,Num
dxxi,Num
dxxii,Num
dxxiii,Num
dxxiv,Num
dxxix,Num
dxxv,Num
dxxvi,Num
dxxvii,Num
dxxviii,Num
dxxx,Num
dxxxi,Num
dxxxii,Num
dxxxiii,Num
dxxxiv,Num
dxxxix,Num
dxxxv,Num
dxxxvi,Num
dxxxvii,Num
dxxxviii,Num
edino,Part
edino,Pron
edinole,Part
eh,Interj
ej,Interj
ejga,Interj
en,Num
en,Pron
enaindevetdeset,Num
enaindevetdeseter,Adj
enaindevetdeseteren,Adj
enaindevetdeseti,Adj
enaindevetdesetkraten,Adj
enaindvajset,Num
enaindvajseter,Adj
enaindvajseteren,Adj
enaindvajseti,Adj
enaindvajsetkraten,Adj
enainosemdeset,Num
enainosemdeseter,Adj
enainosemdeseteren,Adj
enainosemdeseti,Adj
enainosemdesetkraten,Adj
enainpetdeset,Num
enainpetdeseter,Adj
enainpetdeseteren,Adj
enainpetdeseti,Adj
enainpetdesetkraten,Adj
enainsedemdeset,Num
enainsedemdeseter,Adj
enainsedemdeseteren,Adj
enainsedemdeseti,Adj
enainsedemdesetkraten,Adj
enaintrideset,Num
enaintrideseter,Adj
enaintrideseteren,Adj
enaintrideseti,Adj
enaintridesetkraten,Adj
enainšestdeset,Num
enainšestdeseter,Adj
enainšestdeseteren,Adj
enainšestdeseti,Adj
enainšestdesetkraten,Adj
enainštirideset,Num
enainštirideseter,Adj
enainštirideseteren,Adj
enainštirideseti,Adj
enainštiridesetkraten,Adj
enajst,Num
enajster,Adj
enajsteren,Adj
enajsti,Adj
enajstkraten,Adj
enak,Pron
enkraten,Adj
enoj,Adj
enojen,Adj
es,Prep
et,Conj
evo,Interj
fak,Interj
fej,Interj
fuj,Interj
glede,Prep
glih,Part
ha,Interj
haha,Interj
hahaha,Interj
he,Interj
hehe,Interj
hej,Interj
hja,Interj
hm,Interj
hmm,Interj
ho,Interj
hoj,Interj
hojla,Interj
hop,Interj
hopla,Interj
hov,Interj
hozana,Interj
huh,Interj
hura,Interj
hvalabogu,Interj
i,Num
ii,Num
iii,Num
in,Conj
inu,Conj
isti,Pron
itak,Part
iv,Num
ix,Num
iz,Prep
izključno,Part
izmed,Prep
iznad,Prep
izpod,Prep
izpred,Prep
izven,Prep
izvzemši,Prep
izza,Prep
ja,Interj
jah,Interj
jao,Interj
jaz,Pron
jebemti,Interj
jebenti,Interj
jebiga,Interj
jeh,Interj
jej,Interj
jejmene,Interj
ježeš,Interj
ježešna,Interj
ježešta,Interj
ježeštana,Interj
joj,Interj
jojme,Interj
jojmene,Interj
juhej,Interj
juhuhu,Interj
k,Prep
kadar,Conj
kaj,Pron
kajne,Part
kajneda,Part
kajpada,Part
kajpak,Part
kajti,Conj
kak,Pron
kako,Conj
kakopak,Part
kakor,Conj
kakor,Part
kakor,Prep
kakršen,Pron
kakršenkoli,Pron
kakšen,Pron
kam,Conj
kamor,Conj
kao,Part
kar,Part
kar,Pron
karkoli,Pron
kasneje,Prep
katere,Pron
katerega,Pron
kateri,Pron
katerih,Pron
katerikoli,Pron
katerič,Conj
kdaj,Conj
kdo,Pron
kdor,Pron
kdorkoli,Pron
ker,Conj
ki,Conj
kje,Conj
kjer,Conj
kljub,Prep
ko,Conj
ko,Prep
koder,Conj
kogar,Pron
koji,Pron
koli,Part
kolik,Pron
koliko,Conj
koliko,Pron
kolikokrat,Conj
kolikor,Conj
kolikor,Pron
kolikšen,Pron
komaj,Part
komajda,Part
komej,Part
koncem,Prep
konec,Prep
končno,Part
kot,Conj
kot,Part
kot,Prep
kraj,Prep
kratkomalo,Part
križem,Prep
krog,Prep
kvečjemu,Part
l,Num
la,Interj
le,Part
le,Prep
li,Num
lii,Num
liii,Num
liv,Num
lix,Num
lv,Num
lvi,Num
lvii,Num
lviii,Num
lx,Num
lxi,Num
lxii,Num
lxiii,Num
lxiv,Num
lxix,Num
lxv,Num
lxvi,Num
lxvii,Num
lxviii,Num
lxx,Num
lxxi,Num
lxxii,Num
lxxiii,Num
lxxiv,Num
lxxix,Num
lxxv,Num
lxxvi,Num
lxxvii,Num
lxxviii,Num
lxxx,Num
lxxxi,Num
lxxxii,Num
lxxxiii,Num
lxxxiv,Num
lxxxix,Num
lxxxv,Num
lxxxvi,Num
lxxxvii,Num
lxxxviii,Num
m,Num
madonca,Interj
magari,Conj
magari,Part
malodane,Part
malokaj,Pron
malokateri,Pron
malokdo,Pron
malone,Part
manj,Part
mar,Part
marsi,Part
marsikaj,Pron
marsikakšen,Pron
marsikateri,Pron
marsikdo,Pron
marsičigav,Pron
marveč,Conj
mc,Num
mcc,Num
mccc,Num
mccci,Num
mcccii,Num
mccciii,Num
mccciv,Num
mcccix,Num
mcccl,Num
mcccli,Num
mccclii,Num
mcccliii,Num
mcccliv,Num
mccclix,Num
mccclv,Num
mccclvi,Num
mccclvii,Num
mccclviii,Num
mccclx,Num
mccclxi,Num
mccclxii,Num
mccclxiii,Num
mccclxiv,Num
mccclxix,Num
mccclxv,Num
mccclxvi,Num
mccclxvii,Num
mccclxviii,Num
mccclxx,Num
mccclxxi,Num
mccclxxii,Num
mccclxxiii,Num
mccclxxiv,Num
mccclxxix,Num
mccclxxv,Num
mccclxxvi,Num
mccclxxvii,Num
mccclxxviii,Num
mccclxxx,Num
mccclxxxi,Num
mccclxxxii,Num
mccclxxxiii,Num
mccclxxxiv,Num
mccclxxxix,Num
mccclxxxv,Num
mccclxxxvi,Num
mccclxxxvii,Num
mccclxxxviii,Num
mcccv,Num
mcccvi,Num
mcccvii,Num
mcccviii,Num
mcccx,Num
mcccxc,Num
mcccxci,Num
mcccxcii,Num
mcccxciii,Num
mcccxciv,Num
mcccxcix,Num
mcccxcv,Num
mcccxcvi,Num
mcccxcvii,Num
mcccxcviii,Num
mcccxi,Num
mcccxii,Num
mcccxiii,Num
mcccxiv,Num
mcccxix,Num
mcccxl,Num
mcccxli,Num
mcccxlii,Num
mcccxliii,Num
mcccxliv,Num
mcccxlix,Num
mcccxlv,Num
mcccxlvi,Num
mcccxlvii,Num
mcccxlviii,Num
mcccxv,Num
mcccxvi,Num
mcccxvii,Num
mcccxviii,Num
mcccxx,Num
mcccxxi,Num
mcccxxii,Num
mcccxxiii,Num
mcccxxiv,Num
mcccxxix,Num
mcccxxv,Num
mcccxxvi,Num
mcccxxvii,Num
mcccxxviii,Num
mcccxxx,Num
mcccxxxi,Num
mcccxxxii,Num
mcccxxxiii,Num
mcccxxxiv,Num
mcccxxxix,Num
mcccxxxv,Num
mcccxxxvi,Num
mcccxxxvii,Num
mcccxxxviii,Num
mcci,Num
mccii,Num
mcciii,Num
mcciv,Num
mccix,Num
mccl,Num
mccli,Num
mcclii,Num
mccliii,Num
mccliv,Num
mcclix,Num
mcclv,Num
mcclvi,Num
mcclvii,Num
mcclviii,Num
mcclx,Num
mcclxi,Num
mcclxii,Num
mcclxiii,Num
mcclxiv,Num
mcclxix,Num
mcclxv,Num
mcclxvi,Num
mcclxvii,Num
mcclxviii,Num
mcclxx,Num
mcclxxi,Num
mcclxxii,Num
mcclxxiii,Num
mcclxxiv,Num
mcclxxix,Num
mcclxxv,Num
mcclxxvi,Num
mcclxxvii,Num
mcclxxviii,Num
mcclxxx,Num
mcclxxxi,Num
mcclxxxii,Num
mcclxxxiii,Num
mcclxxxiv,Num
mcclxxxix,Num
mcclxxxv,Num
mcclxxxvi,Num
mcclxxxvii,Num
mcclxxxviii,Num
mccv,Num
mccvi,Num
mccvii,Num
mccviii,Num
mccx,Num
mccxc,Num
mccxci,Num
mccxcii,Num
mccxciii,Num
mccxciv,Num
mccxcix,Num
mccxcv,Num
mccxcvi,Num
mccxcvii,Num
mccxcviii,Num
mccxi,Num
mccxii,Num
mccxiii,Num
mccxiv,Num
mccxix,Num
mccxl,Num
mccxli,Num
mccxlii,Num
mccxliii,Num
mccxliv,Num
mccxlix,Num
mccxlv,Num
mccxlvi,Num
mccxlvii,Num
mccxlviii,Num
mccxv,Num
mccxvi,Num
mccxvii,Num
mccxviii,Num
mccxx,Num
mccxxi,Num
mccxxii,Num
mccxxiii,Num
mccxxiv,Num
mccxxix,Num
mccxxv,Num
mccxxvi,Num
mccxxvii,Num
mccxxviii,Num
mccxxx,Num
mccxxxi,Num
mccxxxii,Num
mccxxxiii,Num
mccxxxiv,Num
mccxxxix,Num
mccxxxv,Num
mccxxxvi,Num
mccxxxvii,Num
mccxxxviii,Num
mcd,Num
mcdi,Num
mcdii,Num
mcdiii,Num
mcdiv,Num
mcdix,Num
mcdl,Num
mcdli,Num
mcdlii,Num
mcdliii,Num
mcdliv,Num
mcdlix,Num
mcdlv,Num
mcdlvi,Num
mcdlvii,Num
mcdlviii,Num
mcdlx,Num
mcdlxi,Num
mcdlxii,Num
mcdlxiii,Num
mcdlxiv,Num
mcdlxix,Num
mcdlxv,Num
mcdlxvi,Num
mcdlxvii,Num
mcdlxviii,Num
mcdlxx,Num
mcdlxxi,Num
mcdlxxii,Num
mcdlxxiii,Num
mcdlxxiv,Num
mcdlxxix,Num
mcdlxxv,Num
mcdlxxvi,Num
mcdlxxvii,Num
mcdlxxviii,Num
mcdlxxx,Num
mcdlxxxi,Num
mcdlxxxii,Num
mcdlxxxiii,Num
mcdlxxxiv,Num
mcdlxxxix,Num
mcdlxxxv,Num
mcdlxxxvi,Num
mcdlxxxvii,Num
mcdlxxxviii,Num
mcdv,Num
mcdvi,Num
mcdvii,Num
mcdviii,Num
mcdx,Num
mcdxc,Num
mcdxci,Num
mcdxcii,Num
mcdxciii,Num
mcdxciv,Num
mcdxcix,Num
mcdxcv,Num
mcdxcvi,Num
mcdxcvii,Num
mcdxcviii,Num
mcdxi,Num
mcdxii,Num
mcdxiii,Num
mcdxiv,Num
mcdxix,Num
mcdxl,Num
mcdxli,Num
mcdxlii,Num
mcdxliii,Num
mcdxliv,Num
mcdxlix,Num
mcdxlv,Num
mcdxlvi,Num
mcdxlvii,Num
mcdxlviii,Num
mcdxv,Num
mcdxvi,Num
mcdxvii,Num
mcdxviii,Num
mcdxx,Num
mcdxxi,Num
mcdxxii,Num
mcdxxiii,Num
mcdxxiv,Num
mcdxxix,Num
mcdxxv,Num
mcdxxvi,Num
mcdxxvii,Num
mcdxxviii,Num
mcdxxx,Num
mcdxxxi,Num
mcdxxxii,Num
mcdxxxiii,Num
mcdxxxiv,Num
mcdxxxix,Num
mcdxxxv,Num
mcdxxxvi,Num
mcdxxxvii,Num
mcdxxxviii,Num
mci,Num
mcii,Num
mciii,Num
mciv,Num
mcix,Num
mcl,Num
mcli,Num
mclii,Num
mcliii,Num
mcliv,Num
mclix,Num
mclv,Num
mclvi,Num
mclvii,Num
mclviii,Num
mclx,Num
mclxi,Num
mclxii,Num
mclxiii,Num
mclxiv,Num
mclxix,Num
mclxv,Num
mclxvi,Num
mclxvii,Num
mclxviii,Num
mclxx,Num
mclxxi,Num
mclxxii,Num
mclxxiii,Num
mclxxiv,Num
mclxxix,Num
mclxxv,Num
mclxxvi,Num
mclxxvii,Num
mclxxviii,Num
mclxxx,Num
mclxxxi,Num
mclxxxii,Num
mclxxxiii,Num
mclxxxiv,Num
mclxxxix,Num
mclxxxv,Num
mclxxxvi,Num
mclxxxvii,Num
mclxxxviii,Num
mcm,Num
mcmi,Num
mcmii,Num
mcmiii,Num
mcmiv,Num
mcmix,Num
mcml,Num
mcmli,Num
mcmlii,Num
mcmliii,Num
mcmliv,Num
mcmlix,Num
mcmlv,Num
mcmlvi,Num
mcmlvii,Num
mcmlviii,Num
mcmlx,Num
mcmlxi,Num
mcmlxii,Num
mcmlxiii,Num
mcmlxiv,Num
mcmlxix,Num
mcmlxv,Num
mcmlxvi,Num
mcmlxvii,Num
mcmlxviii,Num
mcmlxx,Num
mcmlxxi,Num
mcmlxxii,Num
mcmlxxiii,Num
mcmlxxiv,Num
mcmlxxix,Num
mcmlxxv,Num
mcmlxxvi,Num
mcmlxxvii,Num
mcmlxxviii,Num
mcmlxxx,Num
mcmlxxxi,Num
mcmlxxxii,Num
mcmlxxxiii,Num
mcmlxxxiv,Num
mcmlxxxix,Num
mcmlxxxv,Num
mcmlxxxvi,Num
mcmlxxxvii,Num
mcmlxxxviii,Num
mcmv,Num
mcmvi,Num
mcmvii,Num
mcmviii,Num
mcmx,Num
mcmxc,Num
mcmxci,Num
mcmxcii,Num
mcmxciii,Num
mcmxciv,Num
mcmxcix,Num
mcmxcv,Num
mcmxcvi,Num
mcmxcvii,Num
mcmxcviii,Num
mcmxi,Num
mcmxii,Num
mcmxiii,Num
mcmxiv,Num
mcmxix,Num
mcmxl,Num
mcmxli,Num
mcmxlii,Num
mcmxliii,Num
mcmxliv,Num
mcmxlix,Num
mcmxlv,Num
mcmxlvi,Num
mcmxlvii,Num
mcmxlviii,Num
mcmxv,Num
mcmxvi,Num
mcmxvii,Num
mcmxviii,Num
mcmxx,Num
mcmxxi,Num
mcmxxii,Num
mcmxxiii,Num
mcmxxiv,Num
mcmxxix,Num
mcmxxv,Num
mcmxxvi,Num
mcmxxvii,Num
mcmxxviii,Num
mcmxxx,Num
mcmxxxi,Num
mcmxxxii,Num
mcmxxxiii,Num
mcmxxxiv,Num
mcmxxxix,Num
mcmxxxv,Num
mcmxxxvi,Num
mcmxxxvii,Num
mcmxxxviii,Num
mcv,Num
mcvi,Num
mcvii,Num
mcviii,Num
mcx,Num
mcxc,Num
mcxci,Num
mcxcii,Num
mcxciii,Num
mcxciv,Num
mcxcix,Num
mcxcv,Num
mcxcvi,Num
mcxcvii,Num
mcxcviii,Num
mcxi,Num
mcxii,Num
mcxiii,Num
mcxiv,Num
mcxix,Num
mcxl,Num
mcxli,Num
mcxlii,Num
mcxliii,Num
mcxliv,Num
mcxlix,Num
mcxlv,Num
mcxlvi,Num
mcxlvii,Num
mcxlviii,Num
mcxv,Num
mcxvi,Num
mcxvii,Num
mcxviii,Num
mcxx,Num
mcxxi,Num
mcxxii,Num
mcxxiii,Num
mcxxiv,Num
mcxxix,Num
mcxxv,Num
mcxxvi,Num
mcxxvii,Num
mcxxviii,Num
mcxxx,Num
mcxxxi,Num
mcxxxii,Num
mcxxxiii,Num
mcxxxiv,Num
mcxxxix,Num
mcxxxv,Num
mcxxxvi,Num
mcxxxvii,Num
mcxxxviii,Num
md,Num
mdc,Num
mdcc,Num
mdccc,Num
mdccci,Num
mdcccii,Num
mdccciii,Num
mdccciv,Num
mdcccix,Num
mdcccl,Num
mdcccli,Num
mdccclii,Num
mdcccliii,Num
mdcccliv,Num
mdccclix,Num
mdccclv,Num
mdccclvi,Num
mdccclvii,Num
mdccclviii,Num
mdccclx,Num
mdccclxi,Num
mdccclxii,Num
mdccclxiii,Num
mdccclxiv,Num
mdccclxix,Num
mdccclxv,Num
mdccclxvi,Num
mdccclxvii,Num
mdccclxviii,Num
mdccclxx,Num
mdccclxxi,Num
mdccclxxii,Num
mdccclxxiii,Num
mdccclxxiv,Num
mdccclxxix,Num
mdccclxxv,Num
mdccclxxvi,Num
mdccclxxvii,Num
mdccclxxviii,Num
mdccclxxx,Num
mdccclxxxi,Num
mdccclxxxii,Num
mdccclxxxiii,Num
mdccclxxxiv,Num
mdccclxxxix,Num
mdccclxxxv,Num
mdccclxxxvi,Num
mdccclxxxvii,Num
mdccclxxxviii,Num
mdcccv,Num
mdcccvi,Num
mdcccvii,Num
mdcccviii,Num
mdcccx,Num
mdcccxc,Num
mdcccxci,Num
mdcccxcii,Num
mdcccxciii,Num
mdcccxciv,Num
mdcccxcix,Num
mdcccxcv,Num
mdcccxcvi,Num
mdcccxcvii,Num
mdcccxcviii,Num
mdcccxi,Num
mdcccxii,Num
mdcccxiii,Num
mdcccxiv,Num
mdcccxix,Num
mdcccxl,Num
mdcccxli,Num
mdcccxlii,Num
mdcccxliii,Num
mdcccxliv,Num
mdcccxlix,Num
mdcccxlv,Num
mdcccxlvi,Num
mdcccxlvii,Num
mdcccxlviii,Num
mdcccxv,Num
mdcccxvi,Num
mdcccxvii,Num
mdcccxviii,Num
mdcccxx,Num
mdcccxxi,Num
mdcccxxii,Num
mdcccxxiii,Num
mdcccxxiv,Num
mdcccxxix,Num
mdcccxxv,Num
mdcccxxvi,Num
mdcccxxvii,Num
mdcccxxviii,Num
mdcccxxx,Num
mdcccxxxi,Num
mdcccxxxii,Num
mdcccxxxiii,Num
mdcccxxxiv,Num
mdcccxxxix,Num
mdcccxxxv,Num
mdcccxxxvi,Num
mdcccxxxvii,Num
mdcccxxxviii,Num
mdcci,Num
mdccii,Num
mdcciii,Num
mdcciv,Num
mdccix,Num
mdccl,Num
mdccli,Num
mdcclii,Num
mdccliii,Num
mdccliv,Num
mdcclix,Num
mdcclv,Num
mdcclvi,Num
mdcclvii,Num
mdcclviii,Num
mdcclx,Num
mdcclxi,Num
mdcclxii,Num
mdcclxiii,Num
mdcclxiv,Num
mdcclxix,Num
mdcclxv,Num
mdcclxvi,Num
mdcclxvii,Num
mdcclxviii,Num
mdcclxx,Num
mdcclxxi,Num
mdcclxxii,Num
mdcclxxiii,Num
mdcclxxiv,Num
mdcclxxix,Num
mdcclxxv,Num
mdcclxxvi,Num
mdcclxxvii,Num
mdcclxxviii,Num
mdcclxxx,Num
mdcclxxxi,Num
mdcclxxxii,Num
mdcclxxxiii,Num
mdcclxxxiv,Num
mdcclxxxix,Num
mdcclxxxv,Num
mdcclxxxvi,Num
mdcclxxxvii,Num
mdcclxxxviii,Num
mdccv,Num
mdccvi,Num
mdccvii,Num
mdccviii,Num
mdccx,Num
mdccxc,Num
mdccxci,Num
mdccxcii,Num
mdccxciii,Num
mdccxciv,Num
mdccxcix,Num
mdccxcv,Num
mdccxcvi,Num
mdccxcvii,Num
mdccxcviii,Num
mdccxi,Num
mdccxii,Num
mdccxiii,Num
mdccxiv,Num
mdccxix,Num
mdccxl,Num
mdccxli,Num
mdccxlii,Num
mdccxliii,Num
mdccxliv,Num
mdccxlix,Num
mdccxlv,Num
mdccxlvi,Num
mdccxlvii,Num
mdccxlviii,Num
mdccxv,Num
mdccxvi,Num
mdccxvii,Num
mdccxviii,Num
mdccxx,Num
mdccxxi,Num
mdccxxii,Num
mdccxxiii,Num
mdccxxiv,Num
mdccxxix,Num
mdccxxv,Num
mdccxxvi,Num
mdccxxvii,Num
mdccxxviii,Num
mdccxxx,Num
mdccxxxi,Num
mdccxxxii,Num
mdccxxxiii,Num
mdccxxxiv,Num
mdccxxxix,Num
mdccxxxv,Num
mdccxxxvi,Num
mdccxxxvii,Num
mdccxxxviii,Num
mdci,Num
mdcii,Num
mdciii,Num
mdciv,Num
mdcix,Num
mdcl,Num
mdcli,Num
mdclii,Num
mdcliii,Num
mdcliv,Num
mdclix,Num
mdclv,Num
mdclvi,Num
mdclvii,Num
mdclviii,Num
mdclx,Num
mdclxi,Num
mdclxii,Num
mdclxiii,Num
mdclxiv,Num
mdclxix,Num
mdclxv,Num
mdclxvi,Num
mdclxvii,Num
mdclxviii,Num
mdclxx,Num
mdclxxi,Num
mdclxxii,Num
mdclxxiii,Num
mdclxxiv,Num
mdclxxix,Num
mdclxxv,Num
mdclxxvi,Num
mdclxxvii,Num
mdclxxviii,Num
mdclxxx,Num
mdclxxxi,Num
mdclxxxii,Num
mdclxxxiii,Num
mdclxxxiv,Num
mdclxxxix,Num
mdclxxxv,Num
mdclxxxvi,Num
mdclxxxvii,Num
mdclxxxviii,Num
mdcv,Num
mdcvi,Num
mdcvii,Num
mdcviii,Num
mdcx,Num
mdcxc,Num
mdcxci,Num
mdcxcii,Num
mdcxciii,Num
mdcxciv,Num
mdcxcix,Num
mdcxcv,Num
mdcxcvi,Num
mdcxcvii,Num
mdcxcviii,Num
mdcxi,Num
mdcxii,Num
mdcxiii,Num
mdcxiv,Num
mdcxix,Num
mdcxl,Num
mdcxli,Num
mdcxlii,Num
mdcxliii,Num
mdcxliv,Num
mdcxlix,Num
mdcxlv,Num
mdcxlvi,Num
mdcxlvii,Num
mdcxlviii,Num
mdcxv,Num
mdcxvi,Num
mdcxvii,Num
mdcxviii,Num
mdcxx,Num
mdcxxi,Num
mdcxxii,Num
mdcxxiii,Num
mdcxxiv,Num
mdcxxix,Num
mdcxxv,Num
mdcxxvi,Num
mdcxxvii,Num
mdcxxviii,Num
mdcxxx,Num
mdcxxxi,Num
mdcxxxii,Num
mdcxxxiii,Num
mdcxxxiv,Num
mdcxxxix,Num
mdcxxxv,Num
mdcxxxvi,Num
mdcxxxvii,Num
mdcxxxviii,Num
mdi,Num
mdii,Num
mdiii,Num
mdiv,Num
mdix,Num
mdl,Num
mdli,Num
mdlii,Num
mdliii,Num
mdliv,Num
mdlix,Num
mdlv,Num
mdlvi,Num
mdlvii,Num
mdlviii,Num
mdlx,Num
mdlxi,Num
mdlxii,Num
mdlxiii,Num
mdlxiv,Num
mdlxix,Num
mdlxv,Num
mdlxvi,Num
mdlxvii,Num
mdlxviii,Num
mdlxx,Num
mdlxxi,Num
mdlxxii,Num
mdlxxiii,Num
mdlxxiv,Num
mdlxxix,Num
mdlxxv,Num
mdlxxvi,Num
mdlxxvii,Num
mdlxxviii,Num
mdlxxx,Num
mdlxxxi,Num
mdlxxxii,Num
mdlxxxiii,Num
mdlxxxiv,Num
mdlxxxix,Num
mdlxxxv,Num
mdlxxxvi,Num
mdlxxxvii,Num
mdlxxxviii,Num
mdr.,Part
mdv,Num
mdvi,Num
mdvii,Num
mdviii,Num
mdx,Num
mdxc,Num
mdxci,Num
mdxcii,Num
mdxciii,Num
mdxciv,Num
mdxcix,Num
mdxcv,Num
mdxcvi,Num
mdxcvii,Num
mdxcviii,Num
mdxi,Num
mdxii,Num
mdxiii,Num
mdxiv,Num
mdxix,Num
mdxl,Num
mdxli,Num
mdxlii,Num
mdxliii,Num
mdxliv,Num
mdxlix,Num
mdxlv,Num
mdxlvi,Num
mdxlvii,Num
mdxlviii,Num
mdxv,Num
mdxvi,Num
mdxvii,Num
mdxviii,Num
mdxx,Num
mdxxi,Num
mdxxii,Num
mdxxiii,Num
mdxxiv,Num
mdxxix,Num
mdxxv,Num
mdxxvi,Num
mdxxvii,Num
mdxxviii,Num
mdxxx,Num
mdxxxi,Num
mdxxxii,Num
mdxxxiii,Num
mdxxxiv,Num
mdxxxix,Num
mdxxxv,Num
mdxxxvi,Num
mdxxxvii,Num
mdxxxviii,Num
med,Prep
medme,Pron
medse,Pron
mejduš,Interj
menda,Part
mhm,Interj
mi,Num
mii,Num
miii,Num
mijav,Interj
milijardti,Adj
milijonti,Adj
mimo,Prep
minus,Part
miv,Num
mix,Num
mja,Interj
ml,Num
mli,Num
mlii,Num
mliii,Num
mliv,Num
mlix,Num
mlv,Num
mlvi,Num
mlvii,Num
mlviii,Num
mlx,Num
mlxi,Num
mlxii,Num
mlxiii,Num
mlxiv,Num
mlxix,Num
mlxv,Num
mlxvi,Num
mlxvii,Num
mlxviii,Num
mlxx,Num
mlxxi,Num
mlxxii,Num
mlxxiii,Num
mlxxiv,Num
mlxxix,Num
mlxxv,Num
mlxxvi,Num
mlxxvii,Num
mlxxviii,Num
mlxxx,Num
mlxxxi,Num
mlxxxii,Num
mlxxxiii,Num
mlxxxiv,Num
mlxxxix,Num
mlxxxv,Num
mlxxxvi,Num
mlxxxvii,Num
mlxxxviii,Num
mm,Num
mmc,Num
mmcc,Num
mmccc,Num
mmccci,Num
mmcccii,Num
mmccciii,Num
mmccciv,Num
mmcccix,Num
mmcccl,Num
mmcccli,Num
mmccclii,Num
mmcccliii,Num
mmcccliv,Num
mmccclix,Num
mmccclv,Num
mmccclvi,Num
mmccclvii,Num
mmccclviii,Num
mmccclx,Num
mmccclxi,Num
mmccclxii,Num
mmccclxiii,Num
mmccclxiv,Num
mmccclxix,Num
mmccclxv,Num
mmccclxvi,Num
mmccclxvii,Num
mmccclxviii,Num
mmccclxx,Num
mmccclxxi,Num
mmccclxxii,Num
mmccclxxiii,Num
mmccclxxiv,Num
mmccclxxix,Num
mmccclxxv,Num
mmccclxxvi,Num
mmccclxxvii,Num
mmccclxxviii,Num
mmccclxxx,Num
mmccclxxxi,Num
mmccclxxxii,Num
mmccclxxxiii,Num
mmccclxxxiv,Num
mmccclxxxix,Num
mmccclxxxv,Num
mmccclxxxvi,Num
mmccclxxxvii,Num
mmccclxxxviii,Num
mmcccv,Num
mmcccvi,Num
mmcccvii,Num
mmcccviii,Num
mmcccx,Num
mmcccxc,Num
mmcccxci,Num
mmcccxcii,Num
mmcccxciii,Num
mmcccxciv,Num
mmcccxcix,Num
mmcccxcv,Num
mmcccxcvi,Num
mmcccxcvii,Num
mmcccxcviii,Num
mmcccxi,Num
mmcccxii,Num
mmcccxiii,Num
mmcccxiv,Num
mmcccxix,Num
mmcccxl,Num
mmcccxli,Num
mmcccxlii,Num
mmcccxliii,Num
mmcccxliv,Num
mmcccxlix,Num
mmcccxlv,Num
mmcccxlvi,Num
mmcccxlvii,Num
mmcccxlviii,Num
mmcccxv,Num
mmcccxvi,Num
mmcccxvii,Num
mmcccxviii,Num
mmcccxx,Num
mmcccxxi,Num
mmcccxxii,Num
mmcccxxiii,Num
mmcccxxiv,Num
mmcccxxix,Num
mmcccxxv,Num
mmcccxxvi,Num
mmcccxxvii,Num
mmcccxxviii,Num
mmcccxxx,Num
mmcccxxxi,Num
mmcccxxxii,Num
mmcccxxxiii,Num
mmcccxxxiv,Num
mmcccxxxix,Num
mmcccxxxv,Num
mmcccxxxvi,Num
mmcccxxxvii,Num
mmcccxxxviii,Num
mmcci,Num
mmccii,Num
mmcciii,Num
mmcciv,Num
mmccix,Num
mmccl,Num
mmccli,Num
mmcclii,Num
mmccliii,Num
mmccliv,Num
mmcclix,Num
mmcclv,Num
mmcclvi,Num
mmcclvii,Num
mmcclviii,Num
mmcclx,Num
mmcclxi,Num
mmcclxii,Num
mmcclxiii,Num
mmcclxiv,Num
mmcclxix,Num
mmcclxv,Num
mmcclxvi,Num
mmcclxvii,Num
mmcclxviii,Num
mmcclxx,Num
mmcclxxi,Num
mmcclxxii,Num
mmcclxxiii,Num
mmcclxxiv,Num
mmcclxxix,Num
mmcclxxv,Num
mmcclxxvi,Num
mmcclxxvii,Num
mmcclxxviii,Num
mmcclxxx,Num
mmcclxxxi,Num
mmcclxxxii,Num
mmcclxxxiii,Num
mmcclxxxiv,Num
mmcclxxxix,Num
mmcclxxxv,Num
mmcclxxxvi,Num
mmcclxxxvii,Num
mmcclxxxviii,Num
mmccv,Num
mmccvi,Num
mmccvii,Num
mmccviii,Num
mmccx,Num
mmccxc,Num
mmccxci,Num
mmccxcii,Num
mmccxciii,Num
mmccxciv,Num
mmccxcix,Num
mmccxcv,Num
mmccxcvi,Num
mmccxcvii,Num
mmccxcviii,Num
mmccxi,Num
mmccxii,Num
mmccxiii,Num
mmccxiv,Num
mmccxix,Num
mmccxl,Num
mmccxli,Num
mmccxlii,Num
mmccxliii,Num
mmccxliv,Num
mmccxlix,Num
mmccxlv,Num
mmccxlvi,Num
mmccxlvii,Num
mmccxlviii,Num
mmccxv,Num
mmccxvi,Num
mmccxvii,Num
mmccxviii,Num
mmccxx,Num
mmccxxi,Num
mmccxxii,Num
mmccxxiii,Num
mmccxxiv,Num
mmccxxix,Num
mmccxxv,Num
mmccxxvi,Num
mmccxxvii,Num
mmccxxviii,Num
mmccxxx,Num
mmccxxxi,Num
mmccxxxii,Num
mmccxxxiii,Num
mmccxxxiv,Num
mmccxxxix,Num
mmccxxxv,Num
mmccxxxvi,Num
mmccxxxvii,Num
mmccxxxviii,Num
mmcd,Num
mmcdi,Num
mmcdii,Num
mmcdiii,Num
mmcdiv,Num
mmcdix,Num
mmcdl,Num
mmcdli,Num
mmcdlii,Num
mmcdliii,Num
mmcdliv,Num
mmcdlix,Num
mmcdlv,Num
mmcdlvi,Num
mmcdlvii,Num
mmcdlviii,Num
mmcdlx,Num
mmcdlxi,Num
mmcdlxii,Num
mmcdlxiii,Num
mmcdlxiv,Num
mmcdlxix,Num
mmcdlxv,Num
mmcdlxvi,Num
mmcdlxvii,Num
mmcdlxviii,Num
mmcdlxx,Num
mmcdlxxi,Num
mmcdlxxii,Num
mmcdlxxiii,Num
mmcdlxxiv,Num
mmcdlxxix,Num
mmcdlxxv,Num
mmcdlxxvi,Num
mmcdlxxvii,Num
mmcdlxxviii,Num
mmcdlxxx,Num
mmcdlxxxi,Num
mmcdlxxxii,Num
mmcdlxxxiii,Num
mmcdlxxxiv,Num
mmcdlxxxix,Num
mmcdlxxxv,Num
mmcdlxxxvi,Num
mmcdlxxxvii,Num
mmcdlxxxviii,Num
mmcdv,Num
mmcdvi,Num
mmcdvii,Num
mmcdviii,Num
mmcdx,Num
mmcdxc,Num
mmcdxci,Num
mmcdxcii,Num
mmcdxciii,Num
mmcdxciv,Num
mmcdxcix,Num
mmcdxcv,Num
mmcdxcvi,Num
mmcdxcvii,Num
mmcdxcviii,Num
mmcdxi,Num
mmcdxii,Num
mmcdxiii,Num
mmcdxiv,Num
mmcdxix,Num
mmcdxl,Num
mmcdxli,Num
mmcdxlii,Num
mmcdxliii,Num
mmcdxliv,Num
mmcdxlix,Num
mmcdxlv,Num
mmcdxlvi,Num
mmcdxlvii,Num
mmcdxlviii,Num
mmcdxv,Num
mmcdxvi,Num
mmcdxvii,Num
mmcdxviii,Num
mmcdxx,Num
mmcdxxi,Num
mmcdxxii,Num
mmcdxxiii,Num
mmcdxxiv,Num
mmcdxxix,Num
mmcdxxv,Num
mmcdxxvi,Num
mmcdxxvii,Num
mmcdxxviii,Num
mmcdxxx,Num
mmcdxxxi,Num
mmcdxxxii,Num
mmcdxxxiii,Num
mmcdxxxiv,Num
mmcdxxxix,Num
mmcdxxxv,Num
mmcdxxxvi,Num
mmcdxxxvii,Num
mmcdxxxviii,Num
mmci,Num
mmcii,Num
mmciii,Num
mmciv,Num
mmcix,Num
mmcl,Num
mmcli,Num
mmclii,Num
mmcliii,Num
mmcliv,Num
mmclix,Num
mmclv,Num
mmclvi,Num
mmclvii,Num
mmclviii,Num
mmclx,Num
mmclxi,Num
mmclxii,Num
mmclxiii,Num
mmclxiv,Num
mmclxix,Num
mmclxv,Num
mmclxvi,Num
mmclxvii,Num
mmclxviii,Num
mmclxx,Num
mmclxxi,Num
mmclxxii,Num
mmclxxiii,Num
mmclxxiv,Num
mmclxxix,Num
mmclxxv,Num
mmclxxvi,Num
mmclxxvii,Num
mmclxxviii,Num
mmclxxx,Num
mmclxxxi,Num
mmclxxxii,Num
mmclxxxiii,Num
mmclxxxiv,Num
mmclxxxix,Num
mmclxxxv,Num
mmclxxxvi,Num
mmclxxxvii,Num
mmclxxxviii,Num
mmcm,Num
mmcmi,Num
mmcmii,Num
mmcmiii,Num
mmcmiv,Num
mmcmix,Num
mmcml,Num
mmcmli,Num
mmcmlii,Num
mmcmliii,Num
mmcmliv,Num
mmcmlix,Num
mmcmlv,Num
mmcmlvi,Num
mmcmlvii,Num
mmcmlviii,Num
mmcmlx,Num
mmcmlxi,Num
mmcmlxii,Num
mmcmlxiii,Num
mmcmlxiv,Num
mmcmlxix,Num
mmcmlxv,Num
mmcmlxvi,Num
mmcmlxvii,Num
mmcmlxviii,Num
mmcmlxx,Num
mmcmlxxi,Num
mmcmlxxii,Num
mmcmlxxiii,Num
mmcmlxxiv,Num
mmcmlxxix,Num
mmcmlxxv,Num
mmcmlxxvi,Num
mmcmlxxvii,Num
mmcmlxxviii,Num
mmcmlxxx,Num
mmcmlxxxi,Num
mmcmlxxxii,Num
mmcmlxxxiii,Num
mmcmlxxxiv,Num
mmcmlxxxix,Num
mmcmlxxxv,Num
mmcmlxxxvi,Num
mmcmlxxxvii,Num
mmcmlxxxviii,Num
mmcmv,Num
mmcmvi,Num
mmcmvii,Num
mmcmviii,Num
mmcmx,Num
mmcmxc,Num
mmcmxci,Num
mmcmxcii,Num
mmcmxciii,Num
mmcmxciv,Num
mmcmxcix,Num
mmcmxcv,Num
mmcmxcvi,Num
mmcmxcvii,Num
mmcmxcviii,Num
mmcmxi,Num
mmcmxii,Num
mmcmxiii,Num
mmcmxiv,Num
mmcmxix,Num
mmcmxl,Num
mmcmxli,Num
mmcmxlii,Num
mmcmxliii,Num
mmcmxliv,Num
mmcmxlix,Num
mmcmxlv,Num
mmcmxlvi,Num
mmcmxlvii,Num
mmcmxlviii,Num
mmcmxv,Num
mmcmxvi,Num
mmcmxvii,Num
mmcmxviii,Num
mmcmxx,Num
mmcmxxi,Num
mmcmxxii,Num
mmcmxxiii,Num
mmcmxxiv,Num
mmcmxxix,Num
mmcmxxv,Num
mmcmxxvi,Num
mmcmxxvii,Num
mmcmxxviii,Num
mmcmxxx,Num
mmcmxxxi,Num
mmcmxxxii,Num
mmcmxxxiii,Num
mmcmxxxiv,Num
mmcmxxxix,Num
mmcmxxxv,Num
mmcmxxxvi,Num
mmcmxxxvii,Num
mmcmxxxviii,Num
mmcv,Num
mmcvi,Num
mmcvii,Num
mmcviii,Num
mmcx,Num
mmcxc,Num
mmcxci,Num
mmcxcii,Num
mmcxciii,Num
mmcxciv,Num
mmcxcix,Num
mmcxcv,Num
mmcxcvi,Num
mmcxcvii,Num
mmcxcviii,Num
mmcxi,Num
mmcxii,Num
mmcxiii,Num
mmcxiv,Num
mmcxix,Num
mmcxl,Num
mmcxli,Num
mmcxlii,Num
mmcxliii,Num
mmcxliv,Num
mmcxlix,Num
mmcxlv,Num
mmcxlvi,Num
mmcxlvii,Num
mmcxlviii,Num
mmcxv,Num
mmcxvi,Num
mmcxvii,Num
mmcxviii,Num
mmcxx,Num
mmcxxi,Num
mmcxxii,Num
mmcxxiii,Num
mmcxxiv,Num
mmcxxix,Num
mmcxxv,Num
mmcxxvi,Num
mmcxxvii,Num
mmcxxviii,Num
mmcxxx,Num
mmcxxxi,Num
mmcxxxii,Num
mmcxxxiii,Num
mmcxxxiv,Num
mmcxxxix,Num
mmcxxxv,Num
mmcxxxvi,Num
mmcxxxvii,Num
mmcxxxviii,Num
mmd,Num
mmdc,Num
mmdcc,Num
mmdccc,Num
mmdccci,Num
mmdcccii,Num
mmdccciii,Num
mmdccciv,Num
mmdcccix,Num
mmdcccl,Num
mmdcccli,Num
mmdccclii,Num
mmdcccliii,Num
mmdcccliv,Num
mmdccclix,Num
mmdccclv,Num
mmdccclvi,Num
mmdccclvii,Num
mmdccclviii,Num
mmdccclx,Num
mmdccclxi,Num
mmdccclxii,Num
mmdccclxiii,Num
mmdccclxiv,Num
mmdccclxix,Num
mmdccclxv,Num
mmdccclxvi,Num
mmdccclxvii,Num
mmdccclxviii,Num
mmdccclxx,Num
mmdccclxxi,Num
mmdccclxxii,Num
mmdccclxxiii,Num
mmdccclxxiv,Num
mmdccclxxix,Num
mmdccclxxv,Num
mmdccclxxvi,Num
mmdccclxxvii,Num
mmdccclxxviii,Num
mmdccclxxx,Num
mmdccclxxxi,Num
mmdccclxxxii,Num
mmdccclxxxiii,Num
mmdccclxxxiv,Num
mmdccclxxxix,Num
mmdccclxxxv,Num
mmdccclxxxvi,Num
mmdccclxxxvii,Num
mmdccclxxxviii,Num
mmdcccv,Num
mmdcccvi,Num
mmdcccvii,Num
mmdcccviii,Num
mmdcccx,Num
mmdcccxc,Num
mmdcccxci,Num
mmdcccxcii,Num
mmdcccxciii,Num
mmdcccxciv,Num
mmdcccxcix,Num
mmdcccxcv,Num
mmdcccxcvi,Num
mmdcccxcvii,Num
mmdcccxcviii,Num
mmdcccxi,Num
mmdcccxii,Num
mmdcccxiii,Num
mmdcccxiv,Num
mmdcccxix,Num
mmdcccxl,Num
mmdcccxli,Num
mmdcccxlii,Num
mmdcccxliii,Num
mmdcccxliv,Num
mmdcccxlix,Num
mmdcccxlv,Num
mmdcccxlvi,Num
mmdcccxlvii,Num
mmdcccxlviii,Num
mmdcccxv,Num
mmdcccxvi,Num
mmdcccxvii,Num
mmdcccxviii,Num
mmdcccxx,Num
mmdcccxxi,Num
mmdcccxxii,Num
mmdcccxxiii,Num
mmdcccxxiv,Num
mmdcccxxix,Num
mmdcccxxv,Num
mmdcccxxvi,Num
mmdcccxxvii,Num
mmdcccxxviii,Num
mmdcccxxx,Num
mmdcccxxxi,Num
mmdcccxxxii,Num
mmdcccxxxiii,Num
mmdcccxxxiv,Num
mmdcccxxxix,Num
mmdcccxxxv,Num
mmdcccxxxvi,Num
mmdcccxxxvii,Num
mmdcccxxxviii,Num
mmdcci,Num
mmdccii,Num
mmdcciii,Num
mmdcciv,Num
mmdccix,Num
mmdccl,Num
mmdccli,Num
mmdcclii,Num
mmdccliii,Num
mmdccliv,Num
mmdcclix,Num
mmdcclv,Num
mmdcclvi,Num
mmdcclvii,Num
mmdcclviii,Num
mmdcclx,Num
mmdcclxi,Num
mmdcclxii,Num
mmdcclxiii,Num
mmdcclxiv,Num
mmdcclxix,Num
mmdcclxv,Num
mmdcclxvi,Num
mmdcclxvii,Num
mmdcclxviii,Num
mmdcclxx,Num
mmdcclxxi,Num
mmdcclxxii,Num
mmdcclxxiii,Num
mmdcclxxiv,Num
mmdcclxxix,Num
mmdcclxxv,Num
mmdcclxxvi,Num
mmdcclxxvii,Num
mmdcclxxviii,Num
mmdcclxxx,Num
mmdcclxxxi,Num
mmdcclxxxii,Num
mmdcclxxxiii,Num
mmdcclxxxiv,Num
mmdcclxxxix,Num
mmdcclxxxv,Num
mmdcclxxxvi,Num
mmdcclxxxvii,Num
mmdcclxxxviii,Num
mmdccv,Num
mmdccvi,Num
mmdccvii,Num
mmdccviii,Num
mmdccx,Num
mmdccxc,Num
mmdccxci,Num
mmdccxcii,Num
mmdccxciii,Num
mmdccxciv,Num
mmdccxcix,Num
mmdccxcv,Num
mmdccxcvi,Num
mmdccxcvii,Num
mmdccxcviii,Num
mmdccxi,Num
mmdccxii,Num
mmdccxiii,Num
mmdccxiv,Num
mmdccxix,Num
mmdccxl,Num
mmdccxli,Num
mmdccxlii,Num
mmdccxliii,Num
mmdccxliv,Num
mmdccxlix,Num
mmdccxlv,Num
mmdccxlvi,Num
mmdccxlvii,Num
mmdccxlviii,Num
mmdccxv,Num
mmdccxvi,Num
mmdccxvii,Num
mmdccxviii,Num
mmdccxx,Num
mmdccxxi,Num
mmdccxxii,Num
mmdccxxiii,Num
mmdccxxiv,Num
mmdccxxix,Num
mmdccxxv,Num
mmdccxxvi,Num
mmdccxxvii,Num
mmdccxxviii,Num
mmdccxxx,Num
mmdccxxxi,Num
mmdccxxxii,Num
mmdccxxxiii,Num
mmdccxxxiv,Num
mmdccxxxix,Num
mmdccxxxv,Num
mmdccxxxvi,Num
mmdccxxxvii,Num
mmdccxxxviii,Num
mmdci,Num
mmdcii,Num
mmdciii,Num
mmdciv,Num
mmdcix,Num
mmdcl,Num
mmdcli,Num
mmdclii,Num
mmdcliii,Num
mmdcliv,Num
mmdclix,Num
mmdclv,Num
mmdclvi,Num
mmdclvii,Num
mmdclviii,Num
mmdclx,Num
mmdclxi,Num
mmdclxii,Num
mmdclxiii,Num
mmdclxiv,Num
mmdclxix,Num
mmdclxv,Num
mmdclxvi,Num
mmdclxvii,Num
mmdclxviii,Num
mmdclxx,Num
mmdclxxi,Num
mmdclxxii,Num
mmdclxxiii,Num
mmdclxxiv,Num
mmdclxxix,Num
mmdclxxv,Num
mmdclxxvi,Num
mmdclxxvii,Num
mmdclxxviii,Num
mmdclxxx,Num
mmdclxxxi,Num
mmdclxxxii,Num
mmdclxxxiii,Num
mmdclxxxiv,Num
mmdclxxxix,Num
mmdclxxxv,Num
mmdclxxxvi,Num
mmdclxxxvii,Num
mmdclxxxviii,Num
mmdcv,Num
mmdcvi,Num
mmdcvii,Num
mmdcviii,Num
mmdcx,Num
mmdcxc,Num
mmdcxci,Num
mmdcxcii,Num
mmdcxciii,Num
mmdcxciv,Num
mmdcxcix,Num
mmdcxcv,Num
mmdcxcvi,Num
mmdcxcvii,Num
mmdcxcviii,Num
mmdcxi,Num
mmdcxii,Num
mmdcxiii,Num
mmdcxiv,Num
mmdcxix,Num
mmdcxl,Num
mmdcxli,Num
mmdcxlii,Num
mmdcxliii,Num
mmdcxliv,Num
mmdcxlix,Num
mmdcxlv,Num
mmdcxlvi,Num
mmdcxlvii,Num
mmdcxlviii,Num
mmdcxv,Num
mmdcxvi,Num
mmdcxvii,Num
mmdcxviii,Num
mmdcxx,Num
mmdcxxi,Num
mmdcxxii,Num
mmdcxxiii,Num
mmdcxxiv,Num
mmdcxxix,Num
mmdcxxv,Num
mmdcxxvi,Num
mmdcxxvii,Num
mmdcxxviii,Num
mmdcxxx,Num
mmdcxxxi,Num
mmdcxxxii,Num
mmdcxxxiii,Num
mmdcxxxiv,Num
mmdcxxxix,Num
mmdcxxxv,Num
mmdcxxxvi,Num
mmdcxxxvii,Num
mmdcxxxviii,Num
mmdi,Num
mmdii,Num
mmdiii,Num
mmdiv,Num
mmdix,Num
mmdl,Num
mmdli,Num
mmdlii,Num
mmdliii,Num
mmdliv,Num
mmdlix,Num
mmdlv,Num
mmdlvi,Num
mmdlvii,Num
mmdlviii,Num
mmdlx,Num
mmdlxi,Num
mmdlxii,Num
mmdlxiii,Num
mmdlxiv,Num
mmdlxix,Num
mmdlxv,Num
mmdlxvi,Num
mmdlxvii,Num
mmdlxviii,Num
mmdlxx,Num
mmdlxxi,Num
mmdlxxii,Num
mmdlxxiii,Num
mmdlxxiv,Num
mmdlxxix,Num
mmdlxxv,Num
mmdlxxvi,Num
mmdlxxvii,Num
mmdlxxviii,Num
mmdlxxx,Num
mmdlxxxi,Num
mmdlxxxii,Num
mmdlxxxiii,Num
mmdlxxxiv,Num
mmdlxxxix,Num
mmdlxxxv,Num
mmdlxxxvi,Num
mmdlxxxvii,Num
mmdlxxxviii,Num
mmdv,Num
mmdvi,Num
mmdvii,Num
mmdviii,Num
mmdx,Num
mmdxc,Num
mmdxci,Num
mmdxcii,Num
mmdxciii,Num
mmdxciv,Num
mmdxcix,Num
mmdxcv,Num
mmdxcvi,Num
mmdxcvii,Num
mmdxcviii,Num
mmdxi,Num
mmdxii,Num
mmdxiii,Num
mmdxiv,Num
mmdxix,Num
mmdxl,Num
mmdxli,Num
mmdxlii,Num
mmdxliii,Num
mmdxliv,Num
mmdxlix,Num
mmdxlv,Num
mmdxlvi,Num
mmdxlvii,Num
mmdxlviii,Num
mmdxv,Num
mmdxvi,Num
mmdxvii,Num
mmdxviii,Num
mmdxx,Num
mmdxxi,Num
mmdxxii,Num
mmdxxiii,Num
mmdxxiv,Num
mmdxxix,Num
mmdxxv,Num
mmdxxvi,Num
mmdxxvii,Num
mmdxxviii,Num
mmdxxx,Num
mmdxxxi,Num
mmdxxxii,Num
mmdxxxiii,Num
mmdxxxiv,Num
mmdxxxix,Num
mmdxxxv,Num
mmdxxxvi,Num
mmdxxxvii,Num
mmdxxxviii,Num
mmi,Num
mmii,Num
mmiii,Num
mmiv,Num
mmix,Num
mml,Num
mmli,Num
mmlii,Num
mmliii,Num
mmliv,Num
mmlix,Num
mmlv,Num
mmlvi,Num
mmlvii,Num
mmlviii,Num
mmlx,Num
mmlxi,Num
mmlxii,Num
mmlxiii,Num
mmlxiv,Num
mmlxix,Num
mmlxv,Num
mmlxvi,Num
mmlxvii,Num
mmlxviii,Num
mmlxx,Num
mmlxxi,Num
mmlxxii,Num
mmlxxiii,Num
mmlxxiv,Num
mmlxxix,Num
mmlxxv,Num
mmlxxvi,Num
mmlxxvii,Num
mmlxxviii,Num
mmlxxx,Num
mmlxxxi,Num
mmlxxxii,Num
mmlxxxiii,Num
mmlxxxiv,Num
mmlxxxix,Num
mmlxxxv,Num
mmlxxxvi,Num
mmlxxxvii,Num
mmlxxxviii,Num
mmm,Num
mmv,Num
mmvi,Num
mmvii,Num
mmviii,Num
mmx,Num
mmxc,Num
mmxci,Num
mmxcii,Num
mmxciii,Num
mmxciv,Num
mmxcix,Num
mmxcv,Num
mmxcvi,Num
mmxcvii,Num
mmxcviii,Num
mmxi,Num
mmxii,Num
mmxiii,Num
mmxiv,Num
mmxix,Num
mmxl,Num
mmxli,Num
mmxlii,Num
mmxliii,Num
mmxliv,Num
mmxlix,Num
mmxlv,Num
mmxlvi,Num
mmxlvii,Num
mmxlviii,Num
mmxv,Num
mmxvi,Num
mmxvii,Num
mmxviii,Num
mmxx,Num
mmxxi,Num
mmxxii,Num
mmxxiii,Num
mmxxiv,Num
mmxxix,Num
mmxxv,Num
mmxxvi,Num
mmxxvii,Num
mmxxviii,Num
mmxxx,Num
mmxxxi,Num
mmxxxii,Num
mmxxxiii,Num
mmxxxiv,Num
mmxxxix,Num
mmxxxv,Num
mmxxxvi,Num
mmxxxvii,Num
mmxxxviii,Num
mnogokaj,Pron
mnogokdo,Pron
moj,Pron
morda,Part
morebiti,Part
mv,Num
mvi,Num
mvii,Num
mviii,Num
mx,Num
mxc,Num
mxci,Num
mxcii,Num
mxciii,Num
mxciv,Num
mxcix,Num
mxcv,Num
mxcvi,Num
mxcvii,Num
mxcviii,Num
mxi,Num
mxii,Num
mxiii,Num
mxiv,Num
mxix,Num
mxl,Num
mxli,Num
mxlii,Num
mxliii,Num
mxliv,Num
mxlix,Num
mxlv,Num
mxlvi,Num
mxlvii,Num
mxlviii,Num
mxv,Num
mxvi,Num
mxvii,Num
mxviii,Num
mxx,Num
mxxi,Num
mxxii,Num
mxxiii,Num
mxxiv,Num
mxxix,Num
mxxv,Num
mxxvi,Num
mxxvii,Num
mxxviii,Num
mxxx,Num
mxxxi,Num
mxxxii,Num
mxxxiii,Num
mxxxiv,Num
mxxxix,Num
mxxxv,Num
mxxxvi,Num
mxxxvii,Num
mxxxviii,Num
na,Prep
nad,Part
nad,Prep
nadme,Pron
nadse,Pron
naj,Conj
naj,Part
najbliže,Prep
najbližje,Prep
najbrž,Part
najbrže,Part
najin,Pron
najkasneje,Part
najmanj,Part
najpozneje,Part
največ,Part
nak,Part
nakoncu,Prep
name,Pron
namesto,Prep
namreč,Conj
namreč,Part
naokoli,Prep
napram,Prep
naprimer,Part
naproti,Prep
nase,Pron
nasproti,Prep
nasvidenje,Interj
natanko,Part
natančno,Part
nato,Conj
navkljub,Prep
navzlic,Prep
nazadnje,Part
naš,Pron
ne,Conj
ne,Interj
ne,Part
nedvomno,Part
nego,Conj
nego,Part
nekaj,Part
nekaj,Pron
nekak,Pron
nekakšen,Pron
nekateri,Pron
nekdo,Pron
neki,Part
neki,Pron
nemara,Part
nihče,Pron
nikakršen,Pron
nikar,Part
nikarte,Part
niti,Part
nič,Num
nič,Pron
ničti,Adj
njegov,Pron
njen,Pron
njihov,Pron
njun,Pron
no,Interj
no,Part
nobeden,Pron
noben,Pron
nobena,Pron
npr.,Part
o,Prep
ob,Prep
oba,Pron
obadva,Pron
obme,Pron
oboj,Pron
oboje,Pron
obse,Pron
od,Conj
od,Prep
odkar,Conj
odkod,Conj
odkoder,Conj
of,Prep
oh,Interj
oho,Interj
oj,Interj
ojej,Interj
ojla,Interj
ojoj,Interj
ojojoj,Interj
okej,Interj
okoli,Part
okoli,Prep
okrog,Part
okrog,Prep
on,Pron
oni,Pron
onkraj,Prep
onstran,Prep
opa,Interj
oprosti,Interj
oprostite,Interj
ops,Interj
osem,Num
osemdeset,Num
osemdeseter,Adj
osemdeseteren,Adj
osemdeseti,Adj
osemdesetkraten,Adj
osemindevetdeset,Num
osemindevetdeseter,Adj
osemindevetdeseteren,Adj
osemindevetdeseti,Adj
osemindevetdesetkraten,Adj
osemindvajset,Num
osemindvajseter,Adj
osemindvajseteren,Adj
osemindvajseti,Adj
osemindvajsetkraten,Adj
oseminosemdeset,Num
oseminosemdeseter,Adj
oseminosemdeseteren,Adj
oseminosemdeseti,Adj
oseminosemdesetkraten,Adj
oseminpetdeset,Num
oseminpetdeseter,Adj
oseminpetdeseteren,Adj
oseminpetdeseti,Adj
oseminpetdesetkraten,Adj
oseminsedemdeset,Num
oseminsedemdeseter,Adj
oseminsedemdeseteren,Adj
oseminsedemdeseti,Adj
oseminsedemdesetkraten,Adj
osemintrideset,Num
osemintrideseter,Adj
osemintrideseteren,Adj
osemintrideseti,Adj
osemintridesetkraten,Adj
oseminšestdeset,Num
oseminšestdeseter,Adj
oseminšestdeseteren,Adj
oseminšestdeseti,Adj
oseminšestdesetkraten,Adj
oseminštirideset,Num
oseminštirideseter,Adj
oseminštirideseteren,Adj
oseminštirideseti,Adj
oseminštiridesetkraten,Adj
osemkraten,Adj
osemnajst,Num
osemnajster,Adj
osemnajsteren,Adj
osemnajsti,Adj
osemnajstkraten,Adj
osemsto,Num
osemstodeseti,Adj
osemstodevetdeseti,Adj
osemstodeveti,Adj
osemstodevetindevetdeseti,Adj
osemstodevetindvajseti,Adj
osemstodevetinosemdeseti,Adj
osemstodevetinpetdeseti,Adj
osemstodevetinsedemdeseti,Adj
osemstodevetintrideseti,Adj
osemstodevetinšestdeseti,Adj
osemstodevetinštirideseti,Adj
osemstodevetnajsti,Adj
osemstodevetstoti,Adj
osemstodrugi,Adj
osemstodvaindevetdeseti,Adj
osemstodvaindvajseti,Adj
osemstodvainosemdeseti,Adj
osemstodvainpetdeseti,Adj
osemstodvainsedemdeseti,Adj
osemstodvaintrideseti,Adj
osemstodvainšestdeseti,Adj
osemstodvainštirideseti,Adj
osemstodvajseti,Adj
osemstodvanajsti,Adj
osemstodvestoti,Adj
osemstoenaindevetdeseti,Adj
osemstoenaindvajseti,Adj
osemstoenainosemdeseti,Adj
osemstoenainpetdeseti,Adj
osemstoenainsedemdeseti,Adj
osemstoenaintrideseti,Adj
osemstoenainšestdeseti,Adj
osemstoenainštirideseti,Adj
osemstoenajsti,Adj
osemstokraten,Adj
osemstoosemdeseti,Adj
osemstoosemindevetdeseti,Adj
osemstoosemindvajseti,Adj
osemstooseminosemdeseti,Adj
osemstooseminpetdeseti,Adj
osemstooseminsedemdeseti,Adj
osemstoosemintrideseti,Adj
osemstooseminšestdeseti,Adj
osemstooseminštirideseti,Adj
osemstoosemnajsti,Adj
osemstoosemstoti,Adj
osemstoosmi,Adj
osemstopetdeseti,Adj
osemstopeti,Adj
osemstopetindevetdeseti,Adj
osemstopetindvajseti,Adj
osemstopetinosemdeseti,Adj
osemstopetinpetdeseti,Adj
osemstopetinsedemdeseti,Adj
osemstopetintrideseti,Adj
osemstopetinšestdeseti,Adj
osemstopetinštirideseti,Adj
osemstopetnajsti,Adj
osemstopetstoti,Adj
osemstoprvi,Adj
osemstosedemdeseti,Adj
osemstosedemindevetdeseti,Adj
osemstosedemindvajseti,Adj
osemstosedeminosemdeseti,Adj
osemstosedeminpetdeseti,Adj
osemstosedeminsedemdeseti,Adj
osemstosedemintrideseti,Adj
osemstosedeminšestdeseti,Adj
osemstosedeminštirideseti,Adj
osemstosedemnajsti,Adj
osemstosedemstoti,Adj
osemstosedmi,Adj
osemstoter,Adj
osemstoteren,Adj
osemstoti,Adj
osemstotretji,Adj
osemstotrideseti,Adj
osemstotriindevetdeseti,Adj
osemstotriindvajseti,Adj
osemstotriinosemdeseti,Adj
osemstotriinpetdeseti,Adj
osemstotriinsedemdeseti,Adj
osemstotriintrideseti,Adj
osemstotriinšestdeseti,Adj
osemstotriinštirideseti,Adj
osemstotrinajsti,Adj
osemstotristoti,Adj
osemstočetrti,Adj
osemstošestdeseti,Adj
osemstošesti,Adj
osemstošestindevetdeseti,Adj
osemstošestindvajseti,Adj
osemstošestinosemdeseti,Adj
osemstošestinpetdeseti,Adj
osemstošestinsedemdeseti,Adj
osemstošestintrideseti,Adj
osemstošestinšestdeseti,Adj
osemstošestinštirideseti,Adj
osemstošestnajsti,Adj
osemstošeststoti,Adj
osemstoštirideseti,Adj
osemstoštiriindevetdeseti,Adj
osemstoštiriindvajseti,Adj
osemstoštiriinosemdeseti,Adj
osemstoštiriinpetdeseti,Adj
osemstoštiriinsedemdeseti,Adj
osemstoštiriintrideseti,Adj
osemstoštiriinšestdeseti,Adj
osemstoštiriinštirideseti,Adj
osemstoštirinajsti,Adj
osemstoštiristoti,Adj
osmer,Adj
osmeren,Adj
osmi,Adj
ostal,Pron
oz.,Conj
oziroma,Conj
pa,Conj
pa,Part
pajade,Interj
pač,Part
pedeset,Num
pet,Num
petdeset,Num
petdeseter,Adj
petdeseteren,Adj
petdeseti,Adj
petdesetkraten,Adj
peter,Adj
peteren,Adj
peti,Adj
petindevetdeset,Num
petindevetdeseter,Adj
petindevetdeseteren,Adj
petindevetdeseti,Adj
petindevetdesetkraten,Adj
petindvajset,Num
petindvajseter,Adj
petindvajseteren,Adj
petindvajseti,Adj
petindvajsetkraten,Adj
petinosemdeset,Num
petinosemdeseter,Adj
petinosemdeseteren,Adj
petinosemdeseti,Adj
petinosemdesetkraten,Adj
petinpetdeset,Num
petinpetdeseter,Adj
petinpetdeseteren,Adj
petinpetdeseti,Adj
petinpetdesetkraten,Adj
petinsedemdeset,Num
petinsedemdeseter,Adj
petinsedemdeseteren,Adj
petinsedemdeseti,Adj
petinsedemdesetkraten,Adj
petintrideset,Num
petintrideseter,Adj
petintrideseteren,Adj
petintrideseti,Adj
petintridesetkraten,Adj
petinšestdeset,Num
petinšestdeseter,Adj
petinšestdeseteren,Adj
petinšestdeseti,Adj
petinšestdesetkraten,Adj
petinštirideset,Num
petinštirideseter,Adj
petinštirideseteren,Adj
petinštirideseti,Adj
petinštiridesetkraten,Adj
petkraten,Adj
petnajst,Num
petnajster,Adj
petnajsteren,Adj
petnajsti,Adj
petnajstkraten,Adj
petsto,Num
petstodeseti,Adj
petstodevetdeseti,Adj
petstodeveti,Adj
petstodevetindevetdeseti,Adj
petstodevetindvajseti,Adj
petstodevetinosemdeseti,Adj
petstodevetinpetdeseti,Adj
petstodevetinsedemdeseti,Adj
petstodevetintrideseti,Adj
petstodevetinšestdeseti,Adj
petstodevetinštirideseti,Adj
petstodevetnajsti,Adj
petstodevetstoti,Adj
petstodrugi,Adj
petstodvaindevetdeseti,Adj
petstodvaindvajseti,Adj
petstodvainosemdeseti,Adj
petstodvainpetdeseti,Adj
petstodvainsedemdeseti,Adj
petstodvaintrideseti,Adj
petstodvainšestdeseti,Adj
petstodvainštirideseti,Adj
petstodvajseti,Adj
petstodvanajsti,Adj
petstodvestoti,Adj
petstoenaindevetdeseti,Adj
petstoenaindvajseti,Adj
petstoenainosemdeseti,Adj
petstoenainpetdeseti,Adj
petstoenainsedemdeseti,Adj
petstoenaintrideseti,Adj
petstoenainšestdeseti,Adj
petstoenainštirideseti,Adj
petstoenajsti,Adj
petstokraten,Adj
petstoosemdeseti,Adj
petstoosemindevetdeseti,Adj
petstoosemindvajseti,Adj
petstooseminosemdeseti,Adj
petstooseminpetdeseti,Adj
petstooseminsedemdeseti,Adj
petstoosemintrideseti,Adj
petstooseminšestdeseti,Adj
petstooseminštirideseti,Adj
petstoosemnajsti,Adj
petstoosemstoti,Adj
petstoosmi,Adj
petstopetdeseti,Adj
petstopeti,Adj
petstopetindevetdeseti,Adj
petstopetindvajseti,Adj
petstopetinosemdeseti,Adj
petstopetinpetdeseti,Adj
petstopetinsedemdeseti,Adj
petstopetintrideseti,Adj
petstopetinšestdeseti,Adj
petstopetinštirideseti,Adj
petstopetnajsti,Adj
petstopetstoti,Adj
petstoprvi,Adj
petstosedemdeseti,Adj
petstosedemindevetdeseti,Adj
petstosedemindvajseti,Adj
petstosedeminosemdeseti,Adj
petstosedeminpetdeseti,Adj
petstosedeminsedemdeseti,Adj
petstosedemintrideseti,Adj
petstosedeminšestdeseti,Adj
petstosedeminštirideseti,Adj
petstosedemnajsti,Adj
petstosedemstoti,Adj
petstosedmi,Adj
petstoter,Adj
petstoteren,Adj
petstoti,Adj
petstotretji,Adj
petstotrideseti,Adj
petstotriindevetdeseti,Adj
petstotriindvajseti,Adj
petstotriinosemdeseti,Adj
petstotriinpetdeseti,Adj
petstotriinsedemdeseti,Adj
petstotriintrideseti,Adj
petstotriinšestdeseti,Adj
petstotriinštirideseti,Adj
petstotrinajsti,Adj
petstotristoti,Adj
petstočetrti,Adj
petstošestdeseti,Adj
petstošesti,Adj
petstošestindevetdeseti,Adj
petstošestindvajseti,Adj
petstošestinosemdeseti,Adj
petstošestinpetdeseti,Adj
petstošestinsedemdeseti,Adj
petstošestintrideseti,Adj
petstošestinšestdeseti,Adj
petstošestinštirideseti,Adj
petstošestnajsti,Adj
petstošeststoti,Adj
petstoštirideseti,Adj
petstoštiriindevetdeseti,Adj
petstoštiriindvajseti,Adj
petstoštiriinosemdeseti,Adj
petstoštiriinpetdeseti,Adj
petstoštiriinsedemdeseti,Adj
petstoštiriintrideseti,Adj
petstoštiriinšestdeseti,Adj
petstoštiriinštirideseti,Adj
petstoštirinajsti,Adj
petstoštiristoti,Adj
pfej,Interj
pfuj,Interj
pliz,Interj
plus,Part
po,Prep
pod,Part
pod,Prep
podme,Pron
podse,Pron
poleg,Prep
polek,Prep
pome,Pron
porkadrek,Interj
pose,Pron
posebno,Part
potemtakem,Conj
potemtakem,Part
povrh,Prep
povrhu,Prep
pozneje,Prep
počemu,Conj
prav,Part
pravzaprav,Part
preblizu,Prep
pred,Prep
preden,Conj
predme,Pron
predno,Conj
predse,Pron
predvidoma,Part
predvsem,Part
prej,Prep
prejkone,Part
prek,Part
prek,Prep
preko,Part
preko,Prep
prenekateri,Pron
presneto,Interj
pri,Prep
pribl.,Part
približno,Part
primojdunaj,Interj
prmejkokoš,Interj
prosim,Interj
proti,Prep
prvi,Adj
pst,Interj
pumf,Interj
ravno,Part
raz,Prep
razen,Part
razen,Prep
recimo,Part
redkokateri,Pron
redkokdo,Pron
res,Part
resda,Part
resnično,Part
saj,Conj
saj,Part
samo,Part
sapramiš,Interj
se,Pron
sedem,Num
sedemdeset,Num
sedemdeseter,Adj
sedemdeseteren,Adj
sedemdeseti,Adj
sedemdesetkraten,Adj
sedemindevetdeset,Num
sedemindevetdeseter,Adj
sedemindevetdeseteren,Adj
sedemindevetdeseti,Adj
sedemindevetdesetkraten,Adj
sedemindvajset,Num
sedemindvajseter,Adj
sedemindvajseteren,Adj
sedemindvajseti,Adj
sedemindvajsetkraten,Adj
sedeminosemdeset,Num
sedeminosemdeseter,Adj
sedeminosemdeseteren,Adj
sedeminosemdeseti,Adj
sedeminosemdesetkraten,Adj
sedeminpetdeset,Num
sedeminpetdeseter,Adj
sedeminpetdeseteren,Adj
sedeminpetdeseti,Adj
sedeminpetdesetkraten,Adj
sedeminsedemdeset,Num
sedeminsedemdeseter,Adj
sedeminsedemdeseteren,Adj
sedeminsedemdeseti,Adj
sedeminsedemdesetkraten,Adj
sedemintrideset,Num
sedemintrideseter,Adj
sedemintrideseteren,Adj
sedemintrideseti,Adj
sedemintridesetkraten,Adj
sedeminšestdeset,Num
sedeminšestdeseter,Adj
sedeminšestdeseteren,Adj
sedeminšestdeseti,Adj
sedeminšestdesetkraten,Adj
sedeminštirideset,Num
sedeminštirideseter,Adj
sedeminštirideseteren,Adj
sedeminštirideseti,Adj
sedeminštiridesetkraten,Adj
sedemkraten,Adj
sedemnajst,Num
sedemnajster,Adj
sedemnajsteren,Adj
sedemnajsti,Adj
sedemnajstkraten,Adj
sedemsto,Num
sedemstodeseti,Adj
sedemstodevetdeseti,Adj
sedemstodeveti,Adj
sedemstodevetindevetdeseti,Adj
sedemstodevetindvajseti,Adj
sedemstodevetinosemdeseti,Adj
sedemstodevetinpetdeseti,Adj
sedemstodevetinsedemdeseti,Adj
sedemstodevetintrideseti,Adj
sedemstodevetinšestdeseti,Adj
sedemstodevetinštirideseti,Adj
sedemstodevetnajsti,Adj
sedemstodevetstoti,Adj
sedemstodrugi,Adj
sedemstodvaindevetdeseti,Adj
sedemstodvaindvajseti,Adj
sedemstodvainosemdeseti,Adj
sedemstodvainpetdeseti,Adj
sedemstodvainsedemdeseti,Adj
sedemstodvaintrideseti,Adj
sedemstodvainšestdeseti,Adj
sedemstodvainštirideseti,Adj
sedemstodvajseti,Adj
sedemstodvanajsti,Adj
sedemstodvestoti,Adj
sedemstoenaindevetdeseti,Adj
sedemstoenaindvajseti,Adj
sedemstoenainosemdeseti,Adj
sedemstoenainpetdeseti,Adj
sedemstoenainsedemdeseti,Adj
sedemstoenaintrideseti,Adj
sedemstoenainšestdeseti,Adj
sedemstoenainštirideseti,Adj
sedemstoenajsti,Adj
sedemstokraten,Adj
sedemstoosemdeseti,Adj
sedemstoosemindevetdeseti,Adj
sedemstoosemindvajseti,Adj
sedemstooseminosemdeseti,Adj
sedemstooseminpetdeseti,Adj
sedemstooseminsedemdeseti,Adj
sedemstoosemintrideseti,Adj
sedemstooseminšestdeseti,Adj
sedemstooseminštirideseti,Adj
sedemstoosemnajsti,Adj
sedemstoosemstoti,Adj
sedemstoosmi,Adj
sedemstopetdeseti,Adj
sedemstopeti,Adj
sedemstopetindevetdeseti,Adj
sedemstopetindvajseti,Adj
sedemstopetinosemdeseti,Adj
sedemstopetinpetdeseti,Adj
sedemstopetinsedemdeseti,Adj
sedemstopetintrideseti,Adj
sedemstopetinšestdeseti,Adj
sedemstopetinštirideseti,Adj
sedemstopetnajsti,Adj
sedemstopetstoti,Adj
sedemstoprvi,Adj
sedemstosedemdeseti,Adj
sedemstosedemindevetdeseti,Adj
sedemstosedemindvajseti,Adj
sedemstosedeminosemdeseti,Adj
sedemstosedeminpetdeseti,Adj
sedemstosedeminsedemdeseti,Adj
sedemstosedemintrideseti,Adj
sedemstosedeminšestdeseti,Adj
sedemstosedeminštirideseti,Adj
sedemstosedemnajsti,Adj
sedemstosedemstoti,Adj
sedemstosedmi,Adj
sedemstoter,Adj
sedemstoteren,Adj
sedemstoti,Adj
sedemstotretji,Adj
sedemstotrideseti,Adj
sedemstotriindevetdeseti,Adj
sedemstotriindvajseti,Adj
sedemstotriinosemdeseti,Adj
sedemstotriinpetdeseti,Adj
sedemstotriinsedemdeseti,Adj
sedemstotriintrideseti,Adj
sedemstotriinšestdeseti,Adj
sedemstotriinštirideseti,Adj
sedemstotrinajsti,Adj
sedemstotristoti,Adj
sedemstočetrti,Adj
sedemstošestdeseti,Adj
sedemstošesti,Adj
sedemstošestindevetdeseti,Adj
sedemstošestindvajseti,Adj
sedemstošestinosemdeseti,Adj
sedemstošestinpetdeseti,Adj
sedemstošestinsedemdeseti,Adj
sedemstošestintrideseti,Adj
sedemstošestinšestdeseti,Adj
sedemstošestinštirideseti,Adj
sedemstošestnajsti,Adj
sedemstošeststoti,Adj
sedemstoštirideseti,Adj
sedemstoštiriindevetdeseti,Adj
sedemstoštiriindvajseti,Adj
sedemstoštiriinosemdeseti,Adj
sedemstoštiriinpetdeseti,Adj
sedemstoštiriinsedemdeseti,Adj
sedemstoštiriintrideseti,Adj
sedemstoštiriinšestdeseti,Adj
sedemstoštiriinštirideseti,Adj
sedemstoštirinajsti,Adj
sedemstoštiristoti,Adj
sedmer,Adj
sedmeren,Adj
sedmi,Adj
seveda,Part
sicer,Conj
sicer,Part
skor,Part
skoraj,Part
skorajda,Part
skoro,Part
skoz,Prep
skozi,Prep
skozme,Pron
skozse,Pron
skupno,Part
spet,Part
sploh,Part
spod,Prep
spoloh,Part
spred,Prep
spričo,Prep
sred,Prep
sredi,Prep
sto,Num
stodeseti,Adj
stodevetdeseti,Adj
stodeveti,Adj
stodevetindevetdeseti,Adj
stodevetindvajseti,Adj
stodevetinosemdeseti,Adj
stodevetinpetdeseti,Adj
stodevetinsedemdeseti,Adj
stodevetintrideseti,Adj
stodevetinšestdeseti,Adj
stodevetinštirideseti,Adj
stodevetnajsti,Adj
stodevetstoti,Adj
stodrugi,Adj
stodvaindevetdeseti,Adj
stodvaindvajseti,Adj
stodvainosemdeseti,Adj
stodvainpetdeseti,Adj
stodvainsedemdeseti,Adj
stodvaintrideseti,Adj
stodvainšestdeseti,Adj
stodvainštirideseti,Adj
stodvajseti,Adj
stodvanajsti,Adj
stodvestoti,Adj
stoenaindevetdeseti,Adj
stoenaindvajseti,Adj
stoenainosemdeseti,Adj
stoenainpetdeseti,Adj
stoenainsedemdeseti,Adj
stoenaintrideseti,Adj
stoenainšestdeseti,Adj
stoenainštirideseti,Adj
stoenajsti,Adj
stokraten,Adj
stoosemdeseti,Adj
stoosemindevetdeseti,Adj
stoosemindvajseti,Adj
stooseminosemdeseti,Adj
stooseminpetdeseti,Adj
stooseminsedemdeseti,Adj
stoosemintrideseti,Adj
stooseminšestdeseti,Adj
stooseminštirideseti,Adj
stoosemnajsti,Adj
stoosemstoti,Adj
stoosmi,Adj
stopetdeseti,Adj
stopeti,Adj
stopetindevetdeseti,Adj
stopetindvajseti,Adj
stopetinosemdeseti,Adj
stopetinpetdeseti,Adj
stopetinsedemdeseti,Adj
stopetintrideseti,Adj
stopetinšestdeseti,Adj
stopetinštirideseti,Adj
stopetnajsti,Adj
stopetstoti,Adj
stoprvi,Adj
stosedemdeseti,Adj
stosedemindevetdeseti,Adj
stosedemindvajseti,Adj
stosedeminosemdeseti,Adj
stosedeminpetdeseti,Adj
stosedeminsedemdeseti,Adj
stosedemintrideseti,Adj
stosedeminšestdeseti,Adj
stosedeminštirideseti,Adj
stosedemnajsti,Adj
stosedemstoti,Adj
stosedmi,Adj
stoter,Adj
stoteren,Adj
stoti,Adj
stotretji,Adj
stotrideseti,Adj
stotriindevetdeseti,Adj
stotriindvajseti,Adj
stotriinosemdeseti,Adj
stotriinpetdeseti,Adj
stotriinsedemdeseti,Adj
stotriintrideseti,Adj
stotriinšestdeseti,Adj
stotriinštirideseti,Adj
stotrinajsti,Adj
stotristoti,Adj
stočetrti,Adj
stošestdeseti,Adj
stošesti,Adj
stošestindevetdeseti,Adj
stošestindvajseti,Adj
stošestinosemdeseti,Adj
stošestinpetdeseti,Adj
stošestinsedemdeseti,Adj
stošestintrideseti,Adj
stošestinšestdeseti,Adj
stošestinštirideseti,Adj
stošestnajsti,Adj
stošeststoti,Adj
stoštirideseti,Adj
stoštiriindevetdeseti,Adj
stoštiriindvajseti,Adj
stoštiriinosemdeseti,Adj
stoštiriinpetdeseti,Adj
stoštiriinsedemdeseti,Adj
stoštiriintrideseti,Adj
stoštiriinšestdeseti,Adj
stoštiriinštirideseti,Adj
stoštirinajsti,Adj
stoštiristoti,Adj
svoj,Pron
ta,Pron
tak,Pron
takle,Pron
tako,Conj
tako,Part
takorekoč,Part
takšen,Pron
takšenle,Pron
tale,Pron
tedaj,Conj
tekom,Prep
temveč,Conj
ter,Conj
ti,Pron
tik,Part
tikoma,Prep
tisoč,Num
tisočer,Adj
tisočeren,Adj
tisoči,Adj
tisočkraten,Adj
tisti,Pron
tj.,Conj
tko,Part
tnx,Interj
to,Pron
toda,Conj
tolik,Pron
tolikšen,Pron
torej,Conj
torej,Part
tostran,Prep
tovrsten,Pron
tralala,Interj
tretji,Adj
trideset,Num
trideseter,Adj
trideseteren,Adj
trideseti,Adj
tridesetkraten,Adj
triindevetdeset,Num
triindevetdeseter,Adj
triindevetdeseteren,Adj
triindevetdeseti,Adj
triindevetdesetkraten,Adj
triindvajset,Num
triindvajseter,Adj
triindvajseteren,Adj
triindvajseti,Adj
triindvajsetkraten,Adj
triinosemdeset,Num
triinosemdeseter,Adj
triinosemdeseteren,Adj
triinosemdeseti,Adj
triinosemdesetkraten,Adj
triinpetdeset,Num
triinpetdeseter,Adj
triinpetdeseteren,Adj
triinpetdeseti,Adj
triinpetdesetkraten,Adj
triinsedemdeset,Num
triinsedemdeseter,Adj
triinsedemdeseteren,Adj
triinsedemdeseti,Adj
triinsedemdesetkraten,Adj
triintrideset,Num
triintrideseter,Adj
triintrideseteren,Adj
triintrideseti,Adj
triintridesetkraten,Adj
triinšestdeset,Num
triinšestdeseter,Adj
triinšestdeseteren,Adj
triinšestdeseti,Adj
triinšestdesetkraten,Adj
triinštirideset,Num
triinštirideseter,Adj
triinštirideseteren,Adj
triinštirideseti,Adj
triinštiridesetkraten,Adj
trije,Num
trikraten,Adj
trilijonti,Adj
trinajst,Num
trinajster,Adj
trinajsteren,Adj
trinajsti,Adj
trinajstkraten,Adj
tristo,Num
tristodeseti,Adj
tristodevetdeseti,Adj
tristodeveti,Adj
tristodevetindevetdeseti,Adj
tristodevetindvajseti,Adj
tristodevetinosemdeseti,Adj
tristodevetinpetdeseti,Adj
tristodevetinsedemdeseti,Adj
tristodevetintrideseti,Adj
tristodevetinšestdeseti,Adj
tristodevetinštirideseti,Adj
tristodevetnajsti,Adj
tristodevetstoti,Adj
tristodrugi,Adj
tristodvaindevetdeseti,Adj
tristodvaindvajseti,Adj
tristodvainosemdeseti,Adj
tristodvainpetdeseti,Adj
tristodvainsedemdeseti,Adj
tristodvaintrideseti,Adj
tristodvainšestdeseti,Adj
tristodvainštirideseti,Adj
tristodvajseti,Adj
tristodvanajsti,Adj
tristodvestoti,Adj
tristoenaindevetdeseti,Adj
tristoenaindvajseti,Adj
tristoenainosemdeseti,Adj
tristoenainpetdeseti,Adj
tristoenainsedemdeseti,Adj
tristoenaintrideseti,Adj
tristoenainšestdeseti,Adj
tristoenainštirideseti,Adj
tristoenajsti,Adj
tristokraten,Adj
tristoosemdeseti,Adj
tristoosemindevetdeseti,Adj
tristoosemindvajseti,Adj
tristooseminosemdeseti,Adj
tristooseminpetdeseti,Adj
tristooseminsedemdeseti,Adj
tristoosemintrideseti,Adj
tristooseminšestdeseti,Adj
tristooseminštirideseti,Adj
tristoosemnajsti,Adj
tristoosemstoti,Adj
tristoosmi,Adj
tristopetdeseti,Adj
tristopeti,Adj
tristopetindevetdeseti,Adj
tristopetindvajseti,Adj
tristopetinosemdeseti,Adj
tristopetinpetdeseti,Adj
tristopetinsedemdeseti,Adj
tristopetintrideseti,Adj
tristopetinšestdeseti,Adj
tristopetinštirideseti,Adj
tristopetnajsti,Adj
tristopetstoti,Adj
tristoprvi,Adj
tristosedemdeseti,Adj
tristosedemindevetdeseti,Adj
tristosedemindvajseti,Adj
tristosedeminosemdeseti,Adj
tristosedeminpetdeseti,Adj
tristosedeminsedemdeseti,Adj
tristosedemintrideseti,Adj
tristosedeminšestdeseti,Adj
tristosedeminštirideseti,Adj
tristosedemnajsti,Adj
tristosedemstoti,Adj
tristosedmi,Adj
tristoter,Adj
tristoteren,Adj
tristoti,Adj
tristotretji,Adj
tristotrideseti,Adj
tristotriindevetdeseti,Adj
tristotriindvajseti,Adj
tristotriinosemdeseti,Adj
tristotriinpetdeseti,Adj
tristotriinsedemdeseti,Adj
tristotriintrideseti,Adj
tristotriinšestdeseti,Adj
tristotriinštirideseti,Adj
tristotrinajsti,Adj
tristotristoti,Adj
tristočetrti,Adj
tristošestdeseti,Adj
tristošesti,Adj
tristošestindevetdeseti,Adj
tristošestindvajseti,Adj
tristošestinosemdeseti,Adj
tristošestinpetdeseti,Adj
tristošestinsedemdeseti,Adj
tristošestintrideseti,Adj
tristošestinšestdeseti,Adj
tristošestinštirideseti,Adj
tristošestnajsti,Adj
tristošeststoti,Adj
tristoštirideseti,Adj
tristoštiriindevetdeseti,Adj
tristoštiriindvajseti,Adj
tristoštiriinosemdeseti,Adj
tristoštiriinpetdeseti,Adj
tristoštiriinsedemdeseti,Adj
tristoštiriintrideseti,Adj
tristoštiriinšestdeseti,Adj
tristoštiriinštirideseti,Adj
tristoštirinajsti,Adj
tristoštiristoti,Adj
troj,Adj
trojen,Adj
tudi,Part
tvoj,Pron
ubistvu,Part
uf,Interj
uh,Interj
und,Conj
ups,Interj
v,Num
v,Prep
vajin,Pron
valda,Part
valjda,Part
vame,Pron
van,Prep
vase,Pron
vaš,Pron
vdolž,Prep
vendar,Conj
vendar,Part
vendarle,Conj
vendarle,Part
verjetno,Part
ves,Pron
več,Part
vi,Num
via,Prep
vii,Num
viii,Num
vkljub,Prep
vključno,Part
von,Prep
vpričo,Prep
vrh,Prep
vrhu,Prep
vsaj,Part
vsak,Pron
vsakdo,Pron
vsakršen,Pron
vse,Pron
vseeno,Part
vsega,Part
vsekakor,Part
vsi,Pron
vsled,Prep
vzdolž,Prep
vštevši,Part
vštric,Prep
x,Num
xc,Num
xci,Num
xcii,Num
xciii,Num
xciv,Num
xcix,Num
xcv,Num
xcvi,Num
xcvii,Num
xcviii,Num
xi,Num
xii,Num
xiii,Num
xiv,Num
xix,Num
xl,Num
xli,Num
xlii,Num
xliii,Num
xliv,Num
xlix,Num
xlv,Num
xlvi,Num
xlvii,Num
xlviii,Num
xv,Num
xvi,Num
xvii,Num
xviii,Num
xx,Num
xxi,Num
xxii,Num
xxiii,Num
xxiv,Num
xxix,Num
xxv,Num
xxvi,Num
xxvii,Num
xxviii,Num
xxx,Num
xxxi,Num
xxxii,Num
xxxiii,Num
xxxiv,Num
xxxix,Num
xxxv,Num
xxxvi,Num
xxxvii,Num
xxxviii,Num
z,Prep
za,Prep
zaboga,Interj
zaboga,Part
zakaj,Conj
zame,Pron
zarad,Prep
zaradi,Prep
zares,Part
zase,Pron
zastran,Prep
zato,Conj
zato,Part
zatorej,Conj
zavoljo,Prep
zbog,Prep
zbogom,Interj
zgolj,Part
zlasti,Part
zmed,Prep
znabiti,Part
znad,Prep
znotraj,Prep
zoper,Prep
zopet,Part
zraven,Prep
zu,Prep
zunaj,Prep
čao,Interj
če,Conj
čemu,Conj
čeprav,Conj
čeravno,Conj
četrti,Adj
četudi,Conj
četver,Adj
četveren,Adj
čez,Prep
čezme,Pron
čezse,Pron
češ,Part
čigar,Pron
čigav,Pron
čiv,Interj
čof,Interj
črez,Prep
še,Part
šele,Part
šesdeset,Num
šest,Num
šestdeset,Num
šestdeseter,Adj
šestdeseteren,Adj
šestdeseti,Adj
šestdesetkraten,Adj
šester,Adj
šesteren,Adj
šesti,Adj
šestindevetdeset,Num
šestindevetdeseter,Adj
šestindevetdeseteren,Adj
šestindevetdeseti,Adj
šestindevetdesetkraten,Adj
šestindvajset,Num
šestindvajseter,Adj
šestindvajseteren,Adj
šestindvajseti,Adj
šestindvajsetkraten,Adj
šestinosemdeset,Num
šestinosemdeseter,Adj
šestinosemdeseteren,Adj
šestinosemdeseti,Adj
šestinosemdesetkraten,Adj
šestinpetdeset,Num
šestinpetdeseter,Adj
šestinpetdeseteren,Adj
šestinpetdeseti,Adj
šestinpetdesetkraten,Adj
šestinsedemdeset,Num
šestinsedemdeseter,Adj
šestinsedemdeseteren,Adj
šestinsedemdeseti,Adj
šestinsedemdesetkraten,Adj
šestintrideset,Num
šestintrideseter,Adj
šestintrideseteren,Adj
šestintrideseti,Adj
šestintridesetkraten,Adj
šestinšestdeset,Num
šestinšestdeseter,Adj
šestinšestdeseteren,Adj
šestinšestdeseti,Adj
šestinšestdesetkraten,Adj
šestinštirideset,Num
šestinštirideseter,Adj
šestinštirideseteren,Adj
šestinštirideseti,Adj
šestinštiridesetkraten,Adj
šestkraten,Adj
šestnajst,Num
šestnajster,Adj
šestnajsteren,Adj
šestnajsti,Adj
šestnajstkraten,Adj
šeststo,Num
šeststodeseti,Adj
šeststodevetdeseti,Adj
šeststodeveti,Adj
šeststodevetindevetdeseti,Adj
šeststodevetindvajseti,Adj
šeststodevetinosemdeseti,Adj
šeststodevetinpetdeseti,Adj
šeststodevetinsedemdeseti,Adj
šeststodevetintrideseti,Adj
šeststodevetinšestdeseti,Adj
šeststodevetinštirideseti,Adj
šeststodevetnajsti,Adj
šeststodevetstoti,Adj
šeststodrugi,Adj
šeststodvaindevetdeseti,Adj
šeststodvaindvajseti,Adj
šeststodvainosemdeseti,Adj
šeststodvainpetdeseti,Adj
šeststodvainsedemdeseti,Adj
šeststodvaintrideseti,Adj
šeststodvainšestdeseti,Adj
šeststodvainštirideseti,Adj
šeststodvajseti,Adj
šeststodvanajsti,Adj
šeststodvestoti,Adj
šeststoenaindevetdeseti,Adj
šeststoenaindvajseti,Adj
šeststoenainosemdeseti,Adj
šeststoenainpetdeseti,Adj
šeststoenainsedemdeseti,Adj
šeststoenaintrideseti,Adj
šeststoenainšestdeseti,Adj
šeststoenainštirideseti,Adj
šeststoenajsti,Adj
šeststokraten,Adj
šeststoosemdeseti,Adj
šeststoosemindevetdeseti,Adj
šeststoosemindvajseti,Adj
šeststooseminosemdeseti,Adj
šeststooseminpetdeseti,Adj
šeststooseminsedemdeseti,Adj
šeststoosemintrideseti,Adj
šeststooseminšestdeseti,Adj
šeststooseminštirideseti,Adj
šeststoosemnajsti,Adj
šeststoosemstoti,Adj
šeststoosmi,Adj
šeststopetdeseti,Adj
šeststopeti,Adj
šeststopetindevetdeseti,Adj
šeststopetindvajseti,Adj
šeststopetinosemdeseti,Adj
šeststopetinpetdeseti,Adj
šeststopetinsedemdeseti,Adj
šeststopetintrideseti,Adj
šeststopetinšestdeseti,Adj
šeststopetinštirideseti,Adj
šeststopetnajsti,Adj
šeststopetstoti,Adj
šeststoprvi,Adj
šeststosedemdeseti,Adj
šeststosedemindevetdeseti,Adj
šeststosedemindvajseti,Adj
šeststosedeminosemdeseti,Adj
šeststosedeminpetdeseti,Adj
šeststosedeminsedemdeseti,Adj
šeststosedemintrideseti,Adj
šeststosedeminšestdeseti,Adj
šeststosedeminštirideseti,Adj
šeststosedemnajsti,Adj
šeststosedemstoti,Adj
šeststosedmi,Adj
šeststoter,Adj
šeststoteren,Adj
šeststoti,Adj
šeststotretji,Adj
šeststotrideseti,Adj
šeststotriindevetdeseti,Adj
šeststotriindvajseti,Adj
šeststotriinosemdeseti,Adj
šeststotriinpetdeseti,Adj
šeststotriinsedemdeseti,Adj
šeststotriintrideseti,Adj
šeststotriinšestdeseti,Adj
šeststotriinštirideseti,Adj
šeststotrinajsti,Adj
šeststotristoti,Adj
šeststočetrti,Adj
šeststošestdeseti,Adj
šeststošesti,Adj
šeststošestindevetdeseti,Adj
šeststošestindvajseti,Adj
šeststošestinosemdeseti,Adj
šeststošestinpetdeseti,Adj
šeststošestinsedemdeseti,Adj
šeststošestintrideseti,Adj
šeststošestinšestdeseti,Adj
šeststošestinštirideseti,Adj
šeststošestnajsti,Adj
šeststošeststoti,Adj
šeststoštirideseti,Adj
šeststoštiriindevetdeseti,Adj
šeststoštiriindvajseti,Adj
šeststoštiriinosemdeseti,Adj
šeststoštiriinpetdeseti,Adj
šeststoštiriinsedemdeseti,Adj
šeststoštiriintrideseti,Adj
šeststoštiriinšestdeseti,Adj
šeststoštiriinštirideseti,Adj
šeststoštirinajsti,Adj
šeststoštiristoti,Adj
širom,Prep
šit,Interj
škloc,Interj
štirideset,Num
štirideseter,Adj
štirideseteren,Adj
štirideseti,Adj
štiridesetkraten,Adj
štiriindevetdeset,Num
štiriindevetdeseter,Adj
štiriindevetdeseteren,Adj
štiriindevetdeseti,Adj
štiriindevetdesetkraten,Adj
štiriindvajset,Num
štiriindvajseter,Adj
štiriindvajseteren,Adj
štiriindvajseti,Adj
štiriindvajsetkraten,Adj
štiriinosemdeset,Num
štiriinosemdeseter,Adj
štiriinosemdeseteren,Adj
štiriinosemdeseti,Adj
štiriinosemdesetkraten,Adj
štiriinpetdeset,Num
štiriinpetdeseter,Adj
štiriinpetdeseteren,Adj
štiriinpetdeseti,Adj
štiriinpetdesetkraten,Adj
štiriinsedemdeset,Num
štiriinsedemdeseter,Adj
štiriinsedemdeseteren,Adj
štiriinsedemdeseti,Adj
štiriinsedemdesetkraten,Adj
štiriintrideset,Num
štiriintrideseter,Adj
štiriintrideseteren,Adj
štiriintrideseti,Adj
štiriintridesetkraten,Adj
štiriinšestdeset,Num
štiriinšestdeseter,Adj
štiriinšestdeseteren,Adj
štiriinšestdeseti,Adj
štiriinšestdesetkraten,Adj
štiriinštirideset,Num
štiriinštirideseter,Adj
štiriinštirideseteren,Adj
štiriinštirideseti,Adj
štiriinštiridesetkraten,Adj
štirikraten,Adj
štirinajst,Num
štirinajster,Adj
štirinajsteren,Adj
štirinajsti,Adj
štirinajstkraten,Adj
štiristo,Num
štiristodeseti,Adj
štiristodevetdeseti,Adj
štiristodeveti,Adj
štiristodevetindevetdeseti,Adj
štiristodevetindvajseti,Adj
štiristodevetinosemdeseti,Adj
štiristodevetinpetdeseti,Adj
štiristodevetinsedemdeseti,Adj
štiristodevetintrideseti,Adj
štiristodevetinšestdeseti,Adj
štiristodevetinštirideseti,Adj
štiristodevetnajsti,Adj
štiristodevetstoti,Adj
štiristodrugi,Adj
štiristodvaindevetdeseti,Adj
štiristodvaindvajseti,Adj
štiristodvainosemdeseti,Adj
štiristodvainpetdeseti,Adj
štiristodvainsedemdeseti,Adj
štiristodvaintrideseti,Adj
štiristodvainšestdeseti,Adj
štiristodvainštirideseti,Adj
štiristodvajseti,Adj
štiristodvanajsti,Adj
štiristodvestoti,Adj
štiristoenaindevetdeseti,Adj
štiristoenaindvajseti,Adj
štiristoenainosemdeseti,Adj
štiristoenainpetdeseti,Adj
štiristoenainsedemdeseti,Adj
štiristoenaintrideseti,Adj
štiristoenainšestdeseti,Adj
štiristoenainštirideseti,Adj
štiristoenajsti,Adj
štiristokraten,Adj
štiristoosemdeseti,Adj
štiristoosemindevetdeseti,Adj
štiristoosemindvajseti,Adj
štiristooseminosemdeseti,Adj
štiristooseminpetdeseti,Adj
štiristooseminsedemdeseti,Adj
štiristoosemintrideseti,Adj
štiristooseminšestdeseti,Adj
štiristooseminštirideseti,Adj
štiristoosemnajsti,Adj
štiristoosemstoti,Adj
štiristoosmi,Adj
štiristopetdeseti,Adj
štiristopeti,Adj
štiristopetindevetdeseti,Adj
štiristopetindvajseti,Adj
štiristopetinosemdeseti,Adj
štiristopetinpetdeseti,Adj
štiristopetinsedemdeseti,Adj
štiristopetintrideseti,Adj
štiristopetinšestdeseti,Adj
štiristopetinštirideseti,Adj
štiristopetnajsti,Adj
štiristopetstoti,Adj
štiristoprvi,Adj
štiristosedemdeseti,Adj
štiristosedemindevetdeseti,Adj
štiristosedemindvajseti,Adj
štiristosedeminosemdeseti,Adj
štiristosedeminpetdeseti,Adj
štiristosedeminsedemdeseti,Adj
štiristosedemintrideseti,Adj
štiristosedeminšestdeseti,Adj
štiristosedeminštirideseti,Adj
štiristosedemnajsti,Adj
štiristosedemstoti,Adj
štiristosedmi,Adj
štiristoter,Adj
štiristoteren,Adj
štiristoti,Adj
štiristotretji,Adj
štiristotrideseti,Adj
štiristotriindevetdeseti,Adj
štiristotriindvajseti,Adj
štiristotriinosemdeseti,Adj
štiristotriinpetdeseti,Adj
štiristotriinsedemdeseti,Adj
štiristotriintrideseti,Adj
štiristotriinšestdeseti,Adj
štiristotriinštirideseti,Adj
štiristotrinajsti,Adj
štiristotristoti,Adj
štiristočetrti,Adj
štiristošestdeseti,Adj
štiristošesti,Adj
štiristošestindevetdeseti,Adj
štiristošestindvajseti,Adj
štiristošestinosemdeseti,Adj
štiristošestinpetdeseti,Adj
štiristošestinsedemdeseti,Adj
štiristošestintrideseti,Adj
štiristošestinšestdeseti,Adj
štiristošestinštirideseti,Adj
štiristošestnajsti,Adj
štiristošeststoti,Adj
štiristoštirideseti,Adj
štiristoštiriindevetdeseti,Adj
štiristoštiriindvajseti,Adj
štiristoštiriinosemdeseti,Adj
štiristoštiriinpetdeseti,Adj
štiristoštiriinsedemdeseti,Adj
štiristoštiriintrideseti,Adj
štiristoštiriinšestdeseti,Adj
štiristoštiriinštirideseti,Adj
štiristoštirinajsti,Adj
štiristoštiristoti,Adj
štirje,Num
šur,Part
ž,Prep
žal,Part
žalibog,Interj
žalibog,Part
že,Part
živijo,Interj
živio,Interj
živjo,Interj
