libname,memname
MAPS,AFGHANI2
MAPS,AFGHANIS
MAPS,AFRICA
MAPS,AFRICA2
MAPS,ALGERIA
MAPS,ALGERIA2
MAPS,ANDORRA
MAPS,ANDORRA2
MAPS,ANOMALY
MAPS,ANTARCT2
MAPS,ANTARCTI
MAPS,ARGENTI2
MAPS,ARGENTIN
MAPS,ARMENIA
MAPS,ARMENIA2
MAPS,ASIA
MAPS,ASIA2
MAPS,AUSTRAL
MAPS,AUSTRAL2
MAPS,AUSTRIA
MAPS,AUSTRIA2
MAPS,AZERBAI2
MAPS,AZERBAIJ
MAPS,BANGLAD2
MAPS,BANGLADE
MAPS,BELARUS
MAPS,BELARUS2
MAPS,BELGIUM
MAPS,BELGIUM2
MAPS,BELIZE
MAPS,BELIZE2
MAPS,BHUTAN
MAPS,BHUTAN2
MAPS,BOLIVIA
MAPS,BOLIVIA2
MAPS,BOSNIAH2
MAPS,BOSNIAHE
MAPS,BRAZIL
MAPS,BRAZIL2
MAPS,BRUNEI
MAPS,BRUNEI2
MAPS,BULGARI2
MAPS,BULGARIA
MAPS,CAMBODI2
MAPS,CAMBODIA
MAPS,CANADA
MAPS,CANADA2
MAPS,CANADA3
MAPS,CANADA4
MAPS,CANCENS
MAPS,CHILE
MAPS,CHILE2
MAPS,CHINA
MAPS,CHINA2
MAPS,CNTYNAME
MAPS,COLOMBI2
MAPS,COLOMBIA
MAPS,COSTRIC2
MAPS,COSTRICA
MAPS,COUNTIES
MAPS,COUNTY
MAPS,CROATIA
MAPS,CROATIA2
MAPS,CUBA
MAPS,CUBA2
MAPS,CYPRUS
MAPS,CYPRUS2
MAPS,CZECH
MAPS,CZECH2
MAPS,DENMARK
MAPS,DENMARK2
MAPS,DOMINRE2
MAPS,DOMINREP
MAPS,ECUADOR
MAPS,ECUADOR2
MAPS,EGYPT
MAPS,EGYPT2
MAPS,ERITREA
MAPS,ERITREA2
MAPS,ESTONIA
MAPS,ESTONIA2
MAPS,ETHIOPI2
MAPS,ETHIOPIA
MAPS,EUROPE
MAPS,EUROPE2
MAPS,FGUIANA
MAPS,FGUIANA2
MAPS,FINLAND
MAPS,FINLAND2
MAPS,FRANCE
MAPS,FRANCE2
MAPS,GAZASTR2
MAPS,GAZASTRI
MAPS,GEORGIA
MAPS,GEORGIA2
MAPS,GERMANY
MAPS,GERMANY2
MAPS,GREECE
MAPS,GREECE2
MAPS,GUATEMA2
MAPS,GUATEMAL
MAPS,GUYANA
MAPS,GUYANA2
MAPS,HAITI
MAPS,HAITI2
MAPS,HKDB1
MAPS,HKDB2
MAPS,HKKWDB1
MAPS,HKKWDB2
MAPS,HKKWPU1
MAPS,HKKWPU2
MAPS,HKNTDB1
MAPS,HKNTDB2
MAPS,HKNTPU1
MAPS,HKNTPU2
MAPS,HKPU1
MAPS,HKPU2
MAPS,HONDURA2
MAPS,HONDURAS
MAPS,HUNGARY
MAPS,HUNGARY2
MAPS,INDIA
MAPS,INDIA2
MAPS,INDONES2
MAPS,INDONESI
MAPS,IRAN
MAPS,IRAN2
MAPS,IRAQ
MAPS,IRAQ2
MAPS,IRAQSAU2
MAPS,IRAQSAUD
MAPS,IRELAND
MAPS,IRELAND2
MAPS,ISRAEL
MAPS,ISRAEL2
MAPS,ITALY
MAPS,ITALY2
MAPS,IVORY
MAPS,IVORY2
MAPS,JAMAICA
MAPS,JAMAICA2
MAPS,JAOSAKA
MAPS,JAOSAKA2
MAPS,JAPAN
MAPS,JAPAN2
MAPS,JATOKYO
MAPS,JATOKYO2
MAPS,JDESC
MAPS,JDESCE
MAPS,KAZAKHS2
MAPS,KAZAKHST
MAPS,KENYA
MAPS,KENYA2
MAPS,KOREANO2
MAPS,KOREANOR
MAPS,KOREASO2
MAPS,KOREASOU
MAPS,KOSEOUL
MAPS,KOSEOUL2
MAPS,KYRGYZS2
MAPS,KYRGYZST
MAPS,LAOS
MAPS,LAOS2
MAPS,LATVIA
MAPS,LATVIA2
MAPS,LEBANON
MAPS,LEBANON2
MAPS,LIBYA
MAPS,LIBYA2
MAPS,LIECHTE2
MAPS,LIECHTEN
MAPS,LITHUAN2
MAPS,LITHUANI
MAPS,LUXEMBO2
MAPS,LUXEMBOU
MAPS,MACAU
MAPS,MACAU2
MAPS,MACEDON2
MAPS,MACEDONI
MAPS,MALAYSI2
MAPS,MALAYSIA
MAPS,METAMAPS
MAPS,MEXICO
MAPS,MEXICO2
MAPS,MOLDOVA
MAPS,MOLDOVA2
MAPS,MONACO
MAPS,MONACO2
MAPS,MONGOLI2
MAPS,MONGOLIA
MAPS,MONTENE2
MAPS,MONTENEG
MAPS,MOROCCO
MAPS,MOROCCO2
MAPS,MYANMAR
MAPS,MYANMAR2
MAPS,NAMERIC2
MAPS,NAMERICA
MAPS,NAMES
MAPS,NEPAL
MAPS,NEPAL2
MAPS,NICARAG2
MAPS,NICARAGU
MAPS,NIGERIA
MAPS,NIGERIA2
MAPS,NORWAY
MAPS,NORWAY2
MAPS,NTLANDS
MAPS,NTLANDS2
MAPS,NZ
MAPS,NZ2
MAPS,OCEANIA
MAPS,OCEANIA2
MAPS,ODESC
MAPS,ODESCE
MAPS,OSAKA
MAPS,PAKISTA2
MAPS,PAKISTAN
MAPS,PANAMA
MAPS,PANAMA2
MAPS,PARAGUA2
MAPS,PARAGUAY
MAPS,PERU
MAPS,PERU2
MAPS,PHILIPP2
MAPS,PHILIPPI
MAPS,POLAND
MAPS,POLAND2
MAPS,PORTUGA2
MAPS,PORTUGAL
MAPS,ROMANIA
MAPS,ROMANIA2
MAPS,RUSSIA
MAPS,RUSSIA2
MAPS,SALVADO2
MAPS,SALVADOR
MAPS,SAMERIC2
MAPS,SAMERICA
MAPS,SANMARI2
MAPS,SANMARIN
MAPS,SAUDIAR2
MAPS,SAUDIARA
MAPS,SERBIA
MAPS,SERBIA2
MAPS,SINGAPO2
MAPS,SINGAPOR
MAPS,SLOVAKI2
MAPS,SLOVAKIA
MAPS,SLOVENI2
MAPS,SLOVENIA
MAPS,SPACIFIC
MAPS,SPAIN
MAPS,SPAIN2
MAPS,SRILANK2
MAPS,SRILANKA
MAPS,STATES
MAPS,SURINAM2
MAPS,SURINAME
MAPS,SWEDEN
MAPS,SWEDEN2
MAPS,SWITZER2
MAPS,SWITZERL
MAPS,SYRIA
MAPS,SYRIA2
MAPS,TAIWAN
MAPS,TAIWAN2
MAPS,TAJIKIS2
MAPS,TAJIKIST
MAPS,TDESC
MAPS,TDESCE
MAPS,THAILAN2
MAPS,THAILAND
MAPS,TOKYO
MAPS,TRINIDA2
MAPS,TRINIDAD
MAPS,TUNISIA
MAPS,TUNISIA2
MAPS,TURKEY
MAPS,TURKEY2
MAPS,TURKMEN2
MAPS,TURKMENI
MAPS,UK
MAPS,UK2
MAPS,UKRAINE
MAPS,UKRAINE2
MAPS,URUGUAY
MAPS,URUGUAY2
MAPS,US
MAPS,US2
MAPS,USCENTER
MAPS,USCITY
MAPS,USCOUNTY
MAPS,UZBEKIS2
MAPS,UZBEKIST
MAPS,VENEZUE2
MAPS,VENEZUEL
MAPS,VIETNAM
MAPS,VIETNAM2
MAPS,WESTBAN2
MAPS,WESTBANK
MAPS,WORLD
MAPS,ZAIRE
MAPS,ZAIRE2
MAPSGFK,AFGHANISTAN
MAPSGFK,AFGHANISTAN_ATTR
MAPSGFK,AFRICA
MAPSGFK,AFRICA1
MAPSGFK,AFRICA1_ATTR
MAPSGFK,AFRICA2
MAPSGFK,AFRICA2_ATTR
MAPSGFK,AFRICA_ATTR
MAPSGFK,ALBANIA
MAPSGFK,ALBANIA_ATTR
MAPSGFK,ALGERIA
MAPSGFK,ALGERIA_ATTR
MAPSGFK,ANDORRA
MAPSGFK,ANDORRA_ATTR
MAPSGFK,ANGOLA
MAPSGFK,ANGOLA_ATTR
MAPSGFK,ANTARCTICA
MAPSGFK,ANTARCTICA1
MAPSGFK,ANTARCTICA1_ATTR
MAPSGFK,ANTARCTICA_ATTR
MAPSGFK,ARGENTINA
MAPSGFK,ARGENTINA_ATTR
MAPSGFK,ARMENIA
MAPSGFK,ARMENIA_ATTR
MAPSGFK,ASIA
MAPSGFK,ASIA1
MAPSGFK,ASIA1_ATTR
MAPSGFK,ASIA2
MAPSGFK,ASIA2_ATTR
MAPSGFK,ASIA3
MAPSGFK,ASIA3_ATTR
MAPSGFK,ASIA_ATTR
MAPSGFK,AUSTRALIA
MAPSGFK,AUSTRALIA_ALL
MAPSGFK,AUSTRALIA_ALL_ATTR
MAPSGFK,AUSTRALIA_ATTR
MAPSGFK,AUSTRIA
MAPSGFK,AUSTRIA_ATTR
MAPSGFK,AZERBAIJAN
MAPSGFK,AZERBAIJAN_ATTR
MAPSGFK,BAHRAIN
MAPSGFK,BAHRAIN_ATTR
MAPSGFK,BANGLADESH
MAPSGFK,BANGLADESH_ATTR
MAPSGFK,BELARUS
MAPSGFK,BELARUS_ATTR
MAPSGFK,BELGIUM
MAPSGFK,BELGIUM_ATTR
MAPSGFK,BELIZE
MAPSGFK,BELIZE_ATTR
MAPSGFK,BENIN
MAPSGFK,BENIN_ATTR
MAPSGFK,BERMUDA
MAPSGFK,BERMUDA_ATTR
MAPSGFK,BHUTAN
MAPSGFK,BHUTAN_ATTR
MAPSGFK,BOLIVIA
MAPSGFK,BOLIVIA_ATTR
MAPSGFK,BOSNIA_HERZEGOVINA
MAPSGFK,BOSNIA_HERZEGOVINA_ATTR
MAPSGFK,BOTSWANA
MAPSGFK,BOTSWANA_ATTR
MAPSGFK,BRAZIL
MAPSGFK,BRAZIL_ATTR
MAPSGFK,BRUNEI_DARUSSALAM
MAPSGFK,BRUNEI_DARUSSALAM_ATTR
MAPSGFK,BULGARIA
MAPSGFK,BULGARIA_ATTR
MAPSGFK,BURKINA_FASO
MAPSGFK,BURKINA_FASO_ATTR
MAPSGFK,BURUNDI
MAPSGFK,BURUNDI_ATTR
MAPSGFK,CAMBODIA
MAPSGFK,CAMBODIA_ATTR
MAPSGFK,CAMEROON
MAPSGFK,CAMEROON_ATTR
MAPSGFK,CANADA
MAPSGFK,CANADA_ATTR
MAPSGFK,CAPE_VERDE
MAPSGFK,CAPE_VERDE_ATTR
MAPSGFK,CARIBBEAN
MAPSGFK,CARIBBEAN_ATTR
MAPSGFK,CENTRAL_AFRICAN_REPUBLIC
MAPSGFK,CENTRAL_AFRICAN_REPUBLIC_ATTR
MAPSGFK,CHAD
MAPSGFK,CHAD_ATTR
MAPSGFK,CHILE
MAPSGFK,CHILE_ATTR
MAPSGFK,CHINA
MAPSGFK,CHINA_ATTR
MAPSGFK,COLOMBIA
MAPSGFK,COLOMBIA_ATTR
MAPSGFK,COMOROS
MAPSGFK,COMOROS_ATTR
MAPSGFK,CONGO
MAPSGFK,CONGO_ATTR
MAPSGFK,COSTA_RICA
MAPSGFK,COSTA_RICA_ATTR
MAPSGFK,CROATIA
MAPSGFK,CROATIA_ATTR
MAPSGFK,CYPRUS
MAPSGFK,CYPRUS_ATTR
MAPSGFK,CZECH_REPUBLIC
MAPSGFK,CZECH_REPUBLIC_ATTR
MAPSGFK,DENMARK
MAPSGFK,DENMARK_ALL
MAPSGFK,DENMARK_ALL_ATTR
MAPSGFK,DENMARK_ATTR
MAPSGFK,DJIBOUTI
MAPSGFK,DJIBOUTI_ATTR
MAPSGFK,DR_CONGO
MAPSGFK,DR_CONGO_ATTR
MAPSGFK,ECUADOR
MAPSGFK,ECUADOR_ATTR
MAPSGFK,EGYPT
MAPSGFK,EGYPT_ATTR
MAPSGFK,EL_SALVADOR
MAPSGFK,EL_SALVADOR_ATTR
MAPSGFK,EQUATORIAL_GUINEA
MAPSGFK,EQUATORIAL_GUINEA_ATTR
MAPSGFK,ERITREA
MAPSGFK,ERITREA_ATTR
MAPSGFK,ESTONIA
MAPSGFK,ESTONIA_ATTR
MAPSGFK,ETHIOPIA
MAPSGFK,ETHIOPIA_ATTR
MAPSGFK,EUROPE
MAPSGFK,EUROPE1
MAPSGFK,EUROPE1_ATTR
MAPSGFK,EUROPE2
MAPSGFK,EUROPE2_ATTR
MAPSGFK,EUROPE3
MAPSGFK,EUROPE3_ATTR
MAPSGFK,EUROPENUTS0
MAPSGFK,EUROPENUTS0_ATTR
MAPSGFK,EUROPENUTS1
MAPSGFK,EUROPENUTS1_ATTR
MAPSGFK,EUROPENUTS2
MAPSGFK,EUROPENUTS2_ATTR
MAPSGFK,EUROPENUTS3
MAPSGFK,EUROPENUTS3_ATTR
MAPSGFK,EUROPE_ATTR
MAPSGFK,FALKLAND_ISLANDS
MAPSGFK,FALKLAND_ISLANDS_ATTR
MAPSGFK,FAROE_ISLANDS
MAPSGFK,FAROE_ISLANDS_ATTR
MAPSGFK,FINLAND
MAPSGFK,FINLAND_ATTR
MAPSGFK,FRANCE
MAPSGFK,FRANCE_ALL
MAPSGFK,FRANCE_ALL_ATTR
MAPSGFK,FRANCE_ATTR
MAPSGFK,FRENCH_GUIANA
MAPSGFK,FRENCH_GUIANA_ATTR
MAPSGFK,GABON
MAPSGFK,GABON_ATTR
MAPSGFK,GAMBIA
MAPSGFK,GAMBIA_ATTR
MAPSGFK,GEORGIA
MAPSGFK,GEORGIA_ATTR
MAPSGFK,GERMANY
MAPSGFK,GERMANY_ATTR
MAPSGFK,GHANA
MAPSGFK,GHANA_ATTR
MAPSGFK,GIBRALTAR
MAPSGFK,GIBRALTAR_ATTR
MAPSGFK,GREECE
MAPSGFK,GREECE_ATTR
MAPSGFK,GREENLAND
MAPSGFK,GREENLAND_ATTR
MAPSGFK,GUATEMALA
MAPSGFK,GUATEMALA_ATTR
MAPSGFK,GUERNSEY
MAPSGFK,GUERNSEY_ATTR
MAPSGFK,GUINEA
MAPSGFK,GUINEA_ATTR
MAPSGFK,GUINEA_BISSAU
MAPSGFK,GUINEA_BISSAU_ATTR
MAPSGFK,GUYANA
MAPSGFK,GUYANA_ATTR
MAPSGFK,HONDURAS
MAPSGFK,HONDURAS_ATTR
MAPSGFK,HUNGARY
MAPSGFK,HUNGARY_ATTR
MAPSGFK,ICELAND
MAPSGFK,ICELAND_ATTR
MAPSGFK,INDIA
MAPSGFK,INDIA_ATTR
MAPSGFK,INDONESIA
MAPSGFK,INDONESIA_ATTR
MAPSGFK,IRAN
MAPSGFK,IRAN_ATTR
MAPSGFK,IRAQ
MAPSGFK,IRAQ_ATTR
MAPSGFK,IRELAND
MAPSGFK,IRELAND_ATTR
MAPSGFK,ISLE_OF_MAN
MAPSGFK,ISLE_OF_MAN_ATTR
MAPSGFK,ISRAEL
MAPSGFK,ISRAEL_ATTR
MAPSGFK,ITALY
MAPSGFK,ITALY_ATTR
MAPSGFK,IVORY_COAST
MAPSGFK,IVORY_COAST_ATTR
MAPSGFK,JAPAN
MAPSGFK,JAPAN_ATTR
MAPSGFK,JERSEY
MAPSGFK,JERSEY_ATTR
MAPSGFK,JORDAN
MAPSGFK,JORDAN_ATTR
MAPSGFK,KAZAKHSTAN
MAPSGFK,KAZAKHSTAN_ATTR
MAPSGFK,KENYA
MAPSGFK,KENYA_ATTR
MAPSGFK,KOSOVO
MAPSGFK,KOSOVO_ATTR
MAPSGFK,KUWAIT
MAPSGFK,KUWAIT_ATTR
MAPSGFK,KYRGYZSTAN
MAPSGFK,KYRGYZSTAN_ATTR
MAPSGFK,LAOS
MAPSGFK,LAOS_ATTR
MAPSGFK,LATVIA
MAPSGFK,LATVIA_ATTR
MAPSGFK,LEBANON
MAPSGFK,LEBANON_ATTR
MAPSGFK,LESOTHO
MAPSGFK,LESOTHO_ATTR
MAPSGFK,LIBERIA
MAPSGFK,LIBERIA_ATTR
MAPSGFK,LIBYA
MAPSGFK,LIBYA_ATTR
MAPSGFK,LIECHTENSTEIN
MAPSGFK,LIECHTENSTEIN_ATTR
MAPSGFK,LITHUANIA
MAPSGFK,LITHUANIA_ATTR
MAPSGFK,LUXEMBOURG
MAPSGFK,LUXEMBOURG_ATTR
MAPSGFK,MACEDONIA
MAPSGFK,MACEDONIA_ATTR
MAPSGFK,MADAGASCAR
MAPSGFK,MADAGASCAR_ATTR
MAPSGFK,MALAWI
MAPSGFK,MALAWI_ATTR
MAPSGFK,MALAYSIA
MAPSGFK,MALAYSIA_ATTR
MAPSGFK,MALDIVES
MAPSGFK,MALDIVES_ATTR
MAPSGFK,MALI
MAPSGFK,MALI_ATTR
MAPSGFK,MALTA
MAPSGFK,MALTA_ATTR
MAPSGFK,MAURITANIA
MAPSGFK,MAURITANIA_ATTR
MAPSGFK,MAURITIUS
MAPSGFK,MAURITIUS_ATTR
MAPSGFK,MAYOTTE
MAPSGFK,MAYOTTE_ATTR
MAPSGFK,MEXICO
MAPSGFK,MEXICO_ATTR
MAPSGFK,MOLDOVA
MAPSGFK,MOLDOVA_ATTR
MAPSGFK,MONACO
MAPSGFK,MONACO_ATTR
MAPSGFK,MONGOLIA
MAPSGFK,MONGOLIA_ATTR
MAPSGFK,MONTENEGRO
MAPSGFK,MONTENEGRO_ATTR
MAPSGFK,MOROCCO
MAPSGFK,MOROCCO_ATTR
MAPSGFK,MOZAMBIQUE
MAPSGFK,MOZAMBIQUE_ATTR
MAPSGFK,MYANMAR
MAPSGFK,MYANMAR_ATTR
MAPSGFK,NAMERICA
MAPSGFK,NAMERICA1
MAPSGFK,NAMERICA1_ATTR
MAPSGFK,NAMERICA2
MAPSGFK,NAMERICA2_ATTR
MAPSGFK,NAMERICA_ATTR
MAPSGFK,NAMIBIA
MAPSGFK,NAMIBIA_ATTR
MAPSGFK,NEPAL
MAPSGFK,NEPAL_ATTR
MAPSGFK,NETHERLANDS
MAPSGFK,NETHERLANDS_ALL
MAPSGFK,NETHERLANDS_ALL_ATTR
MAPSGFK,NETHERLANDS_ATTR
MAPSGFK,NICARAGUA
MAPSGFK,NICARAGUA_ATTR
MAPSGFK,NIGER
MAPSGFK,NIGERIA
MAPSGFK,NIGERIA_ATTR
MAPSGFK,NIGER_ATTR
MAPSGFK,NORTH_KOREA
MAPSGFK,NORTH_KOREA_ATTR
MAPSGFK,NORWAY
MAPSGFK,NORWAY_ALL
MAPSGFK,NORWAY_ALL_ATTR
MAPSGFK,NORWAY_ATTR
MAPSGFK,NZ
MAPSGFK,NZ_ATTR
MAPSGFK,OCEANIA
MAPSGFK,OCEANIA1
MAPSGFK,OCEANIA1_ATTR
MAPSGFK,OCEANIA2
MAPSGFK,OCEANIA2_ATTR
MAPSGFK,OCEANIA_ATTR
MAPSGFK,OMAN
MAPSGFK,OMAN_ATTR
MAPSGFK,PAKISTAN
MAPSGFK,PAKISTAN_ATTR
MAPSGFK,PANAMA
MAPSGFK,PANAMA_ATTR
MAPSGFK,PAPUA_NEW_GUINEA
MAPSGFK,PAPUA_NEW_GUINEA_ATTR
MAPSGFK,PARAGUAY
MAPSGFK,PARAGUAY_ATTR
MAPSGFK,PERU
MAPSGFK,PERU_ATTR
MAPSGFK,PHILIPPINES
MAPSGFK,PHILIPPINES_ATTR
MAPSGFK,POLAND
MAPSGFK,POLAND_ATTR
MAPSGFK,PORTUGAL
MAPSGFK,PORTUGAL_ATTR
MAPSGFK,PROJPARM
MAPSGFK,QATAR
MAPSGFK,QATAR_ATTR
MAPSGFK,README
MAPSGFK,REUNION
MAPSGFK,REUNION_ATTR
MAPSGFK,ROMANIA
MAPSGFK,ROMANIA_ATTR
MAPSGFK,RUSSIA
MAPSGFK,RUSSIA_ATTR
MAPSGFK,RWANDA
MAPSGFK,RWANDA_ATTR
MAPSGFK,SAMERICA
MAPSGFK,SAMERICA1
MAPSGFK,SAMERICA1_ATTR
MAPSGFK,SAMERICA2
MAPSGFK,SAMERICA2_ATTR
MAPSGFK,SAMERICA_ATTR
MAPSGFK,SAN_MARINO
MAPSGFK,SAN_MARINO_ATTR
MAPSGFK,SAO_TOME_PRINCIPE
MAPSGFK,SAO_TOME_PRINCIPE_ATTR
MAPSGFK,SAUDI_ARABIA
MAPSGFK,SAUDI_ARABIA_ATTR
MAPSGFK,SENEGAL
MAPSGFK,SENEGAL_ATTR
MAPSGFK,SERBIA
MAPSGFK,SERBIA_ATTR
MAPSGFK,SEYCHELLES
MAPSGFK,SEYCHELLES_ATTR
MAPSGFK,SIERRA_LEONE
MAPSGFK,SIERRA_LEONE_ATTR
MAPSGFK,SINGAPORE
MAPSGFK,SINGAPORE_ATTR
MAPSGFK,SLOVAKIA
MAPSGFK,SLOVAKIA_ATTR
MAPSGFK,SLOVENIA
MAPSGFK,SLOVENIA_ATTR
MAPSGFK,SOMALIA
MAPSGFK,SOMALIA_ATTR
MAPSGFK,SOUTH_AFRICA
MAPSGFK,SOUTH_AFRICA_ATTR
MAPSGFK,SOUTH_GEORGIA_ISLANDS
MAPSGFK,SOUTH_GEORGIA_ISLANDS_ATTR
MAPSGFK,SOUTH_KOREA
MAPSGFK,SOUTH_KOREA_ATTR
MAPSGFK,SOUTH_SUDAN
MAPSGFK,SOUTH_SUDAN_ATTR
MAPSGFK,SPAIN
MAPSGFK,SPAIN_ATTR
MAPSGFK,SRI_LANKA
MAPSGFK,SRI_LANKA_ATTR
MAPSGFK,SUDAN
MAPSGFK,SUDAN_ATTR
MAPSGFK,SURINAME
MAPSGFK,SURINAME_ATTR
MAPSGFK,SVALBARD_JAN_MAYEN_ISLANDS
MAPSGFK,SVALBARD_JAN_MAYEN_ISLANDS_ATTR
MAPSGFK,SWAZILAND
MAPSGFK,SWAZILAND_ATTR
MAPSGFK,SWEDEN
MAPSGFK,SWEDEN_ATTR
MAPSGFK,SWITZERLAND
MAPSGFK,SWITZERLAND_ATTR
MAPSGFK,SYRIA
MAPSGFK,SYRIA_ATTR
MAPSGFK,TAIWAN
MAPSGFK,TAIWAN_ATTR
MAPSGFK,TAJIKISTAN
MAPSGFK,TAJIKISTAN_ATTR
MAPSGFK,TANZANIA
MAPSGFK,TANZANIA_ATTR
MAPSGFK,THAILAND
MAPSGFK,THAILAND_ATTR
MAPSGFK,TIMOR_LESTE
MAPSGFK,TIMOR_LESTE_ATTR
MAPSGFK,TOGO
MAPSGFK,TOGO_ATTR
MAPSGFK,TUNISIA
MAPSGFK,TUNISIA_ATTR
MAPSGFK,TURKEY
MAPSGFK,TURKEY_ATTR
MAPSGFK,TURKMENISTAN
MAPSGFK,TURKMENISTAN_ATTR
MAPSGFK,UGANDA
MAPSGFK,UGANDA_ATTR
MAPSGFK,UK
MAPSGFK,UKRAINE
MAPSGFK,UKRAINE_ATTR
MAPSGFK,UK_ALL
MAPSGFK,UK_ALL_ATTR
MAPSGFK,UK_ATTR
MAPSGFK,UNITED_ARAB_EMIRATES
MAPSGFK,UNITED_ARAB_EMIRATES_ATTR
MAPSGFK,URUGUAY
MAPSGFK,URUGUAY_ATTR
MAPSGFK,US
MAPSGFK,USCENTER
MAPSGFK,USCENTER_ALL
MAPSGFK,USCITY
MAPSGFK,USCITY_ALL
MAPSGFK,US_ALL
MAPSGFK,US_ALL_ATTR
MAPSGFK,US_COUNTIES
MAPSGFK,US_COUNTIES_ATTR
MAPSGFK,US_STATES
MAPSGFK,US_STATES_ATTR
MAPSGFK,UZBEKISTAN
MAPSGFK,UZBEKISTAN_ATTR
MAPSGFK,VATICAN_CITY
MAPSGFK,VATICAN_CITY_ATTR
MAPSGFK,VENEZUELA
MAPSGFK,VENEZUELA_ATTR
MAPSGFK,VIET_NAM
MAPSGFK,VIET_NAM_ATTR
MAPSGFK,WESTERN_SAHARA
MAPSGFK,WESTERN_SAHARA_ATTR
MAPSGFK,WORLD
MAPSGFK,WORLD_ATTR
MAPSGFK,WORLD_CITIES
MAPSGFK,YEMEN
MAPSGFK,YEMEN_ATTR
MAPSGFK,ZAMBIA
MAPSGFK,ZAMBIA_ATTR
MAPSGFK,ZIMBABWE
MAPSGFK,ZIMBABWE_ATTR
MAPSSAS,AFGHANI2
MAPSSAS,AFGHANIS
MAPSSAS,AFRICA
MAPSSAS,AFRICA2
MAPSSAS,ALGERIA
MAPSSAS,ALGERIA2
MAPSSAS,ANDORRA
MAPSSAS,ANDORRA2
MAPSSAS,ANOMALY
MAPSSAS,ANTARCT2
MAPSSAS,ANTARCTI
MAPSSAS,ARGENTI2
MAPSSAS,ARGENTIN
MAPSSAS,ARMENIA
MAPSSAS,ARMENIA2
MAPSSAS,ASIA
MAPSSAS,ASIA2
MAPSSAS,AUSTRAL
MAPSSAS,AUSTRAL2
MAPSSAS,AUSTRIA
MAPSSAS,AUSTRIA2
MAPSSAS,AZERBAI2
MAPSSAS,AZERBAIJ
MAPSSAS,BANGLAD2
MAPSSAS,BANGLADE
MAPSSAS,BELARUS
MAPSSAS,BELARUS2
MAPSSAS,BELGIUM
MAPSSAS,BELGIUM2
MAPSSAS,BELIZE
MAPSSAS,BELIZE2
MAPSSAS,BHUTAN
MAPSSAS,BHUTAN2
MAPSSAS,BOLIVIA
MAPSSAS,BOLIVIA2
MAPSSAS,BOSNIAH2
MAPSSAS,BOSNIAHE
MAPSSAS,BRAZIL
MAPSSAS,BRAZIL2
MAPSSAS,BRUNEI
MAPSSAS,BRUNEI2
MAPSSAS,BULGARI2
MAPSSAS,BULGARIA
MAPSSAS,CAMBODI2
MAPSSAS,CAMBODIA
MAPSSAS,CANADA
MAPSSAS,CANADA2
MAPSSAS,CANADA3
MAPSSAS,CANADA4
MAPSSAS,CANCENS
MAPSSAS,CHILE
MAPSSAS,CHILE2
MAPSSAS,CHINA
MAPSSAS,CHINA2
MAPSSAS,CNTYNAME
MAPSSAS,COLOMBI2
MAPSSAS,COLOMBIA
MAPSSAS,COSTRIC2
MAPSSAS,COSTRICA
MAPSSAS,COUNTIES
MAPSSAS,COUNTY
MAPSSAS,CROATIA
MAPSSAS,CROATIA2
MAPSSAS,CUBA
MAPSSAS,CUBA2
MAPSSAS,CYPRUS
MAPSSAS,CYPRUS2
MAPSSAS,CZECH
MAPSSAS,CZECH2
MAPSSAS,DENMARK
MAPSSAS,DENMARK2
MAPSSAS,DOMINRE2
MAPSSAS,DOMINREP
MAPSSAS,ECUADOR
MAPSSAS,ECUADOR2
MAPSSAS,EGYPT
MAPSSAS,EGYPT2
MAPSSAS,ERITREA
MAPSSAS,ERITREA2
MAPSSAS,ESTONIA
MAPSSAS,ESTONIA2
MAPSSAS,ETHIOPI2
MAPSSAS,ETHIOPIA
MAPSSAS,EUROPE
MAPSSAS,EUROPE2
MAPSSAS,FGUIANA
MAPSSAS,FGUIANA2
MAPSSAS,FINLAND
MAPSSAS,FINLAND2
MAPSSAS,FRANCE
MAPSSAS,FRANCE2
MAPSSAS,GAZASTR2
MAPSSAS,GAZASTRI
MAPSSAS,GEORGIA
MAPSSAS,GEORGIA2
MAPSSAS,GERMANY
MAPSSAS,GERMANY2
MAPSSAS,GREECE
MAPSSAS,GREECE2
MAPSSAS,GUATEMA2
MAPSSAS,GUATEMAL
MAPSSAS,GUYANA
MAPSSAS,GUYANA2
MAPSSAS,HAITI
MAPSSAS,HAITI2
MAPSSAS,HKDB1
MAPSSAS,HKDB2
MAPSSAS,HKKWDB1
MAPSSAS,HKKWDB2
MAPSSAS,HKKWPU1
MAPSSAS,HKKWPU2
MAPSSAS,HKNTDB1
MAPSSAS,HKNTDB2
MAPSSAS,HKNTPU1
MAPSSAS,HKNTPU2
MAPSSAS,HKPU1
MAPSSAS,HKPU2
MAPSSAS,HONDURA2
MAPSSAS,HONDURAS
MAPSSAS,HUNGARY
MAPSSAS,HUNGARY2
MAPSSAS,INDIA
MAPSSAS,INDIA2
MAPSSAS,INDONES2
MAPSSAS,INDONESI
MAPSSAS,IRAN
MAPSSAS,IRAN2
MAPSSAS,IRAQ
MAPSSAS,IRAQ2
MAPSSAS,IRAQSAU2
MAPSSAS,IRAQSAUD
MAPSSAS,IRELAND
MAPSSAS,IRELAND2
MAPSSAS,ISRAEL
MAPSSAS,ISRAEL2
MAPSSAS,ITALY
MAPSSAS,ITALY2
MAPSSAS,IVORY
MAPSSAS,IVORY2
MAPSSAS,JAMAICA
MAPSSAS,JAMAICA2
MAPSSAS,JAOSAKA
MAPSSAS,JAOSAKA2
MAPSSAS,JAPAN
MAPSSAS,JAPAN2
MAPSSAS,JATOKYO
MAPSSAS,JATOKYO2
MAPSSAS,JDESC
MAPSSAS,JDESCE
MAPSSAS,KAZAKHS2
MAPSSAS,KAZAKHST
MAPSSAS,KENYA
MAPSSAS,KENYA2
MAPSSAS,KOREANO2
MAPSSAS,KOREANOR
MAPSSAS,KOREASO2
MAPSSAS,KOREASOU
MAPSSAS,KOSEOUL
MAPSSAS,KOSEOUL2
MAPSSAS,KYRGYZS2
MAPSSAS,KYRGYZST
MAPSSAS,LAOS
MAPSSAS,LAOS2
MAPSSAS,LATVIA
MAPSSAS,LATVIA2
MAPSSAS,LEBANON
MAPSSAS,LEBANON2
MAPSSAS,LIBYA
MAPSSAS,LIBYA2
MAPSSAS,LIECHTE2
MAPSSAS,LIECHTEN
MAPSSAS,LITHUAN2
MAPSSAS,LITHUANI
MAPSSAS,LUXEMBO2
MAPSSAS,LUXEMBOU
MAPSSAS,MACAU
MAPSSAS,MACAU2
MAPSSAS,MACEDON2
MAPSSAS,MACEDONI
MAPSSAS,MALAYSI2
MAPSSAS,MALAYSIA
MAPSSAS,METAMAPS
MAPSSAS,MEXICO
MAPSSAS,MEXICO2
MAPSSAS,MOLDOVA
MAPSSAS,MOLDOVA2
MAPSSAS,MONACO
MAPSSAS,MONACO2
MAPSSAS,MONGOLI2
MAPSSAS,MONGOLIA
MAPSSAS,MONTENE2
MAPSSAS,MONTENEG
MAPSSAS,MOROCCO
MAPSSAS,MOROCCO2
MAPSSAS,MYANMAR
MAPSSAS,MYANMAR2
MAPSSAS,NAMERIC2
MAPSSAS,NAMERICA
MAPSSAS,NAMES
MAPSSAS,NEPAL
MAPSSAS,NEPAL2
MAPSSAS,NICARAG2
MAPSSAS,NICARAGU
MAPSSAS,NIGERIA
MAPSSAS,NIGERIA2
MAPSSAS,NORWAY
MAPSSAS,NORWAY2
MAPSSAS,NTLANDS
MAPSSAS,NTLANDS2
MAPSSAS,NZ
MAPSSAS,NZ2
MAPSSAS,OCEANIA
MAPSSAS,OCEANIA2
MAPSSAS,ODESC
MAPSSAS,ODESCE
MAPSSAS,OSAKA
MAPSSAS,PAKISTA2
MAPSSAS,PAKISTAN
MAPSSAS,PANAMA
MAPSSAS,PANAMA2
MAPSSAS,PARAGUA2
MAPSSAS,PARAGUAY
MAPSSAS,PERU
MAPSSAS,PERU2
MAPSSAS,PHILIPP2
MAPSSAS,PHILIPPI
MAPSSAS,POLAND
MAPSSAS,POLAND2
MAPSSAS,PORTUGA2
MAPSSAS,PORTUGAL
MAPSSAS,ROMANIA
MAPSSAS,ROMANIA2
MAPSSAS,RUSSIA
MAPSSAS,RUSSIA2
MAPSSAS,SALVADO2
MAPSSAS,SALVADOR
MAPSSAS,SAMERIC2
MAPSSAS,SAMERICA
MAPSSAS,SANMARI2
MAPSSAS,SANMARIN
MAPSSAS,SAUDIAR2
MAPSSAS,SAUDIARA
MAPSSAS,SERBIA
MAPSSAS,SERBIA2
MAPSSAS,SINGAPO2
MAPSSAS,SINGAPOR
MAPSSAS,SLOVAKI2
MAPSSAS,SLOVAKIA
MAPSSAS,SLOVENI2
MAPSSAS,SLOVENIA
MAPSSAS,SPACIFIC
MAPSSAS,SPAIN
MAPSSAS,SPAIN2
MAPSSAS,SRILANK2
MAPSSAS,SRILANKA
MAPSSAS,STATES
MAPSSAS,SURINAM2
MAPSSAS,SURINAME
MAPSSAS,SWEDEN
MAPSSAS,SWEDEN2
MAPSSAS,SWITZER2
MAPSSAS,SWITZERL
MAPSSAS,SYRIA
MAPSSAS,SYRIA2
MAPSSAS,TAIWAN
MAPSSAS,TAIWAN2
MAPSSAS,TAJIKIS2
MAPSSAS,TAJIKIST
MAPSSAS,TDESC
MAPSSAS,TDESCE
MAPSSAS,THAILAN2
MAPSSAS,THAILAND
MAPSSAS,TOKYO
MAPSSAS,TRINIDA2
MAPSSAS,TRINIDAD
MAPSSAS,TUNISIA
MAPSSAS,TUNISIA2
MAPSSAS,TURKEY
MAPSSAS,TURKEY2
MAPSSAS,TURKMEN2
MAPSSAS,TURKMENI
MAPSSAS,UK
MAPSSAS,UK2
MAPSSAS,UKRAINE
MAPSSAS,UKRAINE2
MAPSSAS,URUGUAY
MAPSSAS,URUGUAY2
MAPSSAS,US
MAPSSAS,US2
MAPSSAS,USCENTER
MAPSSAS,USCITY
MAPSSAS,USCOUNTY
MAPSSAS,UZBEKIS2
MAPSSAS,UZBEKIST
MAPSSAS,VENEZUE2
MAPSSAS,VENEZUEL
MAPSSAS,VIETNAM
MAPSSAS,VIETNAM2
MAPSSAS,WESTBAN2
MAPSSAS,WESTBANK
MAPSSAS,WORLD
MAPSSAS,ZAIRE
MAPSSAS,ZAIRE2
SASHELP,AACOMP
SASHELP,AARFM
SASHELP,ADSMSG
SASHELP,AFMSG
SASHELP,AIR
SASHELP,AIRLINE
SASHELP,APPLIANC
SASHELP,ASSCMGR
SASHELP,BASEBALL
SASHELP,BEI
SASHELP,BIRTHWGT
SASHELP,BMIMEN
SASHELP,BMT
SASHELP,BURROWS
SASHELP,BUY
SASHELP,BWEIGHT
SASHELP,CARS
SASHELP,CITIDAY
SASHELP,CITIMON
SASHELP,CITIQTR
SASHELP,CITIWK
SASHELP,CITIYR
SASHELP,CLASS
SASHELP,CLASSFIT
SASHELP,CLNMSG
SASHELP,CNTAINER
SASHELP,COLUMN
SASHELP,COMET
SASHELP,COUNTSERIES
SASHELP,CP951
SASHELP,CREDIT
SASHELP,CSSTOP
SASHELP,DASTOP
SASHELP,DEMOGRAPHICS
SASHELP,DESKACT
SASHELP,DESKFD
SASHELP,DESKOBJ
SASHELP,DESTOP
SASHELP,DFTDICT
SASHELP,DMCAS
SASHELP,DMGMSG
SASHELP,DMINE
SASHELP,DMTOOLS
SASHELP,DMWBTOOL
SASHELP,DPLOG
SASHELP,DYNATTR
SASHELP,EISMBRP
SASHELP,EISMSG
SASHELP,ELECTRIC
SASHELP,ELSTOP
SASHELP,EMSASCOD
SASHELP,EMTOOL
SASHELP,ENGSTOP
SASHELP,ENGSYNMS
SASHELP,ENG_MULTI
SASHELP,ENSO
SASHELP,ENSTOP
SASHELP,ESSTOP
SASHELP,ETSMSG
SASHELP,FAILURE
SASHELP,FEEDDET
SASHELP,FEEDER
SASHELP,FISH
SASHELP,FISTOP
SASHELP,FLAGS
SASHELP,FONTDATA
SASHELP,FORECASTBAT
SASHELP,FRCHSTOP
SASHELP,FRNCH_MULTI
SASHELP,FRSTOP
SASHELP,FSAUTH
SASHELP,FSHEAD
SASHELP,GAS
SASHELP,GCDIRECT
SASHELP,GCSTATE
SASHELP,GCTYPE
SASHELP,GEOEXM
SASHELP,GEOEXP
SASHELP,GEOEXS
SASHELP,GERM_MULTI
SASHELP,GNGMSG
SASHELP,GNGSMP1
SASHELP,GNGSMP2
SASHELP,GNP
SASHELP,GRIDDED
SASHELP,GRMNSTOP
SASHELP,GULFOIL
SASHELP,HEART
SASHELP,HESTOP
SASHELP,HISTOP
SASHELP,HKSCS01
SASHELP,HOLIDAY
SASHELP,HRSTOP
SASHELP,HUMID
SASHELP,HUSTOP
SASHELP,IDSTOP
SASHELP,IMAGERW
SASHELP,IMGMSG
SASHELP,IRIS
SASHELP,ITAL_MULTI
SASHELP,ITSTOP
SASHELP,JAC
SASHELP,JUNKMAIL
SASHELP,KOC
SASHELP,LAKE
SASHELP,LEUTEST
SASHELP,LEUTRAIN
SASHELP,LIBRARY
SASHELP,LOC
SASHELP,LSWMSG
SASHELP,MACRS10
SASHELP,MACRS15
SASHELP,MACRS20
SASHELP,MACRS3
SASHELP,MACRS5
SASHELP,MACRS7
SASHELP,MANAGE
SASHELP,MARGARIN
SASHELP,MDASSOC
SASHELP,MDBMSG
SASHELP,METAIMDB
SASHELP,METAMSG
SASHELP,MILEAGES
SASHELP,MIXDSTOP
SASHELP,MON1001
SASHELP,MON111
SASHELP,MONIKER
SASHELP,MRRGSTRY
SASHELP,MWELECT
SASHELP,NLSTOP
SASHELP,NOSTOP
SASHELP,NVST1
SASHELP,NVST2
SASHELP,NVST3
SASHELP,NVST4
SASHELP,NVST5
SASHELP,OMAASSC
SASHELP,OMAVERB
SASHELP,ORSALES
SASHELP,PLFIPS
SASHELP,PLSTOP
SASHELP,PORT_MULTI
SASHELP,PRDSAL2
SASHELP,PRDSAL3
SASHELP,PRDSALE
SASHELP,PRICEDATA
SASHELP,PROJ4DEF
SASHELP,PTSTOP
SASHELP,QSEEDS
SASHELP,QTR1001
SASHELP,QTR111
SASHELP,QUAKES
SASHELP,RENT
SASHELP,RETAIL
SASHELP,REVHUB2
SASHELP,ROCKPIT
SASHELP,ROSTOP
SASHELP,RUSTOP
SASHELP,SASMBC
SASHELP,SASMSG
SASHELP,SHELL
SASHELP,SHOES
SASHELP,SKSTOP
SASHELP,SLKWXL
SASHELP,SLSTOP
SASHELP,SMEMSG
SASHELP,SNACKS
SASHELP,SPAN_MULTI
SASHELP,SPRINGS
SASHELP,STEEL
SASHELP,STOCKS
SASHELP,STOPLST
SASHELP,STTMSG
SASHELP,SVRTDIST
SASHELP,SVSTOP
SASHELP,SYR1001
SASHELP,TABLE
SASHELP,THICK
SASHELP,TIMEDATA
SASHELP,TMINE
SASHELP,TOURISM
SASHELP,TRSTOP
SASHELP,TSXBAT
SASHELP,TSXFNC
SASHELP,USECON
SASHELP,US_DATA
SASHELP,VBPLAYRS
SASHELP,VERBMGR
SASHELP,VIDMSG
SASHELP,VOTE1980
SASHELP,WEBMSG
SASHELP,WORKERS
SASHELP,YR1001
SASHELP,YR111
SASHELP,ZHC
SASHELP,ZIPCODE
SASHELP,ZIPMIL
SASHELP,ZTC
SASHELP,_CMPIDX_
STPSAMP,STPBGT
STPSAMP,STPEURO
STPSAMP,STPSALE
WORK,__JUPYTERSASKERNEL__
