MSGID,MNEMONIC,LINENO,LEVEL,TEXT,PBUTTONS
1036.0,CL_DOWN,1.0,O,Down,SASHELP.FSP.OK.SLIST
1037.0,CL_UP,1.0,O,Up,SASHELP.FSP.OK.SLIST
1038.0,CL_LEFT,1.0,O,Left,SASHELP.FSP.OK.SLIST
1039.0,CL_RIGHT,1.0,O,Right,SASHELP.FSP.OK.SLIST
1043.0,CL_EXPAND,1.0,O,Expand,SASHELP.FSP.OK.SLIST
1044.0,CL_COLLAPSE,1.0,O,Collapse,SASHELP.FSP.OK.SLIST
1070.0,CL_ROTATE,1.0,O,Rotate,SASHELP.FSP.OK.SLIST
1413.0,IO_NO_STATS_SPECIFIED,1.0,E,A statistic is required.,SASHELP.FSP.OK.SLIST
2541.0,IN_EIS_REQUIRED,1.0,N,"This application requires SAS/EIS software, which",SASHELP.FSP.OK.SLIST
2541.0,IN_EIS_REQUIRED,2.0,N,is not licensed on your machine.  SAS/EIS software,SASHELP.FSP.OK.SLIST
2541.0,IN_EIS_REQUIRED,3.0,N,is an object-oriented environment for creating and,SASHELP.FSP.OK.SLIST
2541.0,IN_EIS_REQUIRED,4.0,N,maintaining highly intuitive enterprise information,SASHELP.FSP.OK.SLIST
2541.0,IN_EIS_REQUIRED,5.0,N,"systems.  For more information, please contact your",SASHELP.FSP.OK.SLIST
2541.0,IN_EIS_REQUIRED,6.0,N,SAS site representative.,SASHELP.FSP.OK.SLIST
2885.0,CL_STATISTIC_DESCRIPTIONS,1.0,L,"Sum,Percent of Sum,Average,Total Number of Nonmissing Values,",
2885.0,CL_STATISTIC_DESCRIPTIONS,2.0,L,"Percent of Total Number,Minimum,Maximum,Range,",
2885.0,CL_STATISTIC_DESCRIPTIONS,3.0,L,"Total Number of Missing Values,Standard Deviation,",
2885.0,CL_STATISTIC_DESCRIPTIONS,4.0,L,"Standard Error of Mean,Lower Confidence Limit,Upper Confidence Limit,",
2885.0,CL_STATISTIC_DESCRIPTIONS,5.0,L,"Uncorrected Sum of Squares,Corrected Sum of Squares,",
2885.0,CL_STATISTIC_DESCRIPTIONS,6.0,L,"Variance,Coefficient of Variation,T Value,Probability of Greater Absolute Value,Sum of Weights, Unweighted Sum, Nunique",
2978.0,IN_STATISTICS,1.0,O,Statistics,SASHELP.FSP.OK.SLIST
2979.0,IN_ACROSS,1.0,O,Across,SASHELP.FSP.OK.SLIST
2980.0,IN_ANALYSIS,1.0,O,Analysis,SASHELP.FSP.OK.SLIST
2981.0,IN_INDEX_LINK,1.0,O,Select New File,SASHELP.FSP.OK.SLIST
2982.0,IN_DEFAULT_TITLE,1.0,O,Multidimensional Reports,SASHELP.FSP.OK.SLIST
2983.0,IN_REPORT_TYPE,1.0,O,Specify Report Type,SASHELP.FSP.OK.SLIST
2984.0,IN_SELECT_FILE,1.0,O,Select File,SASHELP.FSP.OK.SLIST
2985.0,IN_SELECT_SERVICE,1.0,O,Select service,SASHELP.FSP.OK.SLIST
2986.0,IN_DEBUGGING_LEVEL,1.0,O,Debugging level,SASHELP.FSP.OK.SLIST
2987.0,IN_NEXT,1.0,O,Next,SASHELP.FSP.OK.SLIST
2988.0,IN_VIEW_REPORT,1.0,O,View Report,SASHELP.FSP.OK.SLIST
2989.0,IN_APPLY,1.0,O,Apply,SASHELP.FSP.OK.SLIST
2999.0,IN_MISSING_PATH,1.0,E,Missing path parameter.,SASHELP.FSP.OK.SLIST
3000.0,IN_FILE_EXISTS_OVERWRITE,1.0,Q,File already exists. Overwrite?,SASHELP.FSP.YN.SLIST
3001.0,IN_NO_MDDBS_REGISTERED,1.0,O,No MDDBs registered in metabase.,SASHELP.FSP.OK.SLIST
3002.0,IN_UNABLE_TO_OPEN_FILE,1.0,O,Unable to open specified file.,SASHELP.FSP.OK.SLIST
3003.0,IN_HTML_TITLE,1.0,O,SAS MDDB Report Viewer,SASHELP.FSP.OK.SLIST
3004.0,IN_VERTICAL_BAR,1.0,O,Vertical bar,SASHELP.FSP.OK.SLIST
3005.0,IN_BLOCK,1.0,O,Block,SASHELP.FSP.OK.SLIST
3006.0,IN_PIE,1.0,O,Pie,SASHELP.FSP.OK.SLIST
3007.0,IN_HORIZONTAL_BAR,1.0,O,Horizontal bar,SASHELP.FSP.OK.SLIST
3008.0,IN_GRAPH_INSTRUCTIONS,1.0,O,Click on Apply to update displayed graph with new,SASHELP.FSP.OK.SLIST
3008.0,IN_GRAPH_INSTRUCTIONS,2.0,O,graph type.,SASHELP.FSP.OK.SLIST
3009.0,IN_MDDB_NOT_EXIST,1.0,O,MDDB %1$ does not exist.,SASHELP.FSP.OK.SLIST
3010.0,IN_DOWN_REQUIRED,1.0,O,Down variable is required.,SASHELP.FSP.OK.SLIST
3011.0,IN_ANALYSIS_REQUIRED,1.0,O,Analysis variable is required.,SASHELP.FSP.OK.SLIST
3012.0,IN_ACROSS_REQUIRED,1.0,O,Across variable is required.,SASHELP.FSP.OK.SLIST
3013.0,IN_PLEASE_WAIT,1.0,O,Please wait.,SASHELP.FSP.OK.SLIST
3014.0,IN_DOWN_NE_ACROSS,1.0,O,The Down and Across variables cannot be the same.,SASHELP.FSP.OK.SLIST
3015.0,IN_VAR_IS_HIERARCHY_MEMBER,1.0,O,The %1$ variable cannot be a member of the hierarchy,SASHELP.FSP.OK.SLIST
3015.0,IN_VAR_IS_HIERARCHY_MEMBER,2.0,O,selected for the %2$ variable.,SASHELP.FSP.OK.SLIST
3016.0,IN_GRAPH_TYPE_LABEL,1.0,O,Graph Type,SASHELP.FSP.OK.SLIST
3030.0,IN_NO_INPUT_PARMS,1.0,E,ERROR: Application Server Error.,SASHELP.FSP.OK.SLIST
3030.0,IN_NO_INPUT_PARMS,2.0,E,No input parameters were specified.,SASHELP.FSP.OK.SLIST
3030.0,IN_NO_INPUT_PARMS,3.0,E,You must supply at least PORT= upon invocation.,SASHELP.FSP.OK.SLIST
3031.0,IN_INCOMPATIBLE_PARMS,1.0,E,ERROR: Application Server Error.,SASHELP.FSP.OK.SLIST
3031.0,IN_INCOMPATIBLE_PARMS,2.0,E,Incompatible invocation parameters.,SASHELP.FSP.OK.SLIST
3031.0,IN_INCOMPATIBLE_PARMS,3.0,E,PORT cannot be specified with INFILE | OUTFILE | INDEVICE | OUTDEVICE.,SASHELP.FSP.OK.SLIST
3032.0,IN_INCORRECT_RELEASE,1.0,O,The application can only run using release 6.12 of,SASHELP.FSP.OK.SLIST
3032.0,IN_INCORRECT_RELEASE,2.0,O,the SAS System. The service you chose is release,SASHELP.FSP.OK.SLIST
3032.0,IN_INCORRECT_RELEASE,3.0,O,%1$. Please choose another service.,SASHELP.FSP.OK.SLIST
3035.0,IN_HTML_HEADER,1.0,E,<HTML>,SASHELP.FSP.OK.SLIST
3035.0,IN_HTML_HEADER,2.0,E,<HEAD><TITLE>Application Error</TITLE></HEAD>,SASHELP.FSP.OK.SLIST
3035.0,IN_HTML_HEADER,3.0,E,"<BODY BGCOLOR=""#FFFFFF"" TEXT=""#000000"" LINK=""#0000FF"" VLINK=""#800080"" ALINK=""#FF0000"">",SASHELP.FSP.OK.SLIST
3035.0,IN_HTML_HEADER,4.0,E,<H1>Application Error</H1>,SASHELP.FSP.OK.SLIST
3036.0,IN_APPSRV_SYSMSG,1.0,E,<P>System Message: %1$ <BR>,SASHELP.FSP.OK.SLIST
3036.0,IN_APPSRV_SYSMSG,2.0,E,System return code: %2$ </P>,SASHELP.FSP.OK.SLIST
3037.0,IN_HTML_FOOTER1,1.0,E,<HR>,SASHELP.FSP.OK.SLIST
3037.0,IN_HTML_FOOTER1,2.0,E,"<ADDRESS>Please notify <A HREF=""mailto:%1$"">%2$</A>",SASHELP.FSP.OK.SLIST
3037.0,IN_HTML_FOOTER1,3.0,E,if you are unable to correct this problem.</ADDRESS>,SASHELP.FSP.OK.SLIST
3037.0,IN_HTML_FOOTER1,4.0,E,</BODY></HTML>,SASHELP.FSP.OK.SLIST
3038.0,IN_HTML_FOOTER2,1.0,E,<HR>,SASHELP.FSP.OK.SLIST
3038.0,IN_HTML_FOOTER2,2.0,E,<ADDRESS>Please notify the administrator,SASHELP.FSP.OK.SLIST
3038.0,IN_HTML_FOOTER2,3.0,E,if you are unable to correct this problem.</ADDRESS>,SASHELP.FSP.OK.SLIST
3038.0,IN_HTML_FOOTER2,4.0,E,</BODY></HTML>,SASHELP.FSP.OK.SLIST
3039.0,IN_ERROR_PGMNAME,1.0,E,<P>Error in program name. The program name you,SASHELP.FSP.OK.SLIST
3039.0,IN_ERROR_PGMNAME,2.0,E,supplied %1$ is invalid syntax.  The proper syntax,SASHELP.FSP.OK.SLIST
3039.0,IN_ERROR_PGMNAME,3.0,E,is library.pgmname.sas</P>,SASHELP.FSP.OK.SLIST
3040.0,IN_INVALID_LIBNAME,1.0,E,<P>Libname %1$ is not a valid SAS name.</P>,SASHELP.FSP.OK.SLIST
3041.0,IN_ERROR_PGMNAME_2,1.0,E,<P>Error in program name. The program,SASHELP.FSP.OK.SLIST
3041.0,IN_ERROR_PGMNAME_2,2.0,E,name you supplied %1$ is invalid syntax.,SASHELP.FSP.OK.SLIST
3041.0,IN_ERROR_PGMNAME_2,3.0,E,The proper syntax is library.catname.pgmname.entrytype,SASHELP.FSP.OK.SLIST
3041.0,IN_ERROR_PGMNAME_2,4.0,E,</P>,SASHELP.FSP.OK.SLIST
3042.0,IN_PROGRAM_FIELD_MISSING,1.0,E,<P>The required field _PROGRAM was not specified.  Please retry.</P>,SASHELP.FSP.OK.SLIST
3043.0,IN_CATALOG_NAME_INVALID,1.0,E,<P>Catalog name %1$ is not a valid SAS name.</P>,SASHELP.FSP.OK.SLIST
3044.0,IN_PROGRAM_NAME_INVALID,1.0,E,<P>Program name %1$ is not a valid SAS name.</P>,SASHELP.FSP.OK.SLIST
3046.0,IN_PROGRAM_TYPE_INVALID,1.0,E,<P>The program type %1$ is invalid.</P>,SASHELP.FSP.OK.SLIST
3047.0,IN_SAS_TYPE_NOT_SHARE,1.0,E,<P>Programs of type .SAS cannot be executed via a share server.</P>,SASHELP.FSP.OK.SLIST
3048.0,IN_PROBLEM_ISSUING_LIBNAME,1.0,E,<P>A problem occurred issuing the libname.,SASHELP.FSP.OK.SLIST
3048.0,IN_PROBLEM_ISSUING_LIBNAME,2.0,E,Please contact the server administrator.</P>,SASHELP.FSP.OK.SLIST
3050.0,IN_LIBRARY_NOT_ALLOCATED,1.0,E,<P>The library %1$ is not allocated for the current,SASHELP.FSP.OK.SLIST
3050.0,IN_LIBRARY_NOT_ALLOCATED,2.0,E,service.  Check the spelling of the library name.,SASHELP.FSP.OK.SLIST
3050.0,IN_LIBRARY_NOT_ALLOCATED,3.0,E,If it is spelled correctly contact the server administrator,SASHELP.FSP.OK.SLIST
3050.0,IN_LIBRARY_NOT_ALLOCATED,4.0,E,and notify him/her of the problem.</P>,SASHELP.FSP.OK.SLIST
3052.0,IN_PROGRAM_DOES_NOT_EXIST,1.0,E,<P>The program %1$ does not exist.</P>,SASHELP.FSP.OK.SLIST
3054.0,IN_MACRO_COPY_FAILED,1.0,E,<P>Unable to execute macro program -- copy failed.</P>,SASHELP.FSP.OK.SLIST
3055.0,IN_ERROR_IN_PROGRAM_NAME,1.0,E,<P>Error in program name. Name must have three or,SASHELP.FSP.OK.SLIST
3055.0,IN_ERROR_IN_PROGRAM_NAME,2.0,E,four levels delimited by periods.</P>,SASHELP.FSP.OK.SLIST
3057.0,IN_APPSRV_MISSING_PASSWORD,1.0,E,<P>This Application Server is password protected.,SASHELP.FSP.OK.SLIST
3057.0,IN_APPSRV_MISSING_PASSWORD,2.0,E,You must supply a password to execute administrative,SASHELP.FSP.OK.SLIST
3057.0,IN_APPSRV_MISSING_PASSWORD,3.0,E,programs such as %1$.</P>,SASHELP.FSP.OK.SLIST
3058.0,IN_APPSRV_INCORRECT_PASSWORD,1.0,E,<P>This Application Server is password protected.,SASHELP.FSP.OK.SLIST
3058.0,IN_APPSRV_INCORRECT_PASSWORD,2.0,E,To execute administrative programs such as %1$ you,SASHELP.FSP.OK.SLIST
3058.0,IN_APPSRV_INCORRECT_PASSWORD,3.0,E,must supply the correct password.  The password,SASHELP.FSP.OK.SLIST
3058.0,IN_APPSRV_INCORRECT_PASSWORD,4.0,E,you supplied is incorrect.  This failure has been,SASHELP.FSP.OK.SLIST
3058.0,IN_APPSRV_INCORRECT_PASSWORD,5.0,E,logged.</P>,SASHELP.FSP.OK.SLIST
3060.0,IN_APPSRV_INTERRUPTED,1.0,E,<P>The Application Server has been interrupted.</P>,SASHELP.FSP.OK.SLIST
3061.0,IN_LOG_INCORRECT_PASSWORD,1.0,E,WARNING: Server administration program %1$ was,SASHELP.FSP.OK.SLIST
3061.0,IN_LOG_INCORRECT_PASSWORD,2.0,E,attempted with an incorrect password!,SASHELP.FSP.OK.SLIST
3063.0,IN_INCOMPATIBLE_PARMS2,1.0,E,ERROR: Application Server Error.,SASHELP.FSP.OK.SLIST
3063.0,IN_INCOMPATIBLE_PARMS2,2.0,E,Improper invocation parameters.,SASHELP.FSP.OK.SLIST
3063.0,IN_INCOMPATIBLE_PARMS2,3.0,E,INFILE and OUTFILE must be specified together.,SASHELP.FSP.OK.SLIST
3064.0,IN_SRVROOT_NOT_EXIST,1.0,E,ERROR: Application Server Error.,SASHELP.FSP.OK.SLIST
3064.0,IN_SRVROOT_NOT_EXIST,2.0,E,Server root directory does not exist.,SASHELP.FSP.OK.SLIST
3065.0,IN_APPSRV_SETTINGS,1.0,E,NOTE: Application Server Settings.,SASHELP.FSP.OK.SLIST
3065.0,IN_APPSRV_SETTINGS,2.0,E,%NSERVER ROOT:  %1$,SASHELP.FSP.OK.SLIST
3065.0,IN_APPSRV_SETTINGS,3.0,E,%NAUTOEXEC:     %2$,SASHELP.FSP.OK.SLIST
3065.0,IN_APPSRV_SETTINGS,4.0,E,%NPERMDATA:     %3$,SASHELP.FSP.OK.SLIST
3065.0,IN_APPSRV_SETTINGS,5.0,E,%NRESET:        %4$,SASHELP.FSP.OK.SLIST
3065.0,IN_APPSRV_SETTINGS,6.0,E,%NPASSWD:       %5$,SASHELP.FSP.OK.SLIST
3066.0,IN_SRVROOT_NOT_VERIFY,1.0,E,ERROR: Application Server Error.,SASHELP.FSP.OK.SLIST
3066.0,IN_SRVROOT_NOT_VERIFY,2.0,E,Unable to verify the server root directory.,SASHELP.FSP.OK.SLIST
3066.0,IN_SRVROOT_NOT_VERIFY,3.0,E,The path may be misspelled or may reference a file,SASHELP.FSP.OK.SLIST
3066.0,IN_SRVROOT_NOT_VERIFY,4.0,E,instead of a directory.,SASHELP.FSP.OK.SLIST
3067.0,IN_PORTNO_SETTING,1.0,N,PORT:         %1$,SASHELP.FSP.OK.SLIST
3068.0,IN_FILE_SETTINGS,1.0,N,INFILE:       %1$,SASHELP.FSP.OK.SLIST
3068.0,IN_FILE_SETTINGS,2.0,N,%NOUTFILE:      %2$,SASHELP.FSP.OK.SLIST
3068.0,IN_FILE_SETTINGS,3.0,N,%NINDEVICE:     %3$,SASHELP.FSP.OK.SLIST
3068.0,IN_FILE_SETTINGS,4.0,N,%NOUTDEVICE:    %4$,SASHELP.FSP.OK.SLIST
3069.0,IN_SRVAUTO_NOT_FOUND,1.0,N,NOTE: Autoexec file not found in server root directory.,SASHELP.FSP.OK.SLIST
3070.0,IN_PERMDATA_NOT_FOUND,1.0,N,NOTE: Permdata file not found in server root directory.,SASHELP.FSP.OK.SLIST
3071.0,IN_RESET_NOT_FOUND,1.0,N,NOTE: Reset file not found in server root directory.,SASHELP.FSP.OK.SLIST
3072.0,IO_NO_SOCKET_FILENAME,1.0,E,ERROR: Application Server Error.,SASHELP.FSP.OK.SLIST
3072.0,IO_NO_SOCKET_FILENAME,2.0,E,Unable to issue filename to socket or input file.,SASHELP.FSP.OK.SLIST
3073.0,IO_NOT_OPEN_SOCKET,1.0,E,ERROR: Application Server Error.,SASHELP.FSP.OK.SLIST
3073.0,IO_NOT_OPEN_SOCKET,2.0,E,Could not open input file or socket.,SASHELP.FSP.OK.SLIST
3074.0,IN_INITIALIZE_APPSRV,1.0,N,%NInitiailizing SAS/IntrNet Application Server . . .,SASHELP.FSP.OK.SLIST
3075.0,IN_APPSRV_COMPLETED,1.0,N,%NSAS/IntrNet Application Server completed execution.%N,SASHELP.FSP.OK.SLIST
3076.0,IN_APPSRV_VERSION,1.0,N,Application Server version: %1$%N,SASHELP.FSP.OK.SLIST
3077.0,IN_VERSION_WARNING,1.0,W,WARNING: Application Broker and Application Server versions are incompatible.,SASHELP.FSP.OK.SLIST
3078.0,IN_BEGIN_NOTE,1.0,N,Beginning to process request number %1$ : %2$,SASHELP.FSP.OK.SLIST
3079.0,IN_WAITING_NOTE,1.0,N,Waiting for next request:  %1$,SASHELP.FSP.OK.SLIST
3080.0,IO_MALFORMED_REQUEST,1.0,W,WARNING: The server received a malformed request.,SASHELP.FSP.OK.SLIST
3080.0,IO_MALFORMED_REQUEST,2.0,W,"The broker may be malfunctioning, or a client may",SASHELP.FSP.OK.SLIST
3080.0,IO_MALFORMED_REQUEST,3.0,W,be trying to connect without using the proper protocol.,SASHELP.FSP.OK.SLIST
3080.0,IO_MALFORMED_REQUEST,4.0,W,THIS MAY BE A SIGN OF A POTENTIAL INTRUDER.,SASHELP.FSP.OK.SLIST
3081.0,IN_PERM_NOT_PGMLIB,1.0,W,WARNING: The permanent data library %1$ could,SASHELP.FSP.OK.SLIST
3081.0,IN_PERM_NOT_PGMLIB,2.0,W,not be assigned because the libref is already,SASHELP.FSP.OK.SLIST
3081.0,IN_PERM_NOT_PGMLIB,3.0,W,in use as a program library.  It is a security,SASHELP.FSP.OK.SLIST
3081.0,IN_PERM_NOT_PGMLIB,4.0,W,violation to define store programs in data libraries,SASHELP.FSP.OK.SLIST
3081.0,IN_PERM_NOT_PGMLIB,5.0,W,and vice versa.,SASHELP.FSP.OK.SLIST
3083.0,IN_RAN_AUTOEXEC,1.0,N,<P>The server autoexec file has been executed.</P>,SASHELP.FSP.OK.SLIST
3085.0,IN_REPLY_ENDSAS,1.0,N,<P>The application server has been shutdown.</P>,SASHELP.FSP.OK.SLIST
3086.0,IN_RAN_PERMDATA,1.0,N,<P>The server permdata file has been executed.</P>,SASHELP.FSP.OK.SLIST
3087.0,IN_PING_MESSAGE,1.0,N,<P><B>Ping!</B> The Application Server is functioning properly.</P>,SASHELP.FSP.OK.SLIST
3088.0,IN_RAN_RESET,1.0,N,<P>The server reset file has been executed.</P>,SASHELP.FSP.OK.SLIST
3089.0,IN_STATUS_REPORT,1.0,N,<P><H3>Application Server Status</H3>,SASHELP.FSP.OK.SLIST
3089.0,IN_STATUS_REPORT,2.0,N,<UL><LI>Server version: %1$</LI>,SASHELP.FSP.OK.SLIST
3089.0,IN_STATUS_REPORT,3.0,N,<LI>Server start datetime: %2$</LI>,SASHELP.FSP.OK.SLIST
3089.0,IN_STATUS_REPORT,4.0,N,<LI>Current datetime: %3$</LI>,SASHELP.FSP.OK.SLIST
3089.0,IN_STATUS_REPORT,5.0,N,<LI>Up time: %4$ hours</LI>,SASHELP.FSP.OK.SLIST
3089.0,IN_STATUS_REPORT,6.0,N,<LI>Requests handled so far: %5$</LI></UL>,SASHELP.FSP.OK.SLIST
3090.0,IN_ADMIN_HEADER,1.0,N,<HTML>,SASHELP.FSP.OK.SLIST
3090.0,IN_ADMIN_HEADER,2.0,N,<HEAD><TITLE>Application Server Administrative Program</TITLE></HEAD>,SASHELP.FSP.OK.SLIST
3090.0,IN_ADMIN_HEADER,3.0,N,"<BODY BGCOLOR=""#FFFFFF"" TEXT=""#000000"" LINK=""#0000FF"" VLINK=""#800080"" ALINK=""#FF0000"">",SASHELP.FSP.OK.SLIST
3090.0,IN_ADMIN_HEADER,4.0,N,<H1>Administrative Program</H1>,SASHELP.FSP.OK.SLIST
3091.0,IN_ADMIN_FOOTER,1.0,N,<HR>,SASHELP.FSP.OK.SLIST
3091.0,IN_ADMIN_FOOTER,2.0,N,"<ADDRESS>Please notify <A HREF=""mailto:%1$"">%2$</A>",SASHELP.FSP.OK.SLIST
3091.0,IN_ADMIN_FOOTER,3.0,N,if you have any questions about this service.</ADDRESS>,SASHELP.FSP.OK.SLIST
3091.0,IN_ADMIN_FOOTER,4.0,N,</BODY></HTML>,SASHELP.FSP.OK.SLIST
3296.0,IN_PORT_NOT_ALLOWED,1.0,E,ERROR: Application Server Error.  The port number,SASHELP.FSP.OK.SLIST
3296.0,IN_PORT_NOT_ALLOWED,2.0,E,for the Application Server must be within the,SASHELP.FSP.OK.SLIST
3296.0,IN_PORT_NOT_ALLOWED,3.0,E,range 256 to 32767.,SASHELP.FSP.OK.SLIST
3324.0,IN_APPSRV_ERROR_EXPIRE,1.0,E,Error: The SAS/IntrNet Application Server has expired,SASHELP.FSP.OK.SLIST
3324.0,IN_APPSRV_ERROR_EXPIRE,2.0,E,and will no longer function.  Please contact SAS,SASHELP.FSP.OK.SLIST
3324.0,IN_APPSRV_ERROR_EXPIRE,3.0,E,"Institute, Inc. for an official license.",SASHELP.FSP.OK.SLIST
3325.0,IN_APPSRV_WARNING_EXPIRE,1.0,W,Warning: The SAS/IntrNet Application Server has expired.,SASHELP.FSP.OK.SLIST
3325.0,IN_APPSRV_WARNING_EXPIRE,2.0,W,"Please contact SAS Institute, Inc. for an official license.",SASHELP.FSP.OK.SLIST
3326.0,IN_APPSRV_EXPIRE_SOON,1.0,W,Warning: The SAS/IntrNet Application Server will expire,SASHELP.FSP.OK.SLIST
3326.0,IN_APPSRV_EXPIRE_SOON,2.0,W,on %1$.,SASHELP.FSP.OK.SLIST
3355.0,IN_NOT_VALID_RELEASE,1.0,E,Error: This is not a valid SAS release for the Application Server.,SASHELP.FSP.OK.SLIST
3404.0,IN_NO_RESET,1.0,E,<P>The server reset file was not found.  The,SASHELP.FSP.OK.SLIST
3404.0,IN_NO_RESET,2.0,E,server root may not be set.  No reset file was,SASHELP.FSP.OK.SLIST
3404.0,IN_NO_RESET,3.0,E,executed.</P>,SASHELP.FSP.OK.SLIST
3405.0,IN_RESET_NOT_EXIST,1.0,W,<P>The server reset file does not exist.  No,SASHELP.FSP.OK.SLIST
3405.0,IN_RESET_NOT_EXIST,2.0,W,reset code was executed.</P>,SASHELP.FSP.OK.SLIST
3406.0,IN_AUTOEXEC_NOT_EXIST,1.0,W,<P>The server autoexec file does not exist.,SASHELP.FSP.OK.SLIST
3406.0,IN_AUTOEXEC_NOT_EXIST,2.0,W,Any previously allocated application libraries,SASHELP.FSP.OK.SLIST
3406.0,IN_AUTOEXEC_NOT_EXIST,3.0,W,have been cleared.</P>,SASHELP.FSP.OK.SLIST
3407.0,IN_PERMDATA_NOT_EXIST,1.0,W,<P>The server permdata file does not exist.,SASHELP.FSP.OK.SLIST
3407.0,IN_PERMDATA_NOT_EXIST,2.0,W,Any previously allocated permanent data,SASHELP.FSP.OK.SLIST
3407.0,IN_PERMDATA_NOT_EXIST,3.0,W,libraries and files have been cleared.</P>,SASHELP.FSP.OK.SLIST
3408.0,IN_NO_AUTOEXEC,1.0,W,<P>The server autoexec file was not found.,SASHELP.FSP.OK.SLIST
3408.0,IN_NO_AUTOEXEC,2.0,W,The server root may not be set.  Any previously,SASHELP.FSP.OK.SLIST
3408.0,IN_NO_AUTOEXEC,3.0,W,assigned application libraries have been cleared.</P>,SASHELP.FSP.OK.SLIST
3410.0,IN_NO_PERMDATA,1.0,W,<P>The server permdata file could not be found.,SASHELP.FSP.OK.SLIST
3410.0,IN_NO_PERMDATA,2.0,W,The server root may not be set.  Any previously,SASHELP.FSP.OK.SLIST
3410.0,IN_NO_PERMDATA,3.0,W,allocated permanent data libraries and files,SASHELP.FSP.OK.SLIST
3410.0,IN_NO_PERMDATA,4.0,W,have been cleared.</P>,SASHELP.FSP.OK.SLIST
4013.0,IN_GRAPH,1.0,O,Graph,SASHELP.FSP.OK.SLIST
4514.0,IO_HALT,1.0,E,Unable to perform function. Program halted due to,SASHELP.FSP.OK.SLIST
4514.0,IO_HALT,2.0,E,an internal error.,SASHELP.FSP.OK.SLIST
4730.0,IN_PLOT,1.0,O,Plot,SASHELP.FSP.OK.SLIST
4732.0,IN_ONE_DIMENSIONAL,1.0,O,One Dimensional,SASHELP.FSP.OK.SLIST
4733.0,IN_TWO_DIMENSIONAL,1.0,O,Two Dimensional,SASHELP.FSP.OK.SLIST
4734.0,IN_FILTER_BY,1.0,O,Filter by,SASHELP.FSP.OK.SLIST
4735.0,IN_APPLY_FILTER,1.0,O,Apply Filter,SASHELP.FSP.OK.SLIST
4736.0,IN_TABLE,1.0,O,Table,SASHELP.FSP.OK.SLIST
4737.0,IN_DISPLAY_TABLE,1.0,O,Display Table,SASHELP.FSP.OK.SLIST
4738.0,IN_DISPLAY_GRAPH,1.0,O,Display Graph,SASHELP.FSP.OK.SLIST
4739.0,IN_LOCATION,1.0,O,Location,SASHELP.FSP.OK.SLIST
4740.0,IN_BOTTOM_LOC,1.0,O,Bottom,SASHELP.FSP.OK.SLIST
4741.0,IN_TOP_LOC,1.0,O,Top,SASHELP.FSP.OK.SLIST
4742.0,IN_DEFAULT_TITLE_OPTION,1.0,O,Default Title,SASHELP.FSP.OK.SLIST
4743.0,IN_SHOW_DRILLPATH,1.0,O,Show Drillpath,SASHELP.FSP.OK.SLIST
4744.0,IN_YES,1.0,O,Yes,SASHELP.FSP.OK.SLIST
4745.0,IN_NO,1.0,O,No,SASHELP.FSP.OK.SLIST
4746.0,IN_WIDTH,1.0,O,Width,SASHELP.FSP.OK.SLIST
4747.0,IN_HEIGHT,1.0,O,Height,SASHELP.FSP.OK.SLIST
4748.0,IN_SHOW_TOTALS,1.0,O,Show Totals,SASHELP.FSP.OK.SLIST
4749.0,IN_REPORT_LAYOUT,1.0,O,Report Layout,SASHELP.FSP.OK.SLIST
4750.0,IN_REPORT_TYPE_LABEL,1.0,O,Report Type,SASHELP.FSP.OK.SLIST
4751.0,IN_MDDB_FILE,1.0,O,MDDB File,SASHELP.FSP.OK.SLIST
4752.0,IN_SERVICE,1.0,O,Service,SASHELP.FSP.OK.SLIST
4753.0,IN_ERROR,1.0,O,Error,SASHELP.FSP.OK.SLIST
4754.0,IN_SELECT_COLUMNS,1.0,O,Select Columns,SASHELP.FSP.OK.SLIST
4755.0,IN_SELECT_COLUMNS_TITLE,1.0,O,Select Columns to Process for,SASHELP.FSP.OK.SLIST
4756.0,IN_SELECTED_ORDER,1.0,O,Selected Order,SASHELP.FSP.OK.SLIST
4757.0,IN_SELECT_ALL,1.0,O,Select All,SASHELP.FSP.OK.SLIST
4758.0,IN_RESET,1.0,O,Reset,SASHELP.FSP.OK.SLIST
4759.0,IN_ALL_COLUMNS,1.0,O,All columns included if none are selected.,SASHELP.FSP.OK.SLIST
4760.0,IN_DATA_ERROR,1.0,O,An error occurred retrieving the requested data.,SASHELP.FSP.OK.SLIST
4761.0,IN_FILTER_COLUMNS,1.0,O,Filter Columns,SASHELP.FSP.OK.SLIST
4762.0,IN_NONE,1.0,O,None,SASHELP.FSP.OK.SLIST
4763.0,IN_SHOW_TIME,1.0,O,Show time,SASHELP.FSP.OK.SLIST
4764.0,IN_HEX_DUMP,1.0,O,Get a hex dump of the output,SASHELP.FSP.OK.SLIST
4765.0,IN_CONNECTION_TRACE,1.0,O,Show a connection trace,SASHELP.FSP.OK.SLIST
4766.0,IN_LIST_SERVICES,1.0,O,Just list all services,SASHELP.FSP.OK.SLIST
4767.0,IN_FIELDS_TIME_LOG,1.0,O,"Show fields, time, SAS log",SASHELP.FSP.OK.SLIST
4819.0,IN_DISPLAY,1.0,O,Display,SASHELP.FSP.OK.SLIST
4826.0,IN_DIMENSIONS,1.0,O,Dimensions,SASHELP.FSP.OK.SLIST
4827.0,IN_FILTER_LISTBOXES,1.0,O,Filter Listboxes,SASHELP.FSP.OK.SLIST
4874.0,IN_ONLY_SAS_FILEREFS,1.0,E,<P>Only programs of type .SAS can be executed via filerefs.</P>,SASHELP.FSP.OK.SLIST
4875.0,IN_HTML_TRUNCATED_ONE,1.0,N,<P>NOTE: 1 record written to the output file was truncated.</P>,SASHELP.FSP.OK.SLIST
4876.0,IN_LOG_TRUNCATED_ONE,1.0,N,NOTE: 1 record written to the output file was truncated.,SASHELP.FSP.OK.SLIST
4877.0,IN_HTML_TRUNCATED_MANY,1.0,N,<P>NOTE: %1$ records written to the output file were truncated.</P>,SASHELP.FSP.OK.SLIST
4878.0,IN_LOG_TRUNCATED_MANY,1.0,N,NOTE: %1$ records written to the output file were truncated.,SASHELP.FSP.OK.SLIST
4900.0,IN_TYPE,1.0,O,Type,SASHELP.FSP.OK.SLIST
4902.0,IN_DL_TO_SPREADSHEET,1.0,O,Download to Spreadsheet,SASHELP.FSP.OK.SLIST
4910.0,IN_APPLDB_NOT_EXIST,1.0,O,The application database %1 does not exist.,SASHELP.FSP.OK.SLIST
4911.0,IN_APPL_NOT_EXIST,1.0,O,The application %1 does not exist.,SASHELP.FSP.OK.SLIST
4912.0,IN_NOT_MULTI,1.0,O,Only applications of type MULTI are allowed.,SASHELP.FSP.OK.SLIST
4956.0,IN_NO_REPLAY_ENTRY_NAME,1.0,E,<P>Error in entry name.  The required parameter _entry is either blank or missing.</P>,SASHELP.FSP.OK.SLIST
4957.0,IN_REPLAY_NO_EXIST,1.0,E,<P>Error: Entry %1$ does not exist.</P>,SASHELP.FSP.OK.SLIST
4958.0,IN_BAD_ENTRY_TYPE,1.0,E,<P>Error: Unable to handle %1$ entry types.</P>,SASHELP.FSP.OK.SLIST
5110.0,IN_JAVA_GRAPH,1.0,O,3D Clickable Graph,SASHELP.FSP.OK.SLIST
5111.0,IN_STANDARD_GRAPH,1.0,O,Standard GIF Graph,SASHELP.FSP.OK.SLIST
5112.0,IN_GRAPH_SOURCE,1.0,O,Graph Source,SASHELP.FSP.OK.SLIST
5122.0,IN_RAN_ENDLOADMGR,1.0,N,<P>The Application Load Manager has been shut down.</P>,SASHELP.FSP.OK.SLIST
5508.0,IO_NOVAR1,1.0,E,%lVariable %1$ does not exist on data set %2$.,SASHELP.FSP.OK.SLIST
5509.0,IO_NOEXIST_DATA,1.0,E,%lData set %1$ does not exist.,SASHELP.FSP.OK.SLIST
5513.0,IO_NOTCHAR1,1.0,E,%lVariable %1$ on data set %2$ must be type character.,SASHELP.FSP.OK.SLIST
5514.0,IO_NOAPPL1,1.0,E,%lNo SCL entry for application type %1$ specified in data set %2$.,SASHELP.FSP.OK.SLIST
5515.0,IO_BADCAT,1.0,E,%lCatalog entry %1$ is invalid or does not exist.,SASHELP.FSP.OK.SLIST
5517.0,IN_NOTABLE1,1.0,E,%lEIS entry has a missing value for the TABLE item.,SASHELP.FSP.OK.SLIST
5529.0,IN_BADITEM1,1.0,E,%lEIS entry has a missing or invalid value for the %1$ item.,SASHELP.FSP.OK.SLIST
5530.0,IN_NO_NEXTPGM,1.0,E,%lProgram to run on the selected variables was not specified.,SASHELP.FSP.OK.SLIST
5568.0,IO_BADITEM2,1.0,E,%l List item %1$ is missing or invalid.,SASHELP.FSP.OK.SLIST
5848.0,IN_COLUMN_TITLE,1.0,O,Columns,SASHELP.FSP.OK.SLIST
5905.0,IN_FILESRV_NOVAR1,1.0,E,ERROR: Variable %1$ does not exist on data set %2$.,SASHELP.FSP.OK.SLIST
5911.0,IN_FILESRV_NOTCHAR1,1.0,E,ERROR: Variable %1$ on data set %2$ must be type character.,SASHELP.FSP.OK.SLIST
5912.0,IN_FILESRV_NOFILE1,1.0,E,ERROR: No file or catalog entry name was specified.,SASHELP.FSP.OK.SLIST
5913.0,IN_FILESRV_NOFILETYP1,1.0,E,ERROR: No file type was specified.,SASHELP.FSP.OK.SLIST
5914.0,IN_FILESRV_BADFILETYP1,1.0,E,ERROR: %1$ is an invalid file type.,SASHELP.FSP.OK.SLIST
5915.0,IN_FILESRV_NOAUTH1,1.0,E,ERROR: No data set name was specified for the authorization information.,SASHELP.FSP.OK.SLIST
5916.0,IN_FILESRV_BADAUTH1,1.0,E,ERROR: Data set containing the authorization information is invalid or does not exist.,SASHELP.FSP.OK.SLIST
5917.0,IN_FILESRV_NOCAT1,1.0,E,ERROR: Serving catalog entries is not supported on this host.,SASHELP.FSP.OK.SLIST
5919.0,IN_FILESRV_NOCAT2,1.0,E,ERROR: Catalog entry %1$ is invalid or does not exist.,SASHELP.FSP.OK.SLIST
5920.0,IN_FILESRV_BADHEADER1,1.0,E,ERROR: Data set containing the HTTP header information is invalid or does not exist.,SASHELP.FSP.OK.SLIST
5921.0,IN_FILESRV_NOFILE2,1.0,E,ERROR: File %1$ is invalid or does not exist.,SASHELP.FSP.OK.SLIST
5922.0,IN_FILESRV_NOHEADER1,1.0,E,ERROR: No data set name was specified for the HTTP header information.,SASHELP.FSP.OK.SLIST
5923.0,IN_FILESRV_BADDS1,1.0,E,ERROR: Unable to open data set %1$.,SASHELP.FSP.OK.SLIST
5924.0,IN_FILESRV_NOAUTH2,1.0,E,ERROR: You are not authorized to access file %1$.,SASHELP.FSP.OK.SLIST
5925.0,IN_FILESRV_BADHEADER2,1.0,E,ERROR: File extension %1$ not found in the HTTP headers data set.,SASHELP.FSP.OK.SLIST
5937.0,IN_FILESRV_BADDATATYP1,1.0,E,ERROR: %1$ is an invalid data type.,SASHELP.FSP.OK.SLIST
5980.0,IN_HELP,1.0,O,Help,SASHELP.FSP.OK.SLIST
5981.0,IN_LAYOUT,1.0,O,Layout,SASHELP.FSP.OK.SLIST
5996.0,IN_MRV_VERSION,1.0,O,MDDB Report Viewer version: %1$%N,SASHELP.FSP.OK.SLIST
6160.0,IN_TOTAL_LABEL,1.0,O,TOTAL,SASHELP.FSP.OK.SLIST
6223.0,IN_INVALID_FILTER,1.0,O,Filter selection results in no values. Please try another selection.,SASHELP.FSP.OK.SLIST
6247.0,IN_SAVE2GM,1.0,O,Save to SAS Collaborative Server Group Memory,SASHELP.FSP.OK.SLIST
6283.0,IN_NO_DATASET_SPECIFIED,1.0,O,No Dataset Specified,SASHELP.FSP.OK.SLIST
6284.0,IN_INVALID_DATASET,1.0,O,Invalid Dataset,SASHELP.FSP.OK.SLIST
6285.0,IN_NO_DATASET_ACCESS,1.0,O,The dataset %1$ cannot be accessed.,SASHELP.FSP.OK.SLIST
6301.0,IN_NO_PROGRAM_SPECIFIED,1.0,O,No Program Specified,SASHELP.FSP.OK.SLIST
6302.0,IN_NO_PROGRAM_LONG,1.0,O,Program to run on the selected variables not specified.,SASHELP.FSP.OK.SLIST
6304.0,IN_SELECT_VARIABLES,1.0,O,Select Variables,SASHELP.FSP.OK.SLIST
6305.0,IN_SEL_VAR_PROCESS,1.0,O,Select Variables to Process for %1$,SASHELP.FSP.OK.SLIST
6306.0,IN_SELECTED_ORDER_WEB,1.0,O,Selected Order:,SASHELP.FSP.OK.SLIST
6307.0,IN_OBS_UNKNOWN,1.0,O,Number of Observations is unknown.,SASHELP.FSP.OK.SLIST
6308.0,IN_CONTAIN_OBS,1.0,O,<l>%1$</l> contains <l>%2$</> observations.,SASHELP.FSP.OK.SLIST
6309.0,IN_ACTIVE_WHERE,1.0,O,There is an active WHERE clause:,SASHELP.FSP.OK.SLIST
6310.0,IN_OBS_AFTER_SUBSET,1.0,O,%1$ observations after subsetting.,SASHELP.FSP.OK.SLIST
6311.0,IN_DISPLAY_OBS,1.0,O,Number of Observations to display at a time:,SASHELP.FSP.OK.SLIST
6312.0,IN_ALL_VARIABLES_INC,1.0,O,All variables included if none are selected.,SASHELP.FSP.OK.SLIST
6313.0,IN_CREATE_MOD,1.0,O,Created on %1$ and last modified %2$.,SASHELP.FSP.OK.SLIST
6320.0,IN_LAYOUT_TITLE,1.0,O,MDDB Report Viewer Layout,SASHELP.FSP.OK.SLIST
6391.0,IN_URL_SRVNAME_ERROR,1.0,O,ERROR: Unable to create full URL.  Please export _SRVNAME,SASHELP.FSP.OK.SLIST
6391.0,IN_URL_SRVNAME_ERROR,2.0,O,in broker configuration file.,SASHELP.FSP.OK.SLIST
6447.0,IN_MAIL,1.0,O,Mail,SASHELP.FSP.OK.SLIST
6448.0,IN_PREPARE_FOR_BOOKMARK,1.0,O,Prepare for Bookmarking,SASHELP.FSP.OK.SLIST
6525.0,CL_WEIS_SORT_ASC,1.0,L,Sort Ascending,SASHELP.FSP.OK.SLIST
6527.0,CL_WEIS_SORT_DSC,1.0,L,Sort Descending,SASHELP.FSP.OK.SLIST
6585.0,IN_TABLE_TEXT,1.0,O,Table,SASHELP.FSP.OK.SLIST
7037.0,IN_LOGIN,1.0,O,Login,SASHELP.FSP.OK.SLIST
7038.0,IN_USERID,1.0,O,Userid,SASHELP.FSP.OK.SLIST
7039.0,IN_USER_LOGIN,1.0,O,User Login,SASHELP.FSP.OK.SLIST
7040.0,IN_PASSWORD,1.0,O,Password,SASHELP.FSP.OK.SLIST
7041.0,IN_OK,1.0,O,OK,SASHELP.FSP.OK.SLIST
7042.0,IN_CANCEL,1.0,O,Cancel,SASHELP.FSP.OK.SLIST
7043.0,IN_BOOKMARK,1.0,O,Bookmark,SASHELP.FSP.OK.SLIST
7044.0,IN_LOGOUT,1.0,O,Logout,SASHELP.FSP.OK.SLIST
7045.0,IN_LOGOUT_MESSAGE,1.0,O,You have been logged out of EIS.,SASHELP.FSP.OK.SLIST
7118.0,IN_NUNIQUE,1.0,O,Nunique,SASHELP.FSP.OK.SLIST
7516.0,IN_ALL,1.0,O,All,SASHELP.FSP.OK.SLIST
7517.0,IN_NUMROWS,1.0,O,Number of Rows,SASHELP.FSP.OK.SLIST
7518.0,IN_DISPLAY_ROWS,1.0,O,Display Rows,SASHELP.FSP.OK.SLIST
7519.0,IN_DISPLAY_ROW,1.0,O,Display Row,SASHELP.FSP.OK.SLIST
7520.0,IN_OPTSETTINGS,1.0,O,Optional Settings,SASHELP.FSP.OK.SLIST
7521.0,IN_FILTER,1.0,O,Filter,SASHELP.FSP.OK.SLIST
7522.0,IN_FILTER_OPT,1.0,O,Filter Listbox Options,SASHELP.FSP.OK.SLIST
7523.0,IN_REPORT,1.0,O,Report,SASHELP.FSP.OK.SLIST
7524.0,IN_BAR_SHAPE,1.0,O,Bar Shape,SASHELP.FSP.OK.SLIST
7525.0,IN_CYLINDER,1.0,O,Cylinder,SASHELP.FSP.OK.SLIST
7526.0,IN_HEXAGON,1.0,O,Hexagon,SASHELP.FSP.OK.SLIST
7527.0,IN_PRISM,1.0,O,Prism,SASHELP.FSP.OK.SLIST
7528.0,IN_STAR,1.0,O,Star,SASHELP.FSP.OK.SLIST
7529.0,IN_SEL_COLUMN,1.0,O,Select Column,SASHELP.FSP.OK.SLIST
7540.0,IN_AVAILABLE,1.0,O,Available,SASHELP.FSP.OK.SLIST
7548.0,IN_ADD_ALL,1.0,O,Add All,SASHELP.FSP.OK.SLIST
7549.0,IN_ADD_SELECTED,1.0,O,Add Selected,SASHELP.FSP.OK.SLIST
7550.0,IN_REMOVE_SELECTION,1.0,O,Remove Selection,SASHELP.FSP.OK.SLIST
7551.0,IN_ADD_SELECTION,1.0,O,Add Selection,SASHELP.FSP.OK.SLIST
7552.0,IN_REMOVE_ALL,1.0,O,Remove All,SASHELP.FSP.OK.SLIST
7553.0,IN_SELECTED,1.0,O,Selected,SASHELP.FSP.OK.SLIST
7554.0,IN_OPTIONS,1.0,O,Options,SASHELP.FSP.OK.SLIST
7555.0,IN_ROW_TOTALS,1.0,O,Row Totals,SASHELP.FSP.OK.SLIST
7556.0,IN_COLUMN_TOTALS,1.0,O,Column Totals,SASHELP.FSP.OK.SLIST
7557.0,IN_DRILLPATHS,1.0,O,Drillpaths,SASHELP.FSP.OK.SLIST
