Term,Role
ab,Prep
aber,Conj
aber,Interj
abseits,Prep
abwärts,Prep
abzüglich,Prep
acht,Num
achthundert,Num
achtunddreißig,Num
achtundvierzig,Num
achtundzwanzig,Num
achtzehn,Num
achzehn,Num
achzig,Num
all,Det
all,Pron
allein,Conj
alleine,Conj
als,Conj
also,Conj
also,Interj
an,Det
an,Prep
analog,Prep
ander,Det
ander,Pron
anderenfalls,Conj
andernfalls,Conj
aneinander,Prep
anfangs,Prep
angesichts,Prep
anhand,Prep
anheim,Prep
anlässlich,Prep
anstatt,Prep
anstelle,Prep
auch,Conj
auch,Interj
auf,Det
auf,Prep
aufeinander,Prep
aufgrund,Prep
aufwärts,Prep
aus,Det
aus,Prep
auseinander,Prep
ausgangs,Prep
ausgenommen,Prep
ausgerechnet,Interj
ausschließlich,Prep
außer,Prep
außerdem,Conj
außerhalb,Prep
bau,Prep
bei,Det
bei,Prep
beicht,Prep
beid,Det
beid,Pron
beiderseits,Prep
beieinander,Prep
beisammen,Prep
besser,Prep
betreffs,Prep
bevor,Conj
bevor,Prep
beziehungsweise,Conj
binnen,Prep
bioß,Prep
bis,Conj
bis,Prep
bißchen,Pron
bloß,Interj
bzw.,Conj
da,Conj
da,Prep
dabei,Pron
dadurch,Conj
dadurch,Prep
dadurch,Pron
dafür,Prep
dafür,Pron
dagegen,Conj
dagegen,Prep
dagegen,Pron
daher,Conj
daher,Prep
dahin,Prep
dahinter,Prep
dahinter,Pron
damit,Conj
damit,Pron
danach,Pron
daneben,Prep
daneben,Pron
danieder,Prep
dank,Prep
dar,Prep
daran,Prep
daran,Pron
darauf,Pron
daraus,Pron
darein,Prep
darin,Pron
darum,Conj
darum,Prep
darum,Pron
darunter,Prep
darunter,Pron
darüber,Prep
darüber,Pron
das,Det
das,Pron
dasjenig,Det
dasjenig,Pron
dass,Conj
dasselb,Det
dasselb,Pron
davon,Prep
davon,Pron
davor,Prep
davor,Pron
dawider,Prep
dazu,Conj
dazu,Prep
dazu,Pron
dazwischen,Prep
dazwischen,Pron
daß,Conj
dein,Det
dein,Pron
deinethalben,Pron
deinetwegen,Pron
deinetwillen,Pron
deinig,Pron
demnach,Conj
denn,Conj
denn,Interj
dennoch,Conj
der,Det
der,Pron
derjenig,Det
derjenig,Pron
derselb,Det
derselb,Pron
derweil,Conj
derweilen,Conj
deshalb,Conj
desto,Conj
dich,Pron
dicke,Prep
die,Det
die,Pron
diejenig,Det
diejenig,Pron
dienst,Prep
dies,Det
dies,Pron
dieselb,Det
dieselb,Pron
diesseits,Prep
dir,Pron
doch,Conj
doch,Interj
dran,Prep
drauf,Prep
drauflos,Prep
draus,Prep
drei,Num
dreihundert,Num
drein,Prep
dreiunddreißig,Num
dreiundvierzig,Num
dreiundzwanzig,Num
dreizehn,Num
dreißig,Num
drin,Prep
du,Pron
durch,Det
durch,Prep
durcheinander,Prep
dürfen,Verb
eben,Interj
ebenso,Conj
eh,Conj
ehe,Conj
eigentlich,Interj
ein,Det
ein,Prep
ein,Pron
einander,Pron
eingangs,Prep
einher,Prep
einhundert,Num
einig,Det
einig,Pron
einmal,Interj
eins,Num
einschließlich,Prep
einunddreißig,Num
einundvierzig,Num
einundzwanzig,Num
eis,Prep
elf,Num
empor,Prep
entgegen,Prep
entlang,Prep
entweder,Conj
entzwei,Prep
er,Pron
erst,Interj
es,Pron
etlich,Det
etwa,Interj
etwas,Pron
euch,Pron
euer,Det
euer,Pron
euerig,Pron
eure,Det
eurethalben,Pron
euretwegen,Pron
euretwillen,Pron
eurig,Pron
exclusive,Prep
falls,Conj
fehl,Prep
feinst,Prep
fern,Prep
ferner,Conj
ferners,Conj
fest,Prep
folglich,Conj
fort,Prep
fünf,Num
fünfhundert,Num
fünfunddreißig,Num
fünfundvierzig,Num
fünfundzwanzig,Num
fünfzehn,Num
fünfzig,Num
für,Det
für,Prep
füreinander,Prep
fürlieb,Prep
ganz,Det
ganz,Interj
gar,Interj
gegen,Prep
gegeneinander,Prep
gegenüber,Prep
gemäß,Prep
gen,Prep
general,Prep
genug,Prep
gerade,Interj
geschweige,Conj
gewähr,Prep
gleich,Prep
gleich,Pron
gleichwie,Conj
gleichwohl,Conj
haben,Verb
halber,Prep
halt,Interj
halt,Prep
haus,Prep
heim,Prep
her,Prep
herab,Prep
heran,Prep
herauf,Prep
herauf,Pron
heraus,Prep
heraus,Pron
herbei,Prep
herein,Prep
herein,Pron
hernieder,Prep
herum,Prep
herunter,Prep
hervor,Prep
herzu,Prep
herüber,Prep
hier,Prep
hierher,Prep
hierhin,Prep
hinab,Prep
hinauf,Prep
hinauf,Pron
hinaus,Prep
hinaus,Pron
hindurch,Prep
hinein,Prep
hinein,Pron
hingegen,Conj
hinsichtlich,Prep
hintan,Prep
hintenüber,Prep
hinter,Det
hinter,Prep
hintereinander,Prep
hinterher,Prep
hinundher,Prep
hinunter,Prep
hinweg,Prep
hinzu,Prep
hinüber,Prep
hlerher,Prep
hlnzu,Prep
hohn,Prep
hopp,Prep
hops,Prep
hundert,Num
ich,Pron
ihr,Det
ihr,Pron
ihrethalben,Pron
ihretwegen,Pron
ihretwillen,Pron
ihrig,Pron
immer,Interj
in,Det
in,Prep
indem,Conj
indes,Conj
indessen,Conj
ineinander,Prep
infolge,Prep
inklusive,Prep
inmitten,Prep
inne,Prep
innerhalb,Prep
insofern,Conj
insoweit,Conj
instand,Prep
inter,Prep
inwiefern,Conj
inwieweit,Conj
irgendein,Det
irgendwelch,Det
irgendwelch,Pron
irr,Prep
ja,Conj
ja,Interj
je,Conj
je,Prep
jed,Det
jed,Pron
jedoch,Conj
jeglich,Det
jeglich,Pron
jemand,Pron
jen,Det
jen,Pron
jenseits,Prep
kehrt,Prep
kein,Det
kein,Pron
kontra,Prep
kopf,Prep
kraft,Prep
kugel,Prep
kund,Prep
kunst,Prep
können,Verb
laut,Prep
links,Prep
lob,Prep
längs,Prep
längsseits,Prep
mal,Interj
man,Pron
manch,Det
manch,Pron
mangels,Prep
maschin,Prep
maschine,Prep
maß,Prep
maßen,Conj
mehr,Pron
mehrer,Det
mehrere,Pron
mein,Det
mein,Pron
meinethalben,Pron
meinetwegen,Pron
meinetwillen,Pron
meinig,Pron
mich,Pron
million,Num
minus,Prep
mir,Pron
mit,Prep
miteinander,Prep
mithilfe,Prep
mithin,Conj
mitsamt,Prep
mittels,Prep
mittelst,Prep
mögen,Verb
müssen,Verb
müßig,Prep
na,Interj
nach,Prep
nachdem,Conj
nacheinander,Prep
nachts,Prep
nahe,Prep
namen,Prep
namens,Prep
neben,Prep
nebeneinander,Prep
nebenher,Prep
nebst,Prep
neun,Num
neunhundert,Num
neununddreißig,Num
neunundvierzig,Num
neunundzwanzig,Num
neunzehn,Num
neunzig,Num
nicht,Interj
nichts,Pron
nichtsdestoweniger,Conj
niemand,Pron
noch,Conj
nordwestlich,Prep
nordöstlich,Prep
not,Prep
nun,Conj
nun,Interj
nur,Conj
nur,Interj
nächst,Prep
nämlich,Conj
nämlich,Interj
nördlich,Prep
ob,Conj
ob,Prep
ober,Prep
oberhalb,Prep
obgleich,Conj
obschon,Conj
obwohl,Conj
oder,Conj
ohne,Conj
ohne,Prep
ohneeinander,Prep
paar,Pron
per,Prep
pleite,Prep
plus,Prep
preis,Prep
pro,Prep
probe,Prep
punkto,Prep
rad,Prep
ran,Prep
raus,Prep
rechts,Prep
respektive,Conj
rum,Prep
runter,Prep
rüber,Prep
rück,Prep
rücksichtlich,Prep
rückwärts,Prep
samt,Prep
schar,Prep
schi,Prep
schnur,Prep
schutz,Prep
sechs,Num
sechzehn,Num
segel,Prep
seil,Prep
sein,Det
sein,Pron
sein,Verb
seinethalben,Pron
seinetwegen,Pron
seinetwillen,Pron
seinig,Pron
seit,Conj
seit,Prep
seitab,Prep
seitdem,Conj
seitens,Prep
seitlich,Prep
seitwärts,Prep
selber,Pron
selbst,Pron
sich,Pron
sicherungs,Prep
sie,Pron
sieben,Num
siebzehn,Num
so,Conj
sobald,Conj
sodaß,Conj
sofern,Conj
solang,Conj
solange,Conj
solch,Det
solch,Pron
sollen,Verb
sonder,Prep
sondern,Conj
sonst,Conj
sooft,Conj
sosehr,Conj
soviel,Conj
sovielmal,Conj
soweit,Conj
sowenig,Conj
sowie,Conj
sowohl,Conj
statt,Prep
staub,Prep
stil,Prep
straf,Prep
sämtlich,Det
sämtlich,Pron
südlich,Prep
südwestlich,Prep
südöstlich,Prep
tausend,Num
trotz,Prep
trotzdem,Conj
tschüss,Interj
tun,Verb
um,Det
um,Prep
umeinander,Prep
umher,Prep
umhin,Prep
umso,Conj
unangesehen,Prep
unbeschadet,Prep
und,Conj
unerachtet,Prep
unfern,Prep
ungeachtet,Conj
ungeachtet,Prep
ungerechnet,Prep
ungleich,Prep
uns,Pron
unser,Det
unser,Pron
unserig,Pron
unserthalben,Pron
unsertwegen,Pron
unsertwillen,Pron
unsrig,Pron
unter,Det
unter,Prep
untereinander,Prep
unterhalb,Prep
unweit,Prep
urauf,Prep
ver,Prep
vermittels,Prep
vermittelst,Prep
vermöge,Prep
versus,Prep
via,Prep
viel,Det
viel,Pron
vielmehr,Conj
vier,Num
vierzehn,Num
vis-a-vis,Prep
vis-à-vis,Prep
von,Det
von,Prep
voneinander,Prep
vonseiten,Prep
vor,Det
vor,Prep
voran,Prep
vorauf,Prep
voraus,Prep
vorbehaltlich,Prep
vorbehältlich,Prep
vorbei,Prep
voreinander,Prep
vorher,Prep
vorlieb,Prep
vorne,Prep
vornüber,Prep
vorweg,Prep
vorwärts,Prep
vorüber,Prep
wann,Conj
wann,Pron
warum,Pron
was,Pron
weder,Conj
wegen,Prep
weil,Conj
weis,Prep
welch,Det
welch,Pron
wem,Pron
wen,Pron
wenig,Det
wenig,Pron
wenn,Conj
wenngleich,Conj
wennschon,Conj
wer,Pron
werden,Verb
weshalb,Pron
wessen,Pron
westlich,Prep
weswegen,Pron
wider,Prep
wie,Conj
wie,Pron
wieder,Prep
wiederauf,Prep
wiedergut,Prep
wiederher,Prep
wiefern,Conj
wieso,Pron
wieviel,Pron
wiewohl,Conj
willen,Prep
wir,Pron
wo,Conj
wo,Pron
wobei,Pron
wodurch,Pron
wofern,Conj
wofür,Pron
wogegen,Conj
wogegen,Pron
woher,Pron
wohin,Conj
wohin,Pron
wohinein,Pron
wohingegen,Conj
wohinter,Pron
wollen,Verb
womit,Pron
wonach,Pron
woran,Pron
worauf,Conj
worauf,Pron
woraufhin,Pron
woraus,Pron
worein,Pron
worin,Conj
worin,Pron
worum,Pron
worunter,Pron
worüber,Pron
wovon,Pron
wovor,Pron
wozu,Pron
wunder,Prep
während,Conj
während,Prep
zehn,Num
zu,Conj
zu,Det
zu,Prep
zueinander,Prep
zufolge,Prep
zugrunde,Prep
zugunsten,Prep
zuguterletzt,Interj
zulasten,Prep
zumal,Conj
zunichte,Prep
zurecht,Prep
zurück,Prep
zusammen,Prep
zustande,Prep
zutage,Prep
zuugunsten,Prep
zuvor,Prep
zuwider,Prep
zwanzig,Num
zwar,Conj
zwecks,Prep
zwei,Num
zwischen,Prep
zwölf,Num
östlich,Prep
über,Det
über,Prep
überein,Prep
übereinander,Prep
überhand,Prep
a,
b,
c,
d,
e,
f,
g,
h,
i,
j,
k,
l,
m,
n,
o,
p,
q,
r,
s,
t,
u,
v,
w,
x,
y,
z,
ß,
à,
á,
â,
ä,
å,
ç,
è,
é,
ê,
ñ,
ö,
ù,
û,
ü,
