libname,memname
SASHELP,VALLOPT
SASHELP,VCATALG
SASHELP,VCFORMAT
SASHELP,VCHKCON
SASHELP,VCNCOLU
SASHELP,VCNTABU
SASHELP,VCOLUMN
SASHELP,VDATAIT
SASHELP,VDCTNRY
SASHELP,VDEST
SASHELP,VENGINE
SASHELP,VEXTFL
SASHELP,VFILTER
SASHELP,VFORMAT
SASHELP,VFUNC
SASHELP,VGOPT
SASHELP,VINDEX
SASHELP,VINFOMP
SASHELP,VLIBNAM
SASHELP,VLOCALE
SASHELP,VMACRO
SASHELP,VMEMBER
SASHELP,VOPTION
SASHELP,VPRMXML
SASHELP,VPROMPT
SASHELP,VREFCON
SASHELP,VREMEMB
SASHELP,VSACCES
SASHELP,VSCATLG
SASHELP,VSLIB
SASHELP,VSTABLE
SASHELP,VSTABVW
SASHELP,VSTYLE
SASHELP,VSVIEW
SASHELP,VTABCON
SASHELP,VTABLE
SASHELP,VTITLE
SASHELP,VVIEW
SASHELP,VXATTR
STPSAMP,ODSSTYLE
