Year,Quarter,Product_Line,Product_Category,Product_Group,Quantity,Profit,Total_Retail_Price
1999.0,1999Q1,Children,Children Sports,"A-Team, Kids",286.0,4980.14999999999,8990.9
1999.0,1999Q1,Children,Children Sports,"Bathing Suits, Kids",98.0,1479.95,2560.39999999999
1999.0,1999Q1,Children,Children Sports,"Eclipse, Kid's Clothes",588.0,9348.95,18768.8
1999.0,1999Q1,Children,Children Sports,"Eclipse, Kid's Shoes",334.0,7136.8,14337.2
1999.0,1999Q1,Children,Children Sports,"Lucky Guy, Kids",303.0,7163.00000000001,12996.1999999999
1999.0,1999Q1,Children,Children Sports,"N.D. Gear, Kids",755.0,19153.0499999999,34250.4999999999
1999.0,1999Q1,Children,Children Sports,"Olssons, Kids",209.0,1975.35,3339.29999999999
1999.0,1999Q1,Children,Children Sports,Orion Kid's Clothes,14.0,288.8,580.4
1999.0,1999Q1,Children,Children Sports,"Osprey, Kids",454.0,7334.69999999999,13219.5999999999
1999.0,1999Q1,Children,Children Sports,Tracker Kid's Clothes,1243.0,21847.85,40049.4999999999
1999.0,1999Q1,Children,Children Sports,"Ypsilon, Kids",139.0,3020.84999999999,5354.7
1999.0,1999Q1,Clothes & Shoes,Clothes,Eclipse Clothing,2938.0,84982.5,170206.1
1999.0,1999Q1,Clothes & Shoes,Clothes,Green Tomato,171.0,4706.85,7846.2
1999.0,1999Q1,Clothes & Shoes,Clothes,Knitwear,1554.0,79951.69,140077.939999999
1999.0,1999Q1,Clothes & Shoes,Clothes,LSF,335.0,16878.0,32535.5
1999.0,1999Q1,Clothes & Shoes,Clothes,Leisure,312.0,14394.2999999999,26047.1999999999
1999.0,1999Q1,Clothes & Shoes,Clothes,Massif,25.0,3767.9,7192.1
1999.0,1999Q1,Clothes & Shoes,Clothes,Orion,793.0,38066.35,72236.4999999997
1999.0,1999Q1,Clothes & Shoes,Clothes,Orion Clothing,460.0,11650.25,22294.2999999999
1999.0,1999Q1,Clothes & Shoes,Clothes,Osprey,266.0,9218.75,15712.7999999999
1999.0,1999Q1,Clothes & Shoes,Clothes,Shorts,150.0,2278.65,4063.0
1999.0,1999Q1,Clothes & Shoes,Clothes,Stockings & Socks,237.0,2099.55,3564.9
1999.0,1999Q1,Clothes & Shoes,Clothes,Street Wear,408.0,15325.3,26391.8
1999.0,1999Q1,Clothes & Shoes,Clothes,T-Shirts,362.0,5829.1,10497.1
1999.0,1999Q1,Clothes & Shoes,Clothes,Tracker Clothes,2624.0,69039.1999999998,127046.799999999
1999.0,1999Q1,Clothes & Shoes,Clothes,Twain,71.0,9522.575,18878.325
1999.0,1999Q1,Clothes & Shoes,Shoes,Eclipse Shoes,4121.0,205449.95,413796.399999998
1999.0,1999Q1,Clothes & Shoes,Shoes,Shoes,1905.0,98815.5500000001,183279.199999999
1999.0,1999Q1,Clothes & Shoes,Shoes,Tracker Shoes,2179.0,92492.5499999996,170200.4
1999.0,1999Q1,Outdoors,Outdoors,Anoraks & Parkas,3139.0,236288.94,420621.539999999
1999.0,1999Q1,Outdoors,Outdoors,Backpacks,607.0,43060.0499999999,81268.5
1999.0,1999Q1,Outdoors,Outdoors,Gloves & Mittens,251.0,5756.9,9900.80000000001
1999.0,1999Q1,Outdoors,Outdoors,Knitted Accessories,405.0,4104.43,7135.58
1999.0,1999Q1,Outdoors,Outdoors,Outdoor Gear,1898.0,85201.7999999998,150492.7
1999.0,1999Q1,Outdoors,Outdoors,Sleepingbags,1643.0,74168.0499999998,146132.8
1999.0,1999Q1,Outdoors,Outdoors,Tents,705.0,123546.999999999,251163.800000001
1999.0,1999Q1,Sports,Assorted Sports Articles,Assorted Sports articles,4220.0,146611.2,266024.149999999
1999.0,1999Q1,Sports,Assorted Sports Articles,Darts,1108.0,20224.1999999999,34454.2000000001
1999.0,1999Q1,Sports,Assorted Sports Articles,Petanque - Boule,376.0,8991.85,16225.2999999999
1999.0,1999Q1,Sports,Assorted Sports Articles,Skates,1980.0,187259.0,384963.299999999
1999.0,1999Q1,Sports,Golf,Golf,1456.0,76791.65,159190.7
1999.0,1999Q1,Sports,Golf,Golf Clothes,502.0,41045.45,57055.1999999998
1999.0,1999Q1,Sports,Indoor Sports,Fitness,647.0,60817.6499999998,121856.999999999
1999.0,1999Q1,Sports,Indoor Sports,Gymnastic Clothing,358.0,9569.26,17024.36
1999.0,1999Q1,Sports,Indoor Sports,Top Trim,340.0,39674.61,71773.2599999999
1999.0,1999Q1,Sports,Racket Sports,Badminton,125.0,13498.75,18203.8
1999.0,1999Q1,Sports,Racket Sports,Racket Sports,529.0,44820.1,76510.4
1999.0,1999Q1,Sports,Racket Sports,Tennis,554.0,13944.5999999999,23950.2999999999
1999.0,1999Q1,Sports,Running - Jogging,Jogging,1321.0,46763.6,81657.7999999997
1999.0,1999Q1,Sports,Running - Jogging,Running Clothes,2106.0,52840.6499999999,95139.8000000003
1999.0,1999Q1,Sports,Swim Sports,Bathing Suits,1262.0,25863.8,44130.7999999999
1999.0,1999Q1,Sports,Team Sports,American Football,431.0,5990.33000000003,10608.8599999999
1999.0,1999Q1,Sports,Team Sports,Baseball,381.0,3604.8,6444.69999999998
1999.0,1999Q1,Sports,Team Sports,Basket Ball,232.0,2853.19999999999,4617.64999999999
1999.0,1999Q1,Sports,Team Sports,Soccer,1065.0,19317.55,36927.0
1999.0,1999Q1,Sports,Winter Sports,Ski Dress,1527.0,213396.5,377411.349999999
1999.0,1999Q1,Sports,Winter Sports,Winter Sports,2590.0,138916.24,247872.789999999
1999.0,1999Q2,Children,Children Sports,"A-Team, Kids",601.0,10243.6499999999,18499.0999999999
1999.0,1999Q2,Children,Children Sports,"Bathing Suits, Kids",183.0,3217.10999999999,5552.66
1999.0,1999Q2,Children,Children Sports,"Eclipse, Kid's Clothes",1068.0,17268.75,34688.1999999999
1999.0,1999Q2,Children,Children Sports,"Eclipse, Kid's Shoes",662.0,13860.84,28052.4399999999
1999.0,1999Q2,Children,Children Sports,"Lucky Guy, Kids",566.0,13148.95,23871.0999999999
1999.0,1999Q2,Children,Children Sports,"N.D. Gear, Kids",1586.0,41117.88,73708.2799999999
1999.0,1999Q2,Children,Children Sports,"Olssons, Kids",445.0,4180.45,7018.29999999999
1999.0,1999Q2,Children,Children Sports,Orion Kid's Clothes,19.0,344.799999999999,693.4
1999.0,1999Q2,Children,Children Sports,"Osprey, Kids",1031.0,15763.2,28603.6
1999.0,1999Q2,Children,Children Sports,Tracker Kid's Clothes,2458.0,44840.28,82469.8299999997
1999.0,1999Q2,Children,Children Sports,"Ypsilon, Kids",250.0,5289.84999999999,9378.6
1999.0,1999Q2,Clothes & Shoes,Clothes,Eclipse Clothing,5658.0,156126.529999999,313701.980000002
1999.0,1999Q2,Clothes & Shoes,Clothes,Green Tomato,324.0,9264.64999999999,15443.8
1999.0,1999Q2,Clothes & Shoes,Clothes,Knitwear,894.0,43345.25,75620.2999999998
1999.0,1999Q2,Clothes & Shoes,Clothes,LSF,601.0,31183.95,59883.4999999999
1999.0,1999Q2,Clothes & Shoes,Clothes,Leisure,584.0,26349.3999999999,47715.8000000001
1999.0,1999Q2,Clothes & Shoes,Clothes,Massif,78.0,11770.8999999999,22468.0
1999.0,1999Q2,Clothes & Shoes,Clothes,Orion,1397.0,65043.2899999999,124513.29
1999.0,1999Q2,Clothes & Shoes,Clothes,Orion Clothing,864.0,23831.66,45875.1099999999
1999.0,1999Q2,Clothes & Shoes,Clothes,Osprey,470.0,16426.85,28081.7999999999
1999.0,1999Q2,Clothes & Shoes,Clothes,Shorts,258.0,3866.85,6897.7
1999.0,1999Q2,Clothes & Shoes,Clothes,Stockings & Socks,406.0,3703.15,6306.89999999999
1999.0,1999Q2,Clothes & Shoes,Clothes,Street Wear,847.0,33972.55,58897.3
1999.0,1999Q2,Clothes & Shoes,Clothes,T-Shirts,639.0,9721.42999999999,17852.43
1999.0,1999Q2,Clothes & Shoes,Clothes,Tracker Clothes,4815.0,126424.969999999,233424.419999999
1999.0,1999Q2,Clothes & Shoes,Clothes,Twain,96.0,12789.55,25292.35
1999.0,1999Q2,Clothes & Shoes,Shoes,Eclipse Shoes,6853.0,340341.14,686906.589999999
1999.0,1999Q2,Clothes & Shoes,Shoes,Shoes,3050.0,159684.089999999,296426.49
1999.0,1999Q2,Clothes & Shoes,Shoes,Tracker Shoes,3927.0,160034.649999999,294621.7
1999.0,1999Q2,Outdoors,Outdoors,Anoraks & Parkas,2060.0,162450.51,291965.709999998
1999.0,1999Q2,Outdoors,Outdoors,Backpacks,1497.0,102754.449999999,197134.25
1999.0,1999Q2,Outdoors,Outdoors,Gloves & Mittens,234.0,5557.94999999999,9617.00000000001
1999.0,1999Q2,Outdoors,Outdoors,Knitted Accessories,166.0,2012.49999999999,3441.8
1999.0,1999Q2,Outdoors,Outdoors,Outdoor Gear,4488.0,192599.91,342417.709999999
1999.0,1999Q2,Outdoors,Outdoors,Sleepingbags,3980.0,181599.499999999,357953.700000001
1999.0,1999Q2,Outdoors,Outdoors,Tents,1699.0,300826.0,606290.999999998
1999.0,1999Q2,Sports,Assorted Sports Articles,Assorted Sports articles,6837.0,237328.184999999,430240.384999999
1999.0,1999Q2,Sports,Assorted Sports Articles,Darts,1094.0,20502.9499999999,34922.3000000001
1999.0,1999Q2,Sports,Assorted Sports Articles,Petanque - Boule,1041.0,25301.0999999999,45565.9999999999
1999.0,1999Q2,Sports,Assorted Sports Articles,Skates,4825.0,444409.070000001,940072.820000001
1999.0,1999Q2,Sports,Golf,Golf,3469.0,180709.21,376437.36
1999.0,1999Q2,Sports,Golf,Golf Clothes,1068.0,84713.9499999999,116364.499999999
1999.0,1999Q2,Sports,Indoor Sports,Fitness,334.0,24463.6499999999,49631.6999999999
1999.0,1999Q2,Sports,Indoor Sports,Gymnastic Clothing,189.0,4850.05,8623.39999999999
1999.0,1999Q2,Sports,Indoor Sports,Top Trim,168.0,18469.15,33200.4
1999.0,1999Q2,Sports,Racket Sports,Badminton,81.0,9269.75,12360.1
1999.0,1999Q2,Sports,Racket Sports,Racket Sports,914.0,71155.2999999998,122259.0
1999.0,1999Q2,Sports,Racket Sports,Tennis,1456.0,36854.14,63756.69
1999.0,1999Q2,Sports,Running - Jogging,Jogging,2230.0,77019.9700000001,135086.269999999
1999.0,1999Q2,Sports,Running - Jogging,Running Clothes,3278.0,77014.33,139473.38
1999.0,1999Q2,Sports,Swim Sports,Bathing Suits,3010.0,60166.3799999999,104046.83
1999.0,1999Q2,Sports,Team Sports,American Football,1054.0,14193.8,25565.66
1999.0,1999Q2,Sports,Team Sports,Baseball,981.0,9366.06999999999,16553.8199999999
1999.0,1999Q2,Sports,Team Sports,Basket Ball,113.0,1385.3,2245.34999999999
1999.0,1999Q2,Sports,Team Sports,Soccer,2866.0,48241.7099999999,94383.5099999999
1999.0,1999Q2,Sports,Winter Sports,Ski Dress,533.0,75872.6999999998,133340.6
1999.0,1999Q2,Sports,Winter Sports,Winter Sports,1022.0,55672.7250000002,98540.8749999997
1999.0,1999Q3,Children,Children Sports,"A-Team, Kids",537.0,8833.92999999999,16410.53
1999.0,1999Q3,Children,Children Sports,"Bathing Suits, Kids",187.0,2977.75,5128.4
1999.0,1999Q3,Children,Children Sports,"Eclipse, Kid's Clothes",1073.0,16820.45,33870.3
1999.0,1999Q3,Children,Children Sports,"Eclipse, Kid's Shoes",630.0,13593.21,27367.86
1999.0,1999Q3,Children,Children Sports,"Lucky Guy, Kids",521.0,12200.65,22136.7999999999
1999.0,1999Q3,Children,Children Sports,"N.D. Gear, Kids",1520.0,40754.79,73453.6399999999
1999.0,1999Q3,Children,Children Sports,"Olssons, Kids",433.0,3883.9,6521.09999999999
1999.0,1999Q3,Children,Children Sports,Orion Kid's Clothes,29.0,496.4,998.6
1999.0,1999Q3,Children,Children Sports,"Osprey, Kids",829.0,12317.19,22507.6399999999
1999.0,1999Q3,Children,Children Sports,Tracker Kid's Clothes,2400.0,42517.75,78770.1999999999
1999.0,1999Q3,Children,Children Sports,"Ypsilon, Kids",220.0,4860.5,8617.89999999999
1999.0,1999Q3,Clothes & Shoes,Clothes,Eclipse Clothing,5879.0,167951.509999999,339165.56
1999.0,1999Q3,Clothes & Shoes,Clothes,Green Tomato,327.0,8952.58,15093.23
1999.0,1999Q3,Clothes & Shoes,Clothes,Knitwear,623.0,30528.0999999999,53392.9999999999
1999.0,1999Q3,Clothes & Shoes,Clothes,LSF,702.0,35957.6999999999,68991.5999999999
1999.0,1999Q3,Clothes & Shoes,Clothes,Leisure,524.0,22507.1099999999,40981.8099999999
1999.0,1999Q3,Clothes & Shoes,Clothes,Massif,51.0,7595.85,14499.0
1999.0,1999Q3,Clothes & Shoes,Clothes,Orion,1462.0,67466.96,129896.559999999
1999.0,1999Q3,Clothes & Shoes,Clothes,Orion Clothing,904.0,23741.5499999999,45558.9
1999.0,1999Q3,Clothes & Shoes,Clothes,Osprey,505.0,17693.85,30080.4999999999
1999.0,1999Q3,Clothes & Shoes,Clothes,Shorts,269.0,4190.91,7716.30999999999
1999.0,1999Q3,Clothes & Shoes,Clothes,Stockings & Socks,513.0,4642.45,7895.09999999999
1999.0,1999Q3,Clothes & Shoes,Clothes,Street Wear,911.0,37914.7,65530.7499999999
1999.0,1999Q3,Clothes & Shoes,Clothes,T-Shirts,679.0,10666.4,19206.4
1999.0,1999Q3,Clothes & Shoes,Clothes,Tracker Clothes,4925.0,128263.949999999,238193.549999999
1999.0,1999Q3,Clothes & Shoes,Clothes,Twain,147.0,19493.075,37925.825
1999.0,1999Q3,Clothes & Shoes,Shoes,Eclipse Shoes,6592.0,326052.819999999,658727.22
1999.0,1999Q3,Clothes & Shoes,Shoes,Shoes,3052.0,158739.95,296365.349999999
1999.0,1999Q3,Clothes & Shoes,Shoes,Tracker Shoes,3556.0,141540.809999999,264627.76
1999.0,1999Q3,Outdoors,Outdoors,Anoraks & Parkas,1112.0,86575.9999999997,154595.099999999
1999.0,1999Q3,Outdoors,Outdoors,Backpacks,1187.0,79752.7299999998,151140.779999999
1999.0,1999Q3,Outdoors,Outdoors,Gloves & Mittens,244.0,5535.25,9519.70000000001
1999.0,1999Q3,Outdoors,Outdoors,Knitted Accessories,145.0,1698.14999999999,2888.3
1999.0,1999Q3,Outdoors,Outdoors,Outdoor Gear,3979.0,170742.57,302470.77
1999.0,1999Q3,Outdoors,Outdoors,Sleepingbags,3436.0,156490.1,308182.700000001
1999.0,1999Q3,Outdoors,Outdoors,Tents,1480.0,261444.699999999,530594.100000001
1999.0,1999Q3,Sports,Assorted Sports Articles,Assorted Sports articles,6766.0,230609.54,420054.69
1999.0,1999Q3,Sports,Assorted Sports Articles,Darts,932.0,16758.1999999999,28542.7000000001
1999.0,1999Q3,Sports,Assorted Sports Articles,Petanque - Boule,914.0,22108.8499999999,39936.2999999999
1999.0,1999Q3,Sports,Assorted Sports Articles,Skates,4236.0,397796.86,834389.059999999
1999.0,1999Q3,Sports,Golf,Golf,3136.0,164126.37,339269.82
1999.0,1999Q3,Sports,Golf,Golf Clothes,1161.0,88682.11,124474.909999999
1999.0,1999Q3,Sports,Indoor Sports,Fitness,491.0,36025.9999999999,72323.9999999999
1999.0,1999Q3,Sports,Indoor Sports,Gymnastic Clothing,273.0,7434.89999999999,13138.3
1999.0,1999Q3,Sports,Indoor Sports,Top Trim,219.0,21973.25,39486.7
1999.0,1999Q3,Sports,Racket Sports,Badminton,117.0,12616.9,17102.5
1999.0,1999Q3,Sports,Racket Sports,Racket Sports,1066.0,87373.7499999998,150270.699999999
1999.0,1999Q3,Sports,Racket Sports,Tennis,907.0,24178.4199999999,41729.4199999999
1999.0,1999Q3,Sports,Running - Jogging,Jogging,1992.0,69841.89,122154.54
1999.0,1999Q3,Sports,Running - Jogging,Running Clothes,3179.0,77546.57,141552.77
1999.0,1999Q3,Sports,Swim Sports,Bathing Suits,2521.0,48689.4900000001,84431.8900000001
1999.0,1999Q3,Sports,Team Sports,American Football,804.0,9825.32000000001,18537.0999999999
1999.0,1999Q3,Sports,Team Sports,Baseball,770.0,6509.76999999999,12215.8199999999
1999.0,1999Q3,Sports,Team Sports,Basket Ball,163.0,1999.66,3240.05999999999
1999.0,1999Q3,Sports,Team Sports,Soccer,1942.0,34462.2799999999,66863.28
1999.0,1999Q3,Sports,Winter Sports,Ski Dress,485.0,70380.0999999998,123494.5
1999.0,1999Q3,Sports,Winter Sports,Winter Sports,1048.0,56310.0,99763.1499999997
1999.0,1999Q4,Children,Children Sports,"A-Team, Kids",473.0,7457.5,13550.2
1999.0,1999Q4,Children,Children Sports,"Bathing Suits, Kids",64.0,1113.45,1918.5
1999.0,1999Q4,Children,Children Sports,"Eclipse, Kid's Clothes",932.0,13973.42,28283.72
1999.0,1999Q4,Children,Children Sports,"Eclipse, Kid's Shoes",585.0,11967.81,24444.0599999999
1999.0,1999Q4,Children,Children Sports,"Lucky Guy, Kids",507.0,11210.7,20490.9999999999
1999.0,1999Q4,Children,Children Sports,"N.D. Gear, Kids",1093.0,28336.6899999999,50627.24
1999.0,1999Q4,Children,Children Sports,"Olssons, Kids",339.0,3121.05,5280.29999999999
1999.0,1999Q4,Children,Children Sports,Orion Kid's Clothes,33.0,467.199999999999,941.0
1999.0,1999Q4,Children,Children Sports,"Osprey, Kids",720.0,11153.9999999999,20187.4999999999
1999.0,1999Q4,Children,Children Sports,Tracker Kid's Clothes,1954.0,35099.49,65046.4399999995
1999.0,1999Q4,Children,Children Sports,"Ypsilon, Kids",242.0,5389.05,9553.00000000001
1999.0,1999Q4,Clothes & Shoes,Clothes,Eclipse Clothing,5042.0,140445.599999999,282644.600000001
1999.0,1999Q4,Clothes & Shoes,Clothes,Green Tomato,272.0,7219.5,12373.5
1999.0,1999Q4,Clothes & Shoes,Clothes,Knitwear,1208.0,61299.5000000001,106789.899999999
1999.0,1999Q4,Clothes & Shoes,Clothes,LSF,615.0,30139.9799999999,58752.78
1999.0,1999Q4,Clothes & Shoes,Clothes,Leisure,475.0,20566.7499999999,37293.1
1999.0,1999Q4,Clothes & Shoes,Clothes,Massif,67.0,10438.6499999999,19924.0
1999.0,1999Q4,Clothes & Shoes,Clothes,Orion,1267.0,59284.6299999999,114143.68
1999.0,1999Q4,Clothes & Shoes,Clothes,Orion Clothing,764.0,21028.8699999999,40399.12
1999.0,1999Q4,Clothes & Shoes,Clothes,Osprey,468.0,15539.52,26640.92
1999.0,1999Q4,Clothes & Shoes,Clothes,Shorts,125.0,1925.1,3432.99999999999
1999.0,1999Q4,Clothes & Shoes,Clothes,Stockings & Socks,438.0,3930.75,6714.59999999999
1999.0,1999Q4,Clothes & Shoes,Clothes,Street Wear,749.0,29241.17,50914.4200000001
1999.0,1999Q4,Clothes & Shoes,Clothes,T-Shirts,307.0,4922.4,8836.70000000001
1999.0,1999Q4,Clothes & Shoes,Clothes,Tracker Clothes,4583.0,122285.019999999,226909.519999999
1999.0,1999Q4,Clothes & Shoes,Clothes,Twain,111.0,14037.15,27163.85
1999.0,1999Q4,Clothes & Shoes,Shoes,Eclipse Shoes,4491.0,220287.11,443837.359999998
1999.0,1999Q4,Clothes & Shoes,Shoes,Shoes,2073.0,106766.489999999,199992.739999999
1999.0,1999Q4,Clothes & Shoes,Shoes,Tracker Shoes,2604.0,108020.289999999,198944.239999999
1999.0,1999Q4,Outdoors,Outdoors,Anoraks & Parkas,2361.0,185557.94,333858.439999998
1999.0,1999Q4,Outdoors,Outdoors,Backpacks,1125.0,77679.1499999998,146663.1
1999.0,1999Q4,Outdoors,Outdoors,Gloves & Mittens,523.0,12634.05,21833.9
1999.0,1999Q4,Outdoors,Outdoors,Knitted Accessories,364.0,4321.57999999999,7437.27999999999
1999.0,1999Q4,Outdoors,Outdoors,Outdoor Gear,2113.0,90356.4999999998,159591.5
1999.0,1999Q4,Outdoors,Outdoors,Sleepingbags,1965.0,89234.8499999999,175719.4
1999.0,1999Q4,Outdoors,Outdoors,Tents,817.0,145481.799999999,293892.600000001
1999.0,1999Q4,Sports,Assorted Sports Articles,Assorted Sports articles,6106.0,208643.455,379600.854999999
1999.0,1999Q4,Sports,Assorted Sports Articles,Darts,1987.0,36701.0499999999,62546.9000000001
1999.0,1999Q4,Sports,Assorted Sports Articles,Petanque - Boule,452.0,10885.4999999999,19629.2
1999.0,1999Q4,Sports,Assorted Sports Articles,Skates,2339.0,220520.25,458122.1
1999.0,1999Q4,Sports,Golf,Golf,2342.0,126166.369999999,258909.47
1999.0,1999Q4,Sports,Golf,Golf Clothes,793.0,64638.56,89872.2099999999
1999.0,1999Q4,Sports,Indoor Sports,Fitness,636.0,67693.0899999999,134976.039999999
1999.0,1999Q4,Sports,Indoor Sports,Gymnastic Clothing,434.0,11068.11,19637.86
1999.0,1999Q4,Sports,Indoor Sports,Top Trim,373.0,40132.5299999999,73103.1799999999
1999.0,1999Q4,Sports,Racket Sports,Badminton,220.0,22095.05,30234.4999999999
1999.0,1999Q4,Sports,Racket Sports,Racket Sports,1038.0,87916.5499999998,149015.699999999
1999.0,1999Q4,Sports,Racket Sports,Tennis,881.0,23484.18,41188.1799999999
1999.0,1999Q4,Sports,Running - Jogging,Jogging,1534.0,51199.3699999999,91117.7699999999
1999.0,1999Q4,Sports,Running - Jogging,Running Clothes,2172.0,51992.5899999999,94407.9400000006
1999.0,1999Q4,Sports,Swim Sports,Bathing Suits,1117.0,22944.5499999999,39209.0999999999
1999.0,1999Q4,Sports,Team Sports,American Football,684.0,8915.87000000001,16188.8999999999
1999.0,1999Q4,Sports,Team Sports,Baseball,534.0,5409.75999999999,9394.05999999999
1999.0,1999Q4,Sports,Team Sports,Basket Ball,196.0,2416.0,3905.84999999999
1999.0,1999Q4,Sports,Team Sports,Soccer,1905.0,35714.8800000001,69232.7800000001
1999.0,1999Q4,Sports,Winter Sports,Ski Dress,1399.0,196434.88,346267.429999998
1999.0,1999Q4,Sports,Winter Sports,Winter Sports,2386.0,123899.43,222812.08
2000.0,2000Q1,Children,Children Sports,"A-Team, Kids",310.0,5627.44999999999,10163.7
2000.0,2000Q1,Children,Children Sports,"Bathing Suits, Kids",90.0,1618.5,2800.1
2000.0,2000Q1,Children,Children Sports,"Eclipse, Kid's Clothes",585.0,9501.15000000001,19079.0999999999
2000.0,2000Q1,Children,Children Sports,"Eclipse, Kid's Shoes",351.0,7508.54999999999,15082.5
2000.0,2000Q1,Children,Children Sports,"Lucky Guy, Kids",289.0,7193.20000000001,13019.9999999999
2000.0,2000Q1,Children,Children Sports,"N.D. Gear, Kids",786.0,21158.4499999999,37889.7
2000.0,2000Q1,Children,Children Sports,"Olssons, Kids",254.0,2362.75,3984.29999999999
2000.0,2000Q1,Children,Children Sports,Orion Kid's Clothes,15.0,278.6,560.2
2000.0,2000Q1,Children,Children Sports,"Osprey, Kids",491.0,7658.49999999998,13878.4999999999
2000.0,2000Q1,Children,Children Sports,Tracker Kid's Clothes,1308.0,23972.55,43936.1999999998
2000.0,2000Q1,Children,Children Sports,"Ypsilon, Kids",158.0,3451.3,6117.49999999999
2000.0,2000Q1,Clothes & Shoes,Clothes,Eclipse Clothing,3503.0,103567.35,207490.2
2000.0,2000Q1,Clothes & Shoes,Clothes,Green Tomato,206.0,5901.15,9835.49999999999
2000.0,2000Q1,Clothes & Shoes,Clothes,Knitwear,1704.0,85894.6499999999,150673.799999999
2000.0,2000Q1,Clothes & Shoes,Clothes,LSF,355.0,18643.1499999999,35897.3
2000.0,2000Q1,Clothes & Shoes,Clothes,Leisure,328.0,15236.0499999999,27562.4999999999
2000.0,2000Q1,Clothes & Shoes,Clothes,Massif,42.0,6465.69999999999,12341.0
2000.0,2000Q1,Clothes & Shoes,Clothes,Orion,836.0,41966.9,79794.1000000001
2000.0,2000Q1,Clothes & Shoes,Clothes,Orion Clothing,529.0,14497.2,27745.6
2000.0,2000Q1,Clothes & Shoes,Clothes,Osprey,321.0,11403.0,19554.7
2000.0,2000Q1,Clothes & Shoes,Clothes,Shorts,175.0,2513.6,4497.39999999999
2000.0,2000Q1,Clothes & Shoes,Clothes,Stockings & Socks,315.0,2876.69999999999,4894.1
2000.0,2000Q1,Clothes & Shoes,Clothes,Street Wear,493.0,19938.9999999999,34400.6
2000.0,2000Q1,Clothes & Shoes,Clothes,T-Shirts,381.0,6253.0,11191.2
2000.0,2000Q1,Clothes & Shoes,Clothes,Tracker Clothes,2999.0,80871.4000000001,148782.699999999
2000.0,2000Q1,Clothes & Shoes,Clothes,Twain,79.0,10923.45,21109.75
2000.0,2000Q1,Clothes & Shoes,Shoes,Eclipse Shoes,4810.0,239996.199999999,483996.2
2000.0,2000Q1,Clothes & Shoes,Shoes,Shoes,2107.0,112862.7,209241.699999999
2000.0,2000Q1,Clothes & Shoes,Shoes,Tracker Shoes,2591.0,107826.099999999,198561.7
2000.0,2000Q1,Outdoors,Outdoors,Anoraks & Parkas,3693.0,286258.109999999,509988.259999996
2000.0,2000Q1,Outdoors,Outdoors,Backpacks,722.0,51118.8999999998,96409.9999999999
2000.0,2000Q1,Outdoors,Outdoors,Gloves & Mittens,305.0,7856.84999999999,13720.5
2000.0,2000Q1,Outdoors,Outdoors,Knitted Accessories,412.0,4907.02,8510.82
2000.0,2000Q1,Outdoors,Outdoors,Outdoor Gear,2385.0,99460.0499999996,175673.3
2000.0,2000Q1,Outdoors,Outdoors,Sleepingbags,1953.0,89304.85,175873.7
2000.0,2000Q1,Outdoors,Outdoors,Tents,863.0,158431.449999999,321752.8
2000.0,2000Q1,Sports,Assorted Sports Articles,Assorted Sports articles,4775.0,167936.25,304040.4
2000.0,2000Q1,Sports,Assorted Sports Articles,Darts,1474.0,27860.0499999999,47481.0000000002
2000.0,2000Q1,Sports,Assorted Sports Articles,Petanque - Boule,441.0,10806.8999999999,19526.7999999999
2000.0,2000Q1,Sports,Assorted Sports Articles,Skates,2361.0,227123.8,469374.5
2000.0,2000Q1,Sports,Golf,Golf,1863.0,99002.8000000003,204362.2
2000.0,2000Q1,Sports,Golf,Golf Clothes,645.0,53465.2,73382.3999999999
2000.0,2000Q1,Sports,Indoor Sports,Fitness,737.0,71593.61,143166.86
2000.0,2000Q1,Sports,Indoor Sports,Gymnastic Clothing,356.0,9369.91,16607.06
2000.0,2000Q1,Sports,Indoor Sports,Top Trim,410.0,45710.71,83495.91
2000.0,2000Q1,Sports,Racket Sports,Badminton,166.0,18776.65,25382.1
2000.0,2000Q1,Sports,Racket Sports,Racket Sports,613.0,48585.4499999999,84220.3999999999
2000.0,2000Q1,Sports,Racket Sports,Tennis,624.0,16812.6999999999,28941.4999999999
2000.0,2000Q1,Sports,Running - Jogging,Jogging,1591.0,55638.6499999998,97240.5999999999
2000.0,2000Q1,Sports,Running - Jogging,Running Clothes,2480.0,61148.9000000001,110376.0
2000.0,2000Q1,Sports,Swim Sports,Bathing Suits,1204.0,24921.5499999999,42520.4
2000.0,2000Q1,Sports,Team Sports,American Football,447.0,6219.33000000002,11011.5
2000.0,2000Q1,Sports,Team Sports,Baseball,426.0,3822.55,6934.29999999999
2000.0,2000Q1,Sports,Team Sports,Basket Ball,220.0,2740.55999999999,4408.65999999999
2000.0,2000Q1,Sports,Team Sports,Soccer,1256.0,23244.1,44608.7999999999
2000.0,2000Q1,Sports,Winter Sports,Ski Dress,1861.0,254706.73,453056.63
2000.0,2000Q1,Sports,Winter Sports,Winter Sports,3462.0,187819.414999999,332491.164999999
2000.0,2000Q2,Children,Children Sports,"A-Team, Kids",537.0,9052.19999999999,16350.6999999999
2000.0,2000Q2,Children,Children Sports,"Bathing Suits, Kids",207.0,3472.2,5998.2
2000.0,2000Q2,Children,Children Sports,"Eclipse, Kid's Clothes",1199.0,19415.0299999999,39004.03
2000.0,2000Q2,Children,Children Sports,"Eclipse, Kid's Shoes",728.0,15364.34,31014.99
2000.0,2000Q2,Children,Children Sports,"Lucky Guy, Kids",567.0,12903.0499999999,23485.1
2000.0,2000Q2,Children,Children Sports,"N.D. Gear, Kids",1676.0,45402.4199999999,81242.8699999999
2000.0,2000Q2,Children,Children Sports,"Olssons, Kids",511.0,4619.04999999999,7715.4
2000.0,2000Q2,Children,Children Sports,Orion Kid's Clothes,19.0,351.1,706.0
2000.0,2000Q2,Children,Children Sports,"Osprey, Kids",968.0,14924.33,27010.08
2000.0,2000Q2,Children,Children Sports,Tracker Kid's Clothes,2512.0,45018.1,82924.3500000002
2000.0,2000Q2,Children,Children Sports,"Ypsilon, Kids",259.0,5711.75,10125.7999999999
2000.0,2000Q2,Clothes & Shoes,Clothes,Eclipse Clothing,6755.0,191287.399999999,384318.350000002
2000.0,2000Q2,Clothes & Shoes,Clothes,Green Tomato,407.0,12023.15,20037.0
2000.0,2000Q2,Clothes & Shoes,Clothes,Knitwear,1089.0,54432.2500000001,95199.2999999998
2000.0,2000Q2,Clothes & Shoes,Clothes,LSF,797.0,40207.2,77149.0000000001
2000.0,2000Q2,Clothes & Shoes,Clothes,Leisure,678.0,31398.9499999999,56801.7
2000.0,2000Q2,Clothes & Shoes,Clothes,Massif,103.0,15519.2,29622.0
2000.0,2000Q2,Clothes & Shoes,Clothes,Orion,1799.0,86710.4999999999,166252.649999999
2000.0,2000Q2,Clothes & Shoes,Clothes,Orion Clothing,1007.0,27650.78,53412.6299999999
2000.0,2000Q2,Clothes & Shoes,Clothes,Osprey,652.0,21752.5,36711.0999999999
2000.0,2000Q2,Clothes & Shoes,Clothes,Shorts,293.0,4339.39999999999,7749.39999999999
2000.0,2000Q2,Clothes & Shoes,Clothes,Stockings & Socks,499.0,4672.29999999999,7965.90000000001
2000.0,2000Q2,Clothes & Shoes,Clothes,Street Wear,949.0,36509.0999999999,63409.0999999999
2000.0,2000Q2,Clothes & Shoes,Clothes,T-Shirts,765.0,11090.1199999999,20440.8699999999
2000.0,2000Q2,Clothes & Shoes,Clothes,Tracker Clothes,5941.0,164258.019999999,302537.720000001
2000.0,2000Q2,Clothes & Shoes,Clothes,Twain,149.0,20033.45,38452.1499999999
2000.0,2000Q2,Clothes & Shoes,Shoes,Eclipse Shoes,7717.0,378502.709999999,765253.460000001
2000.0,2000Q2,Clothes & Shoes,Shoes,Shoes,3377.0,178159.739999999,330792.39
2000.0,2000Q2,Clothes & Shoes,Shoes,Tracker Shoes,4226.0,173593.67,320046.27
2000.0,2000Q2,Outdoors,Outdoors,Anoraks & Parkas,2367.0,183170.51,329619.56
2000.0,2000Q2,Outdoors,Outdoors,Backpacks,1810.0,124273.869999999,236848.37
2000.0,2000Q2,Outdoors,Outdoors,Gloves & Mittens,280.0,6607.55,11537.9
2000.0,2000Q2,Outdoors,Outdoors,Knitted Accessories,207.0,2315.65,3938.0
2000.0,2000Q2,Outdoors,Outdoors,Outdoor Gear,5443.0,237044.73,420435.129999999
2000.0,2000Q2,Outdoors,Outdoors,Sleepingbags,4628.0,210270.7,414518.5
2000.0,2000Q2,Outdoors,Outdoors,Tents,2018.0,356591.800000001,726506.599999999
2000.0,2000Q2,Sports,Assorted Sports Articles,Assorted Sports articles,7980.0,277982.039999999,504459.69
2000.0,2000Q2,Sports,Assorted Sports Articles,Darts,1268.0,24188.5999999999,41254.3000000003
2000.0,2000Q2,Sports,Assorted Sports Articles,Petanque - Boule,1240.0,30612.7999999998,55057.3999999999
2000.0,2000Q2,Sports,Assorted Sports Articles,Skates,6016.0,552970.510000001,1159837.25999999
2000.0,2000Q2,Sports,Golf,Golf,4269.0,221011.949999999,463360.499999998
2000.0,2000Q2,Sports,Golf,Golf Clothes,1367.0,107704.009999999,150656.96
2000.0,2000Q2,Sports,Indoor Sports,Fitness,373.0,29211.85,58081.1999999999
2000.0,2000Q2,Sports,Indoor Sports,Gymnastic Clothing,195.0,5241.64999999999,9295.5
2000.0,2000Q2,Sports,Indoor Sports,Top Trim,184.0,20651.8,37155.0999999999
2000.0,2000Q2,Sports,Racket Sports,Badminton,94.0,13037.85,17076.5
2000.0,2000Q2,Sports,Racket Sports,Racket Sports,1094.0,89128.35,152396.499999999
2000.0,2000Q2,Sports,Racket Sports,Tennis,1664.0,42833.4,74367.2999999999
2000.0,2000Q2,Sports,Running - Jogging,Jogging,2532.0,89904.8800000002,157296.68
2000.0,2000Q2,Sports,Running - Jogging,Running Clothes,3761.0,91769.6399999998,166192.89
2000.0,2000Q2,Sports,Swim Sports,Bathing Suits,3596.0,70695.7099999999,122146.56
2000.0,2000Q2,Sports,Team Sports,American Football,1184.0,16031.51,28626.66
2000.0,2000Q2,Sports,Team Sports,Baseball,934.0,9107.17,16095.9699999999
2000.0,2000Q2,Sports,Team Sports,Basket Ball,144.0,1795.52,2887.11999999999
2000.0,2000Q2,Sports,Team Sports,Soccer,3674.0,64957.25,127549.999999999
2000.0,2000Q2,Sports,Winter Sports,Ski Dress,596.0,85682.9999999999,150419.5
2000.0,2000Q2,Sports,Winter Sports,Winter Sports,1182.0,66382.4500000001,118497.399999999
2000.0,2000Q3,Children,Children Sports,"A-Team, Kids",668.0,10689.75,20152.0499999999
2000.0,2000Q3,Children,Children Sports,"Bathing Suits, Kids",179.0,3053.0,5269.9
2000.0,2000Q3,Children,Children Sports,"Eclipse, Kid's Clothes",1271.0,21049.46,42363.3099999999
2000.0,2000Q3,Children,Children Sports,"Eclipse, Kid's Shoes",779.0,16434.97,33142.82
2000.0,2000Q3,Children,Children Sports,"Lucky Guy, Kids",650.0,15493.0,28017.4999999999
2000.0,2000Q3,Children,Children Sports,"N.D. Gear, Kids",1776.0,45839.9399999999,82339.89
2000.0,2000Q3,Children,Children Sports,"Olssons, Kids",556.0,4934.45,8285.9
2000.0,2000Q3,Children,Children Sports,Orion Kid's Clothes,30.0,519.65,1045.29999999999
2000.0,2000Q3,Children,Children Sports,"Osprey, Kids",1067.0,17238.03,31431.83
2000.0,2000Q3,Children,Children Sports,Tracker Kid's Clothes,3022.0,53352.91,99103.2099999998
2000.0,2000Q3,Children,Children Sports,"Ypsilon, Kids",310.0,6694.2,11862.4999999999
2000.0,2000Q3,Clothes & Shoes,Clothes,Eclipse Clothing,7332.0,209707.669999999,423223.369999999
2000.0,2000Q3,Clothes & Shoes,Clothes,Green Tomato,421.0,11289.35,19139.5
2000.0,2000Q3,Clothes & Shoes,Clothes,Knitwear,808.0,42422.9999999999,73947.3999999999
2000.0,2000Q3,Clothes & Shoes,Clothes,LSF,821.0,43013.15,82724.3
2000.0,2000Q3,Clothes & Shoes,Clothes,Leisure,755.0,34172.2999999999,62061.4
2000.0,2000Q3,Clothes & Shoes,Clothes,Massif,89.0,13419.5,25614.2
2000.0,2000Q3,Clothes & Shoes,Clothes,Orion,1725.0,83282.4699999999,158912.97
2000.0,2000Q3,Clothes & Shoes,Clothes,Orion Clothing,1056.0,29772.19,57279.0899999999
2000.0,2000Q3,Clothes & Shoes,Clothes,Osprey,744.0,26099.5,44233.5
2000.0,2000Q3,Clothes & Shoes,Clothes,Shorts,390.0,5348.92999999999,9799.08
2000.0,2000Q3,Clothes & Shoes,Clothes,Stockings & Socks,574.0,5239.79,8917.69
2000.0,2000Q3,Clothes & Shoes,Clothes,Street Wear,1030.0,41974.1599999998,72471.6599999999
2000.0,2000Q3,Clothes & Shoes,Clothes,T-Shirts,826.0,13702.1499999999,24482.2999999999
2000.0,2000Q3,Clothes & Shoes,Clothes,Tracker Clothes,6476.0,171995.78,319697.43
2000.0,2000Q3,Clothes & Shoes,Clothes,Twain,163.0,22096.25,43577.7499999999
2000.0,2000Q3,Clothes & Shoes,Shoes,Eclipse Shoes,7850.0,383969.46,775016.010000002
2000.0,2000Q3,Clothes & Shoes,Shoes,Shoes,3396.0,179442.31,334047.06
2000.0,2000Q3,Clothes & Shoes,Shoes,Tracker Shoes,4311.0,175171.01,326785.510000001
2000.0,2000Q3,Outdoors,Outdoors,Anoraks & Parkas,1455.0,114537.999999999,204465.7
2000.0,2000Q3,Outdoors,Outdoors,Backpacks,1565.0,110410.069999999,209022.72
2000.0,2000Q3,Outdoors,Outdoors,Gloves & Mittens,316.0,7562.09999999999,13123.3
2000.0,2000Q3,Outdoors,Outdoors,Knitted Accessories,209.0,2478.65,4224.2
2000.0,2000Q3,Outdoors,Outdoors,Outdoor Gear,4925.0,221231.23,390306.68
2000.0,2000Q3,Outdoors,Outdoors,Sleepingbags,4243.0,195212.2,384673.600000001
2000.0,2000Q3,Outdoors,Outdoors,Tents,1858.0,327773.45,667781.499999998
2000.0,2000Q3,Sports,Assorted Sports Articles,Assorted Sports articles,8728.0,305694.219999999,557402.52
2000.0,2000Q3,Sports,Assorted Sports Articles,Darts,1255.0,23093.6499999999,39365.7000000003
2000.0,2000Q3,Sports,Assorted Sports Articles,Petanque - Boule,934.0,23134.7499999998,41772.4
2000.0,2000Q3,Sports,Assorted Sports Articles,Skates,5361.0,514154.050000001,1077435.0
2000.0,2000Q3,Sports,Golf,Golf,3979.0,210724.14,436212.739999999
2000.0,2000Q3,Sports,Golf,Golf Clothes,1431.0,110731.03,158330.83
2000.0,2000Q3,Sports,Indoor Sports,Fitness,541.0,52509.8,105373.899999999
2000.0,2000Q3,Sports,Indoor Sports,Gymnastic Clothing,348.0,9689.89999999999,17146.1999999999
2000.0,2000Q3,Sports,Indoor Sports,Top Trim,298.0,34017.85,60931.2
2000.0,2000Q3,Sports,Racket Sports,Badminton,157.0,18751.1,25360.8
2000.0,2000Q3,Sports,Racket Sports,Racket Sports,1104.0,97529.0499999999,165035.099999999
2000.0,2000Q3,Sports,Racket Sports,Tennis,1078.0,27191.3799999999,47097.8799999999
2000.0,2000Q3,Sports,Running - Jogging,Jogging,2767.0,98527.7200000003,172113.87
2000.0,2000Q3,Sports,Running - Jogging,Running Clothes,3943.0,93053.3599999998,171896.46
2000.0,2000Q3,Sports,Swim Sports,Bathing Suits,3004.0,59923.1499999999,103539.0
2000.0,2000Q3,Sports,Team Sports,American Football,1103.0,13326.86,25122.94
2000.0,2000Q3,Sports,Team Sports,Baseball,909.0,8433.83,15573.73
2000.0,2000Q3,Sports,Team Sports,Basket Ball,217.0,2760.57999999999,4397.57999999998
2000.0,2000Q3,Sports,Team Sports,Soccer,2587.0,47291.1499999998,91645.3999999999
2000.0,2000Q3,Sports,Winter Sports,Ski Dress,626.0,91873.3499999999,161434.2
2000.0,2000Q3,Sports,Winter Sports,Winter Sports,1199.0,64740.9499999999,114992.549999999
2000.0,2000Q4,Children,Children Sports,"A-Team, Kids",543.0,9631.58999999999,17435.7399999999
2000.0,2000Q4,Children,Children Sports,"Bathing Suits, Kids",92.0,1583.5,2722.4
2000.0,2000Q4,Children,Children Sports,"Eclipse, Kid's Clothes",1091.0,17039.05,34520.6999999999
2000.0,2000Q4,Children,Children Sports,"Eclipse, Kid's Shoes",602.0,12715.16,25788.0599999999
2000.0,2000Q4,Children,Children Sports,"Lucky Guy, Kids",538.0,13504.9,24478.0
2000.0,2000Q4,Children,Children Sports,"N.D. Gear, Kids",1474.0,38362.19,68761.24
2000.0,2000Q4,Children,Children Sports,"Olssons, Kids",423.0,3921.34999999999,6575.4
2000.0,2000Q4,Children,Children Sports,Orion Kid's Clothes,31.0,439.1,884.4
2000.0,2000Q4,Children,Children Sports,"Osprey, Kids",837.0,13063.5599999999,23545.0599999999
2000.0,2000Q4,Children,Children Sports,Tracker Kid's Clothes,2276.0,41527.6799999998,76648.5799999998
2000.0,2000Q4,Children,Children Sports,"Ypsilon, Kids",239.0,5151.19999999999,9127.1
2000.0,2000Q4,Clothes & Shoes,Clothes,Eclipse Clothing,6242.0,177781.45,357383.800000001
2000.0,2000Q4,Clothes & Shoes,Clothes,Green Tomato,359.0,9270.96,16009.4599999999
2000.0,2000Q4,Clothes & Shoes,Clothes,Knitwear,1436.0,75644.3000000002,132022.799999999
2000.0,2000Q4,Clothes & Shoes,Clothes,LSF,693.0,32933.83,65241.3800000001
2000.0,2000Q4,Clothes & Shoes,Clothes,Leisure,674.0,29168.9399999999,53328.1400000001
2000.0,2000Q4,Clothes & Shoes,Clothes,Massif,72.0,10904.6,20813.8
2000.0,2000Q4,Clothes & Shoes,Clothes,Orion,1616.0,77548.7799999998,148627.78
2000.0,2000Q4,Clothes & Shoes,Clothes,Orion Clothing,952.0,27988.05,53555.4999999999
2000.0,2000Q4,Clothes & Shoes,Clothes,Osprey,528.0,18091.8899999999,30927.24
2000.0,2000Q4,Clothes & Shoes,Clothes,Shorts,165.0,2508.1,4475.89999999999
2000.0,2000Q4,Clothes & Shoes,Clothes,Stockings & Socks,577.0,5265.84999999999,8903.0
2000.0,2000Q4,Clothes & Shoes,Clothes,Street Wear,928.0,37475.19,65048.9400000001
2000.0,2000Q4,Clothes & Shoes,Clothes,T-Shirts,393.0,6275.35,11284.3
2000.0,2000Q4,Clothes & Shoes,Clothes,Tracker Clothes,5672.0,152079.119999999,282492.619999999
2000.0,2000Q4,Clothes & Shoes,Clothes,Twain,125.0,17008.95,32990.2
2000.0,2000Q4,Clothes & Shoes,Shoes,Eclipse Shoes,5216.0,257321.02,517964.419999999
2000.0,2000Q4,Clothes & Shoes,Shoes,Shoes,2284.0,118675.309999999,221648.56
2000.0,2000Q4,Clothes & Shoes,Shoes,Tracker Shoes,2933.0,122145.019999999,224944.119999999
2000.0,2000Q4,Outdoors,Outdoors,Anoraks & Parkas,3238.0,254761.270000001,460477.619999999
2000.0,2000Q4,Outdoors,Outdoors,Backpacks,1411.0,92640.8999999999,174724.999999999
2000.0,2000Q4,Outdoors,Outdoors,Gloves & Mittens,683.0,16539.85,28644.3
2000.0,2000Q4,Outdoors,Outdoors,Knitted Accessories,516.0,6414.78,11070.68
2000.0,2000Q4,Outdoors,Outdoors,Outdoor Gear,2656.0,113955.549999999,201261.700000001
2000.0,2000Q4,Outdoors,Outdoors,Sleepingbags,2419.0,112989.549999999,222592.000000001
2000.0,2000Q4,Outdoors,Outdoors,Tents,1072.0,191251.399999999,386485.199999999
2000.0,2000Q4,Sports,Assorted Sports Articles,Assorted Sports articles,7738.0,265022.094999999,479901.845
2000.0,2000Q4,Sports,Assorted Sports Articles,Darts,2411.0,45726.5499999999,77967.2999999996
2000.0,2000Q4,Sports,Assorted Sports Articles,Petanque - Boule,498.0,12224.1999999999,22120.3
2000.0,2000Q4,Sports,Assorted Sports Articles,Skates,3063.0,290972.999999999,600297.0
2000.0,2000Q4,Sports,Golf,Golf,2735.0,143613.569999999,295075.619999999
2000.0,2000Q4,Sports,Golf,Golf Clothes,896.0,76022.08,103682.829999999
2000.0,2000Q4,Sports,Indoor Sports,Fitness,698.0,72077.42,144310.92
2000.0,2000Q4,Sports,Indoor Sports,Gymnastic Clothing,492.0,12888.5599999999,22941.9599999999
2000.0,2000Q4,Sports,Indoor Sports,Top Trim,470.0,51115.07,94266.82
2000.0,2000Q4,Sports,Racket Sports,Badminton,228.0,28366.55,37390.2
2000.0,2000Q4,Sports,Racket Sports,Racket Sports,1266.0,111316.199999999,190717.099999999
2000.0,2000Q4,Sports,Racket Sports,Tennis,1087.0,27775.84,48377.44
2000.0,2000Q4,Sports,Running - Jogging,Jogging,1954.0,66493.5299999999,118474.429999999
2000.0,2000Q4,Sports,Running - Jogging,Running Clothes,2805.0,69648.8799999997,126369.33
2000.0,2000Q4,Sports,Swim Sports,Bathing Suits,1496.0,29786.2499999999,50793.2000000002
2000.0,2000Q4,Sports,Team Sports,American Football,723.0,9636.93000000001,17351.2
2000.0,2000Q4,Sports,Team Sports,Baseball,739.0,7507.49999999999,13218.6999999999
2000.0,2000Q4,Sports,Team Sports,Basket Ball,264.0,3389.11999999999,5376.21999999998
2000.0,2000Q4,Sports,Team Sports,Soccer,2379.0,42440.8100000001,83017.0600000001
2000.0,2000Q4,Sports,Winter Sports,Ski Dress,1435.0,200689.6,353915.249999999
2000.0,2000Q4,Sports,Winter Sports,Winter Sports,2729.0,143356.23,258000.48
2001.0,2001Q1,Children,Children Sports,"A-Team, Kids",260.0,4400.95,7957.2
2001.0,2001Q1,Children,Children Sports,"Bathing Suits, Kids",81.0,1384.75,2394.29999999999
2001.0,2001Q1,Children,Children Sports,"Eclipse, Kid's Clothes",471.0,7524.55000000001,15135.0
2001.0,2001Q1,Children,Children Sports,"Eclipse, Kid's Shoes",300.0,6474.64999999999,13007.3
2001.0,2001Q1,Children,Children Sports,"Lucky Guy, Kids",241.0,5439.60000000001,9935.89999999999
2001.0,2001Q1,Children,Children Sports,"N.D. Gear, Kids",701.0,18008.4999999999,32189.9
2001.0,2001Q1,Children,Children Sports,"Olssons, Kids",206.0,1897.69999999999,3211.79999999999
2001.0,2001Q1,Children,Children Sports,Orion Kid's Clothes,10.0,209.8,422.3
2001.0,2001Q1,Children,Children Sports,"Osprey, Kids",405.0,6618.09999999998,11926.3999999999
2001.0,2001Q1,Children,Children Sports,Tracker Kid's Clothes,1010.0,18806.5,34478.1
2001.0,2001Q1,Children,Children Sports,"Ypsilon, Kids",102.0,2320.59999999999,4111.1
2001.0,2001Q1,Clothes & Shoes,Clothes,Eclipse Clothing,2846.0,82145.3500000001,164617.4
2001.0,2001Q1,Clothes & Shoes,Clothes,Green Tomato,150.0,4370.5,7283.99999999999
2001.0,2001Q1,Clothes & Shoes,Clothes,Knitwear,1512.0,75969.4800000001,133091.479999999
2001.0,2001Q1,Clothes & Shoes,Clothes,LSF,289.0,14907.05,28710.5
2001.0,2001Q1,Clothes & Shoes,Clothes,Leisure,344.0,15862.2499999999,28693.8999999999
2001.0,2001Q1,Clothes & Shoes,Clothes,Massif,41.0,6418.15,12249.6
2001.0,2001Q1,Clothes & Shoes,Clothes,Orion,779.0,38263.7999999999,72821.1
2001.0,2001Q1,Clothes & Shoes,Clothes,Orion Clothing,456.0,13140.9499999999,25130.0999999999
2001.0,2001Q1,Clothes & Shoes,Clothes,Osprey,271.0,9126.2,15387.9
2001.0,2001Q1,Clothes & Shoes,Clothes,Shorts,146.0,2189.65,3907.09999999999
2001.0,2001Q1,Clothes & Shoes,Clothes,Stockings & Socks,263.0,2479.14999999999,4167.3
2001.0,2001Q1,Clothes & Shoes,Clothes,Street Wear,436.0,18403.35,31806.5
2001.0,2001Q1,Clothes & Shoes,Clothes,T-Shirts,336.0,5588.6,10003.8
2001.0,2001Q1,Clothes & Shoes,Clothes,Tracker Clothes,2515.0,68410.05,125967.699999999
2001.0,2001Q1,Clothes & Shoes,Clothes,Twain,77.0,10627.775,20789.4749999999
2001.0,2001Q1,Clothes & Shoes,Shoes,Eclipse Shoes,3908.0,194683.2,391706.099999999
2001.0,2001Q1,Clothes & Shoes,Shoes,Shoes,1759.0,93756.55,174353.099999999
2001.0,2001Q1,Clothes & Shoes,Shoes,Tracker Shoes,2116.0,90265.9499999993,166033.7
2001.0,2001Q1,Outdoors,Outdoors,Anoraks & Parkas,3311.0,275094.61,491234.159999998
2001.0,2001Q1,Outdoors,Outdoors,Backpacks,645.0,45798.3999999999,86314.8999999998
2001.0,2001Q1,Outdoors,Outdoors,Gloves & Mittens,311.0,8109.99999999999,13997.1
2001.0,2001Q1,Outdoors,Outdoors,Knitted Accessories,527.0,6231.54,10812.7399999999
2001.0,2001Q1,Outdoors,Outdoors,Outdoor Gear,1991.0,87643.5999999997,155197.8
2001.0,2001Q1,Outdoors,Outdoors,Sleepingbags,1662.0,76454.1999999999,150511.9
2001.0,2001Q1,Outdoors,Outdoors,Tents,709.0,130191.299999999,261784.5
2001.0,2001Q1,Sports,Assorted Sports Articles,Assorted Sports articles,4201.0,145961.3,264645.6
2001.0,2001Q1,Sports,Assorted Sports Articles,Darts,1216.0,23381.2499999999,39838.9000000002
2001.0,2001Q1,Sports,Assorted Sports Articles,Petanque - Boule,410.0,9905.44999999997,17831.5999999999
2001.0,2001Q1,Sports,Assorted Sports Articles,Skates,1961.0,189205.95,390192.599999999
2001.0,2001Q1,Sports,Golf,Golf,1529.0,78176.2,160181.0
2001.0,2001Q1,Sports,Golf,Golf Clothes,527.0,42292.7,58726.6999999999
2001.0,2001Q1,Sports,Indoor Sports,Fitness,558.0,42007.84,85025.0399999999
2001.0,2001Q1,Sports,Indoor Sports,Gymnastic Clothing,287.0,7693.91,13695.16
2001.0,2001Q1,Sports,Indoor Sports,Top Trim,277.0,27318.5,48827.2
2001.0,2001Q1,Sports,Racket Sports,Badminton,127.0,12913.55,17447.9
2001.0,2001Q1,Sports,Racket Sports,Racket Sports,578.0,46883.1999999999,80469.8999999999
2001.0,2001Q1,Sports,Racket Sports,Tennis,521.0,14140.2499999999,24242.8999999999
2001.0,2001Q1,Sports,Running - Jogging,Jogging,1440.0,51709.1499999999,90240.4
2001.0,2001Q1,Sports,Running - Jogging,Running Clothes,2148.0,52945.3000000001,95349.8999999999
2001.0,2001Q1,Sports,Swim Sports,Bathing Suits,1127.0,23239.8499999999,39737.7000000001
2001.0,2001Q1,Sports,Team Sports,American Football,356.0,4934.81000000001,8803.83000000001
2001.0,2001Q1,Sports,Team Sports,Baseball,333.0,3137.44999999999,5703.7
2001.0,2001Q1,Sports,Team Sports,Basket Ball,168.0,2178.48,3439.82999999999
2001.0,2001Q1,Sports,Team Sports,Soccer,1216.0,22471.3,43125.1
2001.0,2001Q1,Sports,Winter Sports,Ski Dress,1517.0,208741.68,373279.23
2001.0,2001Q1,Sports,Winter Sports,Winter Sports,2722.0,149392.165,266562.465
2001.0,2001Q2,Children,Children Sports,"A-Team, Kids",486.0,7939.44999999999,14354.6999999999
2001.0,2001Q2,Children,Children Sports,"Bathing Suits, Kids",162.0,2930.33,5052.48
2001.0,2001Q2,Children,Children Sports,"Eclipse, Kid's Clothes",1088.0,17082.1399999999,34257.7899999999
2001.0,2001Q2,Children,Children Sports,"Eclipse, Kid's Shoes",629.0,13569.09,27466.34
2001.0,2001Q2,Children,Children Sports,"Lucky Guy, Kids",553.0,12789.4999999999,23294.4
2001.0,2001Q2,Children,Children Sports,"N.D. Gear, Kids",1476.0,39146.3499999999,70045.4999999999
2001.0,2001Q2,Children,Children Sports,"Olssons, Kids",491.0,4804.69999999999,8059.20000000001
2001.0,2001Q2,Children,Children Sports,Orion Kid's Clothes,25.0,464.2,934.7
2001.0,2001Q2,Children,Children Sports,"Osprey, Kids",838.0,12854.47,23423.07
2001.0,2001Q2,Children,Children Sports,Tracker Kid's Clothes,2306.0,43081.39,79298.7899999999
2001.0,2001Q2,Children,Children Sports,"Ypsilon, Kids",257.0,5643.7,9999.69999999999
2001.0,2001Q2,Clothes & Shoes,Clothes,Eclipse Clothing,5626.0,159617.769999999,320641.67
2001.0,2001Q2,Clothes & Shoes,Clothes,Green Tomato,346.0,9755.34999999999,16263.2
2001.0,2001Q2,Clothes & Shoes,Clothes,Knitwear,892.0,47087.05,82131.1999999997
2001.0,2001Q2,Clothes & Shoes,Clothes,LSF,646.0,33198.6499999999,63659.6
2001.0,2001Q2,Clothes & Shoes,Clothes,Leisure,665.0,31427.2999999999,56815.6
2001.0,2001Q2,Clothes & Shoes,Clothes,Massif,61.0,9652.7,18422.7
2001.0,2001Q2,Clothes & Shoes,Clothes,Orion,1449.0,70666.0799999999,135304.68
2001.0,2001Q2,Clothes & Shoes,Clothes,Orion Clothing,859.0,25353.3899999999,48834.34
2001.0,2001Q2,Clothes & Shoes,Clothes,Osprey,541.0,18267.35,31005.5
2001.0,2001Q2,Clothes & Shoes,Clothes,Shorts,262.0,3774.64999999999,6761.1
2001.0,2001Q2,Clothes & Shoes,Clothes,Stockings & Socks,428.0,3857.24999999999,6501.2
2001.0,2001Q2,Clothes & Shoes,Clothes,Street Wear,943.0,40528.6199999999,70215.37
2001.0,2001Q2,Clothes & Shoes,Clothes,T-Shirts,623.0,9782.59999999999,18033.3999999999
2001.0,2001Q2,Clothes & Shoes,Clothes,Tracker Clothes,5107.0,137756.39,253540.289999999
2001.0,2001Q2,Clothes & Shoes,Clothes,Twain,148.0,20921.875,40876.0749999999
2001.0,2001Q2,Clothes & Shoes,Shoes,Eclipse Shoes,6092.0,298666.359999999,604671.560000001
2001.0,2001Q2,Clothes & Shoes,Shoes,Shoes,2742.0,147483.949999999,274083.55
2001.0,2001Q2,Clothes & Shoes,Shoes,Tracker Shoes,3246.0,135879.659999999,250277.51
2001.0,2001Q2,Outdoors,Outdoors,Anoraks & Parkas,2243.0,182233.01,326998.16
2001.0,2001Q2,Outdoors,Outdoors,Backpacks,1708.0,115082.479999999,219388.78
2001.0,2001Q2,Outdoors,Outdoors,Gloves & Mittens,277.0,6956.45,12100.0
2001.0,2001Q2,Outdoors,Outdoors,Knitted Accessories,185.0,2184.09999999999,3688.79999999999
2001.0,2001Q2,Outdoors,Outdoors,Outdoor Gear,5049.0,218366.04,388661.339999999
2001.0,2001Q2,Outdoors,Outdoors,Sleepingbags,4202.0,189792.099999999,374115.2
2001.0,2001Q2,Outdoors,Outdoors,Tents,1797.0,329385.749999999,666669.400000003
2001.0,2001Q2,Sports,Assorted Sports Articles,Assorted Sports articles,6939.0,245135.835,444330.685000001
2001.0,2001Q2,Sports,Assorted Sports Articles,Darts,1171.0,21818.0,37191.5000000001
2001.0,2001Q2,Sports,Assorted Sports Articles,Petanque - Boule,1136.0,27900.6999999998,50446.8
2001.0,2001Q2,Sports,Assorted Sports Articles,Skates,4947.0,451698.600000001,962485.499999999
2001.0,2001Q2,Sports,Golf,Golf,3349.0,177456.679999999,371941.48
2001.0,2001Q2,Sports,Golf,Golf Clothes,1169.0,95503.6399999999,132370.64
2001.0,2001Q2,Sports,Indoor Sports,Fitness,254.0,20532.8,41208.7
2001.0,2001Q2,Sports,Indoor Sports,Gymnastic Clothing,170.0,4567.94999999999,8087.5
2001.0,2001Q2,Sports,Indoor Sports,Top Trim,156.0,17004.6,30613.2
2001.0,2001Q2,Sports,Racket Sports,Badminton,76.0,11589.95,15037.5
2001.0,2001Q2,Sports,Racket Sports,Racket Sports,945.0,83978.5999999999,142454.099999999
2001.0,2001Q2,Sports,Racket Sports,Tennis,1433.0,38117.93,66206.7799999999
2001.0,2001Q2,Sports,Running - Jogging,Jogging,2370.0,82542.5299999999,144683.78
2001.0,2001Q2,Sports,Running - Jogging,Running Clothes,3258.0,80306.8099999998,145057.959999999
2001.0,2001Q2,Sports,Swim Sports,Bathing Suits,3277.0,65354.08,113688.73
2001.0,2001Q2,Sports,Team Sports,American Football,917.0,12336.45,22128.5399999999
2001.0,2001Q2,Sports,Team Sports,Baseball,806.0,8145.98999999999,14413.29
2001.0,2001Q2,Sports,Team Sports,Basket Ball,109.0,1349.7,2177.35
2001.0,2001Q2,Sports,Team Sports,Soccer,3527.0,64959.9,127046.749999999
2001.0,2001Q2,Sports,Winter Sports,Ski Dress,496.0,72229.8999999999,126979.0
2001.0,2001Q2,Sports,Winter Sports,Winter Sports,962.0,54820.8499999999,97514.0999999999
2001.0,2001Q3,Children,Children Sports,"A-Team, Kids",563.0,8819.13999999999,16399.59
2001.0,2001Q3,Children,Children Sports,"Bathing Suits, Kids",199.0,3588.15,6162.4
2001.0,2001Q3,Children,Children Sports,"Eclipse, Kid's Clothes",1187.0,19504.8599999999,39217.86
2001.0,2001Q3,Children,Children Sports,"Eclipse, Kid's Shoes",740.0,15608.2099999999,31499.11
2001.0,2001Q3,Children,Children Sports,"Lucky Guy, Kids",540.0,12749.15,23165.8999999999
2001.0,2001Q3,Children,Children Sports,"N.D. Gear, Kids",1515.0,39982.2799999999,72023.48
2001.0,2001Q3,Children,Children Sports,"Olssons, Kids",499.0,4403.55,7392.29999999999
2001.0,2001Q3,Children,Children Sports,Orion Kid's Clothes,15.0,281.2,566.2
2001.0,2001Q3,Children,Children Sports,"Osprey, Kids",912.0,14212.6399999999,25676.8899999999
2001.0,2001Q3,Children,Children Sports,Tracker Kid's Clothes,2356.0,41366.1999999999,76705.7
2001.0,2001Q3,Children,Children Sports,"Ypsilon, Kids",233.0,5321.05,9430.79999999999
2001.0,2001Q3,Clothes & Shoes,Clothes,Eclipse Clothing,6104.0,170386.349999999,344639.15
2001.0,2001Q3,Clothes & Shoes,Clothes,Green Tomato,383.0,10026.53,17038.7799999999
2001.0,2001Q3,Clothes & Shoes,Clothes,Knitwear,633.0,31543.7999999999,55058.5999999999
2001.0,2001Q3,Clothes & Shoes,Clothes,LSF,692.0,36469.2,70266.1999999999
2001.0,2001Q3,Clothes & Shoes,Clothes,Leisure,668.0,30308.4199999999,54974.3199999999
2001.0,2001Q3,Clothes & Shoes,Clothes,Massif,64.0,9938.79999999999,18968.8
2001.0,2001Q3,Clothes & Shoes,Clothes,Orion,1638.0,79430.44,151846.24
2001.0,2001Q3,Clothes & Shoes,Clothes,Orion Clothing,916.0,25416.09,48722.24
2001.0,2001Q3,Clothes & Shoes,Clothes,Osprey,566.0,19266.35,33014.0
2001.0,2001Q3,Clothes & Shoes,Clothes,Shorts,264.0,3663.61,6665.66
2001.0,2001Q3,Clothes & Shoes,Clothes,Stockings & Socks,482.0,4404.71,7522.11
2001.0,2001Q3,Clothes & Shoes,Clothes,Street Wear,836.0,34577.99,59540.19
2001.0,2001Q3,Clothes & Shoes,Clothes,T-Shirts,756.0,12605.1999999999,22559.4999999999
2001.0,2001Q3,Clothes & Shoes,Clothes,Tracker Clothes,5280.0,141060.67,262214.319999999
2001.0,2001Q3,Clothes & Shoes,Clothes,Twain,138.0,19323.4,37225.3999999999
2001.0,2001Q3,Clothes & Shoes,Shoes,Eclipse Shoes,6371.0,317581.22,642071.319999997
2001.0,2001Q3,Clothes & Shoes,Shoes,Shoes,2791.0,148702.449999999,277404.949999999
2001.0,2001Q3,Clothes & Shoes,Shoes,Tracker Shoes,3377.0,136565.609999999,254908.61
2001.0,2001Q3,Outdoors,Outdoors,Anoraks & Parkas,1285.0,103087.749999999,183940.099999999
2001.0,2001Q3,Outdoors,Outdoors,Backpacks,1459.0,100603.079999999,189967.18
2001.0,2001Q3,Outdoors,Outdoors,Gloves & Mittens,290.0,6981.2,12124.0
2001.0,2001Q3,Outdoors,Outdoors,Knitted Accessories,186.0,2263.35,3856.79999999999
2001.0,2001Q3,Outdoors,Outdoors,Outdoor Gear,4251.0,190108.239999999,335993.39
2001.0,2001Q3,Outdoors,Outdoors,Sleepingbags,3587.0,168217.699999999,331280.2
2001.0,2001Q3,Outdoors,Outdoors,Tents,1673.0,302428.45,610699.0
2001.0,2001Q3,Sports,Assorted Sports Articles,Assorted Sports articles,7179.0,251979.489999999,457851.239999999
2001.0,2001Q3,Sports,Assorted Sports Articles,Darts,991.0,18822.3,32075.3000000001
2001.0,2001Q3,Sports,Assorted Sports Articles,Petanque - Boule,872.0,21219.6499999999,38342.1
2001.0,2001Q3,Sports,Assorted Sports Articles,Skates,4413.0,417161.029999999,873089.380000002
2001.0,2001Q3,Sports,Golf,Golf,3229.0,162799.809999999,337194.509999999
2001.0,2001Q3,Sports,Golf,Golf Clothes,1074.0,83380.9599999999,117781.31
2001.0,2001Q3,Sports,Indoor Sports,Fitness,396.0,32046.7999999999,64144.8
2001.0,2001Q3,Sports,Indoor Sports,Gymnastic Clothing,287.0,7050.59999999999,12423.1
2001.0,2001Q3,Sports,Indoor Sports,Top Trim,272.0,29156.1,52245.2
2001.0,2001Q3,Sports,Racket Sports,Badminton,131.0,11725.4,16688.3
2001.0,2001Q3,Sports,Racket Sports,Racket Sports,1077.0,91649.2999999999,157367.1
2001.0,2001Q3,Sports,Racket Sports,Tennis,959.0,23983.42,41269.0199999999
2001.0,2001Q3,Sports,Running - Jogging,Jogging,2251.0,79491.6999999999,139247.2
2001.0,2001Q3,Sports,Running - Jogging,Running Clothes,3494.0,86106.3299999998,158167.63
2001.0,2001Q3,Sports,Swim Sports,Bathing Suits,2705.0,54835.05,94721.7
2001.0,2001Q3,Sports,Team Sports,American Football,845.0,10287.7,19477.4099999999
2001.0,2001Q3,Sports,Team Sports,Baseball,754.0,6963.35999999999,12829.3099999999
2001.0,2001Q3,Sports,Team Sports,Basket Ball,193.0,2377.61999999999,3844.86999999999
2001.0,2001Q3,Sports,Team Sports,Soccer,2316.0,41941.17,80890.7699999999
2001.0,2001Q3,Sports,Winter Sports,Ski Dress,530.0,74678.2499999999,131573.7
2001.0,2001Q3,Sports,Winter Sports,Winter Sports,953.0,53210.3,94691.6999999998
2001.0,2001Q4,Children,Children Sports,"A-Team, Kids",449.0,7524.94,13664.84
2001.0,2001Q4,Children,Children Sports,"Bathing Suits, Kids",91.0,1629.55,2795.0
2001.0,2001Q4,Children,Children Sports,"Eclipse, Kid's Clothes",848.0,13837.19,27845.64
2001.0,2001Q4,Children,Children Sports,"Eclipse, Kid's Shoes",595.0,12189.9,24826.2
2001.0,2001Q4,Children,Children Sports,"Lucky Guy, Kids",551.0,11769.05,21556.7999999999
2001.0,2001Q4,Children,Children Sports,"N.D. Gear, Kids",1327.0,35398.0199999999,63285.32
2001.0,2001Q4,Children,Children Sports,"Olssons, Kids",371.0,3393.75,5737.89999999999
2001.0,2001Q4,Children,Children Sports,Orion Kid's Clothes,36.0,859.8,1730.1
2001.0,2001Q4,Children,Children Sports,"Osprey, Kids",766.0,11734.3299999999,21287.9799999999
2001.0,2001Q4,Children,Children Sports,Tracker Kid's Clothes,2010.0,35462.4799999999,65294.5799999999
2001.0,2001Q4,Children,Children Sports,"Ypsilon, Kids",240.0,5435.59999999999,9627.59999999999
2001.0,2001Q4,Clothes & Shoes,Clothes,Eclipse Clothing,5109.0,143526.2,288906.2
2001.0,2001Q4,Clothes & Shoes,Clothes,Green Tomato,301.0,8387.05,14447.0
2001.0,2001Q4,Clothes & Shoes,Clothes,Knitwear,1081.0,57290.4000000001,100126.899999999
2001.0,2001Q4,Clothes & Shoes,Clothes,LSF,601.0,29511.63,57776.28
2001.0,2001Q4,Clothes & Shoes,Clothes,Leisure,555.0,25857.2999999999,46757.8
2001.0,2001Q4,Clothes & Shoes,Clothes,Massif,67.0,10407.95,19864.2
2001.0,2001Q4,Clothes & Shoes,Clothes,Orion,1252.0,61809.5899999999,119149.44
2001.0,2001Q4,Clothes & Shoes,Clothes,Orion Clothing,766.0,20855.8099999999,40038.4599999999
2001.0,2001Q4,Clothes & Shoes,Clothes,Osprey,494.0,16170.54,27530.24
2001.0,2001Q4,Clothes & Shoes,Clothes,Shorts,133.0,2120.85,3773.39999999999
2001.0,2001Q4,Clothes & Shoes,Clothes,Stockings & Socks,526.0,4849.4,8220.50000000001
2001.0,2001Q4,Clothes & Shoes,Clothes,Street Wear,709.0,27466.3,47478.4
2001.0,2001Q4,Clothes & Shoes,Clothes,T-Shirts,333.0,5294.55,9501.2
2001.0,2001Q4,Clothes & Shoes,Clothes,Tracker Clothes,4409.0,118537.36,220603.16
2001.0,2001Q4,Clothes & Shoes,Clothes,Twain,105.0,14314.825,28059.075
2001.0,2001Q4,Clothes & Shoes,Shoes,Eclipse Shoes,4350.0,213616.019999999,430365.52
2001.0,2001Q4,Clothes & Shoes,Shoes,Shoes,2076.0,109573.319999999,204982.019999999
2001.0,2001Q4,Clothes & Shoes,Shoes,Tracker Shoes,2519.0,107357.869999999,197815.819999999
2001.0,2001Q4,Outdoors,Outdoors,Anoraks & Parkas,2705.0,213020.11,384412.26
2001.0,2001Q4,Outdoors,Outdoors,Backpacks,1152.0,83514.25,157175.9
2001.0,2001Q4,Outdoors,Outdoors,Gloves & Mittens,616.0,15519.95,26825.0999999999
2001.0,2001Q4,Outdoors,Outdoors,Knitted Accessories,437.0,5154.15,8839.79999999999
2001.0,2001Q4,Outdoors,Outdoors,Outdoor Gear,2240.0,96273.7499999994,170270.3
2001.0,2001Q4,Outdoors,Outdoors,Sleepingbags,2130.0,97837.9000000001,192715.900000001
2001.0,2001Q4,Outdoors,Outdoors,Tents,903.0,164364.95,334582.499999997
2001.0,2001Q4,Sports,Assorted Sports Articles,Assorted Sports articles,6295.0,223198.064999999,405814.764999999
2001.0,2001Q4,Sports,Assorted Sports Articles,Darts,2281.0,43525.9,74213.9
2001.0,2001Q4,Sports,Assorted Sports Articles,Petanque - Boule,476.0,11585.6999999999,20909.6999999999
2001.0,2001Q4,Sports,Assorted Sports Articles,Skates,2294.0,216547.15,450623.6
2001.0,2001Q4,Sports,Golf,Golf,2384.0,131487.17,270341.17
2001.0,2001Q4,Sports,Golf,Golf Clothes,780.0,64740.3399999999,88638.6899999998
2001.0,2001Q4,Sports,Indoor Sports,Fitness,619.0,59906.43,120162.18
2001.0,2001Q4,Sports,Indoor Sports,Gymnastic Clothing,349.0,9343.92999999999,16622.58
2001.0,2001Q4,Sports,Indoor Sports,Top Trim,298.0,30573.29,56340.64
2001.0,2001Q4,Sports,Racket Sports,Badminton,201.0,27969.9,36130.5999999999
2001.0,2001Q4,Sports,Racket Sports,Racket Sports,1148.0,103294.099999999,174245.8
2001.0,2001Q4,Sports,Racket Sports,Tennis,926.0,24122.98,41829.2299999999
2001.0,2001Q4,Sports,Running - Jogging,Jogging,1577.0,54408.74,96420.99
2001.0,2001Q4,Sports,Running - Jogging,Running Clothes,2432.0,57557.3900000001,104704.79
2001.0,2001Q4,Sports,Swim Sports,Bathing Suits,1332.0,28450.1,48542.0000000002
2001.0,2001Q4,Sports,Team Sports,American Football,710.0,9141.93,16828.5699999999
2001.0,2001Q4,Sports,Team Sports,Baseball,596.0,6059.43999999999,10620.94
2001.0,2001Q4,Sports,Team Sports,Basket Ball,222.0,2863.47999999999,4532.47999999999
2001.0,2001Q4,Sports,Team Sports,Soccer,2189.0,40565.1500000001,78920.0500000001
2001.0,2001Q4,Sports,Winter Sports,Ski Dress,1293.0,187396.14,329550.839999999
2001.0,2001Q4,Sports,Winter Sports,Winter Sports,2638.0,144591.3,261052.45
2002.0,2002Q1,Children,Children Sports,"A-Team, Kids",219.0,3799.3,6866.7
2002.0,2002Q1,Children,Children Sports,"Bathing Suits, Kids",92.0,1617.7,2801.6
2002.0,2002Q1,Children,Children Sports,"Eclipse, Kid's Clothes",538.0,9039.05000000001,18118.9
2002.0,2002Q1,Children,Children Sports,"Eclipse, Kid's Shoes",336.0,7298.25,14661.5
2002.0,2002Q1,Children,Children Sports,"Lucky Guy, Kids",280.0,6247.85000000001,11416.1999999999
2002.0,2002Q1,Children,Children Sports,"N.D. Gear, Kids",720.0,19528.5499999999,34897.5
2002.0,2002Q1,Children,Children Sports,"Olssons, Kids",218.0,1952.8,3269.69999999999
2002.0,2002Q1,Children,Children Sports,Orion Kid's Clothes,14.0,256.199999999999,515.9
2002.0,2002Q1,Children,Children Sports,"Osprey, Kids",465.0,7370.74999999998,13340.6999999999
2002.0,2002Q1,Children,Children Sports,Tracker Kid's Clothes,1184.0,21553.55,39517.4999999999
2002.0,2002Q1,Children,Children Sports,"Ypsilon, Kids",117.0,2475.5,4386.6
2002.0,2002Q1,Clothes & Shoes,Clothes,Eclipse Clothing,2740.0,77701.9500000001,155700.2
2002.0,2002Q1,Clothes & Shoes,Clothes,Green Tomato,168.0,4826.3,8045.5
2002.0,2002Q1,Clothes & Shoes,Clothes,Knitwear,1399.0,74232.53,129822.98
2002.0,2002Q1,Clothes & Shoes,Clothes,LSF,325.0,17010.2,32791.5999999999
2002.0,2002Q1,Clothes & Shoes,Clothes,Leisure,318.0,14147.2999999999,25626.2999999999
2002.0,2002Q1,Clothes & Shoes,Clothes,Massif,32.0,5100.15,9733.9
2002.0,2002Q1,Clothes & Shoes,Clothes,Orion,664.0,33389.0499999999,63403.4000000001
2002.0,2002Q1,Clothes & Shoes,Clothes,Orion Clothing,442.0,13076.1999999999,25009.4999999999
2002.0,2002Q1,Clothes & Shoes,Clothes,Osprey,241.0,7794.79999999999,13140.8999999999
2002.0,2002Q1,Clothes & Shoes,Clothes,Shorts,119.0,1665.75,2986.09999999999
2002.0,2002Q1,Clothes & Shoes,Clothes,Stockings & Socks,232.0,2174.49999999999,3692.39999999999
2002.0,2002Q1,Clothes & Shoes,Clothes,Street Wear,421.0,17592.8999999999,30401.4
2002.0,2002Q1,Clothes & Shoes,Clothes,T-Shirts,388.0,6514.8,11676.8999999999
2002.0,2002Q1,Clothes & Shoes,Clothes,Tracker Clothes,2520.0,68550.0,126096.499999999
2002.0,2002Q1,Clothes & Shoes,Clothes,Twain,67.0,9320.325,18284.725
2002.0,2002Q1,Clothes & Shoes,Shoes,Eclipse Shoes,4202.0,206316.9,415397.899999999
2002.0,2002Q1,Clothes & Shoes,Shoes,Shoes,1970.0,106128.049999999,196485.799999999
2002.0,2002Q1,Clothes & Shoes,Shoes,Tracker Shoes,2392.0,99121.0999999994,182536.9
2002.0,2002Q1,Outdoors,Outdoors,Anoraks & Parkas,3465.0,281997.689999999,503776.439999998
2002.0,2002Q1,Outdoors,Outdoors,Backpacks,655.0,43665.7499999998,82472.3999999999
2002.0,2002Q1,Outdoors,Outdoors,Gloves & Mittens,317.0,7515.8,13057.5
2002.0,2002Q1,Outdoors,Outdoors,Knitted Accessories,422.0,5040.01,8672.55999999999
2002.0,2002Q1,Outdoors,Outdoors,Outdoor Gear,2081.0,92439.3999999994,163232.9
2002.0,2002Q1,Outdoors,Outdoors,Sleepingbags,1759.0,81254.2999999998,159951.1
2002.0,2002Q1,Outdoors,Outdoors,Tents,818.0,151894.4,305813.899999999
2002.0,2002Q1,Sports,Assorted Sports Articles,Assorted Sports articles,4012.0,138444.649999999,250449.35
2002.0,2002Q1,Sports,Assorted Sports Articles,Darts,1226.0,23131.2,39433.4000000001
2002.0,2002Q1,Sports,Assorted Sports Articles,Petanque - Boule,411.0,10018.0499999999,18090.3999999999
2002.0,2002Q1,Sports,Assorted Sports Articles,Skates,1942.0,185717.9,384703.7
2002.0,2002Q1,Sports,Golf,Golf,1654.0,91135.3999999999,186606.4
2002.0,2002Q1,Sports,Golf,Golf Clothes,540.0,41645.9,58741.2
2002.0,2002Q1,Sports,Indoor Sports,Fitness,514.0,51669.1,102889.699999999
2002.0,2002Q1,Sports,Indoor Sports,Gymnastic Clothing,340.0,9255.72999999999,16431.18
2002.0,2002Q1,Sports,Indoor Sports,Top Trim,335.0,36919.0,66209.3
2002.0,2002Q1,Sports,Racket Sports,Badminton,125.0,13589.9,18493.3
2002.0,2002Q1,Sports,Racket Sports,Racket Sports,536.0,42952.1999999999,74189.5
2002.0,2002Q1,Sports,Racket Sports,Tennis,507.0,13208.9499999999,22737.5
2002.0,2002Q1,Sports,Running - Jogging,Jogging,1524.0,54407.9499999997,95039.5
2002.0,2002Q1,Sports,Running - Jogging,Running Clothes,2335.0,60493.1,108786.3
2002.0,2002Q1,Sports,Swim Sports,Bathing Suits,1194.0,25312.8,43163.8000000001
2002.0,2002Q1,Sports,Team Sports,American Football,364.0,5049.72000000001,8958.28
2002.0,2002Q1,Sports,Team Sports,Baseball,336.0,3053.6,5533.99999999999
2002.0,2002Q1,Sports,Team Sports,Basket Ball,173.0,2094.5,3415.04999999999
2002.0,2002Q1,Sports,Team Sports,Soccer,1288.0,24050.7500000001,46040.2
2002.0,2002Q1,Sports,Winter Sports,Ski Dress,1526.0,209548.909999999,372969.06
2002.0,2002Q1,Sports,Winter Sports,Winter Sports,2778.0,149387.884999999,265869.434999999
2002.0,2002Q2,Children,Children Sports,"A-Team, Kids",662.0,10525.6999999999,19016.0999999999
2002.0,2002Q2,Children,Children Sports,"Bathing Suits, Kids",271.0,4590.06,7932.61
2002.0,2002Q2,Children,Children Sports,"Eclipse, Kid's Clothes",1229.0,20736.21,41601.1599999999
2002.0,2002Q2,Children,Children Sports,"Eclipse, Kid's Shoes",805.0,16897.2099999999,34121.16
2002.0,2002Q2,Children,Children Sports,"Lucky Guy, Kids",599.0,14919.05,26997.2
2002.0,2002Q2,Children,Children Sports,"N.D. Gear, Kids",1823.0,47881.3799999998,85753.43
2002.0,2002Q2,Children,Children Sports,"Olssons, Kids",530.0,4854.95,8136.69999999999
2002.0,2002Q2,Children,Children Sports,Orion Kid's Clothes,39.0,774.0,1558.2
2002.0,2002Q2,Children,Children Sports,"Osprey, Kids",1010.0,16364.46,29534.06
2002.0,2002Q2,Children,Children Sports,Tracker Kid's Clothes,2895.0,52430.61,96240.0099999997
2002.0,2002Q2,Children,Children Sports,"Ypsilon, Kids",292.0,6469.34999999999,11463.8999999999
2002.0,2002Q2,Clothes & Shoes,Clothes,Eclipse Clothing,5866.0,168167.72,337558.92
2002.0,2002Q2,Clothes & Shoes,Clothes,Green Tomato,338.0,10033.4,16721.7999999999
2002.0,2002Q2,Clothes & Shoes,Clothes,Knitwear,947.0,48550.1500000001,84475.7999999999
2002.0,2002Q2,Clothes & Shoes,Clothes,LSF,624.0,32034.7999999999,61617.5
2002.0,2002Q2,Clothes & Shoes,Clothes,Leisure,571.0,24609.3499999999,44626.4999999999
2002.0,2002Q2,Clothes & Shoes,Clothes,Massif,81.0,12797.8,24425.3
2002.0,2002Q2,Clothes & Shoes,Clothes,Orion,1498.0,75422.69,144679.44
2002.0,2002Q2,Clothes & Shoes,Clothes,Orion Clothing,904.0,25612.5999999999,49193.0
2002.0,2002Q2,Clothes & Shoes,Clothes,Osprey,522.0,17857.45,30168.1
2002.0,2002Q2,Clothes & Shoes,Clothes,Shorts,233.0,3424.9,6123.89999999999
2002.0,2002Q2,Clothes & Shoes,Clothes,Stockings & Socks,454.0,4237.65,7166.6
2002.0,2002Q2,Clothes & Shoes,Clothes,Street Wear,834.0,33827.0599999999,58841.8600000001
2002.0,2002Q2,Clothes & Shoes,Clothes,T-Shirts,655.0,9840.43999999999,18140.0899999999
2002.0,2002Q2,Clothes & Shoes,Clothes,Tracker Clothes,5116.0,141852.22,261717.819999999
2002.0,2002Q2,Clothes & Shoes,Clothes,Twain,113.0,16144.5,31879.6
2002.0,2002Q2,Clothes & Shoes,Shoes,Eclipse Shoes,7060.0,347787.389999999,702804.590000001
2002.0,2002Q2,Clothes & Shoes,Shoes,Shoes,3175.0,172755.359999999,321354.26
2002.0,2002Q2,Clothes & Shoes,Shoes,Tracker Shoes,3917.0,162324.259999999,299897.210000001
2002.0,2002Q2,Outdoors,Outdoors,Anoraks & Parkas,2518.0,198058.319999999,355448.97
2002.0,2002Q2,Outdoors,Outdoors,Backpacks,1771.0,118116.269999999,226147.419999999
2002.0,2002Q2,Outdoors,Outdoors,Gloves & Mittens,309.0,7601.09999999999,13032.4
2002.0,2002Q2,Outdoors,Outdoors,Knitted Accessories,207.0,2458.3,4169.19999999999
2002.0,2002Q2,Outdoors,Outdoors,Outdoor Gear,5291.0,228632.379999998,406024.880000001
2002.0,2002Q2,Outdoors,Outdoors,Sleepingbags,4503.0,207331.1,408382.200000002
2002.0,2002Q2,Outdoors,Outdoors,Tents,1967.0,367242.2,737287.5
2002.0,2002Q2,Sports,Assorted Sports Articles,Assorted Sports articles,7591.0,275401.335,499683.684999998
2002.0,2002Q2,Sports,Assorted Sports Articles,Darts,1161.0,21719.5000000001,37003.3000000001
2002.0,2002Q2,Sports,Assorted Sports Articles,Petanque - Boule,1301.0,31578.0999999998,57075.0
2002.0,2002Q2,Sports,Assorted Sports Articles,Skates,5130.0,472707.619999999,996883.020000001
2002.0,2002Q2,Sports,Golf,Golf,3877.0,206982.119999999,431492.72
2002.0,2002Q2,Sports,Golf,Golf Clothes,1314.0,102988.059999999,144363.86
2002.0,2002Q2,Sports,Indoor Sports,Fitness,342.0,33548.2499999999,67608.6999999999
2002.0,2002Q2,Sports,Indoor Sports,Gymnastic Clothing,223.0,5821.19999999999,10262.7
2002.0,2002Q2,Sports,Indoor Sports,Top Trim,187.0,20542.55,36881.6999999999
2002.0,2002Q2,Sports,Racket Sports,Badminton,88.0,13079.85,16947.4
2002.0,2002Q2,Sports,Racket Sports,Racket Sports,977.0,78666.0999999997,134981.1
2002.0,2002Q2,Sports,Racket Sports,Tennis,1565.0,41115.7599999999,71241.1099999999
2002.0,2002Q2,Sports,Running - Jogging,Jogging,2406.0,87511.98,152897.88
2002.0,2002Q2,Sports,Running - Jogging,Running Clothes,3856.0,92467.7499999998,167118.65
2002.0,2002Q2,Sports,Swim Sports,Bathing Suits,3704.0,74303.54,127853.59
2002.0,2002Q2,Sports,Team Sports,American Football,1115.0,15111.25,27149.26
2002.0,2002Q2,Sports,Team Sports,Baseball,1008.0,10035.61,17746.6099999999
2002.0,2002Q2,Sports,Team Sports,Basket Ball,136.0,1683.44,2716.18999999999
2002.0,2002Q2,Sports,Team Sports,Soccer,3285.0,57621.61,112509.11
2002.0,2002Q2,Sports,Winter Sports,Ski Dress,516.0,74294.4999999999,130470.9
2002.0,2002Q2,Sports,Winter Sports,Winter Sports,1044.0,57669.5000000002,102459.399999999
2002.0,2002Q3,Children,Children Sports,"A-Team, Kids",656.0,10379.0199999999,19201.1699999999
2002.0,2002Q3,Children,Children Sports,"Bathing Suits, Kids",254.0,4179.1,7203.6
2002.0,2002Q3,Children,Children Sports,"Eclipse, Kid's Clothes",1474.0,23070.57,46540.32
2002.0,2002Q3,Children,Children Sports,"Eclipse, Kid's Shoes",921.0,19333.77,38968.4199999999
2002.0,2002Q3,Children,Children Sports,"Lucky Guy, Kids",709.0,17706.1,31897.8
2002.0,2002Q3,Children,Children Sports,"N.D. Gear, Kids",2165.0,58258.0099999999,104920.01
2002.0,2002Q3,Children,Children Sports,"Olssons, Kids",552.0,5173.3,8652.79999999999
2002.0,2002Q3,Children,Children Sports,Orion Kid's Clothes,35.0,714.2,1437.7
2002.0,2002Q3,Children,Children Sports,"Osprey, Kids",1167.0,19038.52,34494.3199999999
2002.0,2002Q3,Children,Children Sports,Tracker Kid's Clothes,3161.0,56038.4799999999,103788.879999999
2002.0,2002Q3,Children,Children Sports,"Ypsilon, Kids",348.0,7665.05,13582.1999999999
2002.0,2002Q3,Clothes & Shoes,Clothes,Eclipse Clothing,7064.0,196834.309999999,396453.86
2002.0,2002Q3,Clothes & Shoes,Clothes,Green Tomato,445.0,12981.81,21906.7099999999
2002.0,2002Q3,Clothes & Shoes,Clothes,Knitwear,792.0,38124.7999999999,66429.4
2002.0,2002Q3,Clothes & Shoes,Clothes,LSF,784.0,40188.4999999999,77302.5999999999
2002.0,2002Q3,Clothes & Shoes,Clothes,Leisure,748.0,34720.1199999999,62895.22
2002.0,2002Q3,Clothes & Shoes,Clothes,Massif,59.0,9217.9,17592.9
2002.0,2002Q3,Clothes & Shoes,Clothes,Orion,1707.0,83634.09,160370.19
2002.0,2002Q3,Clothes & Shoes,Clothes,Orion Clothing,1064.0,30805.8299999999,59242.2299999999
2002.0,2002Q3,Clothes & Shoes,Clothes,Osprey,594.0,19935.15,33889.1
2002.0,2002Q3,Clothes & Shoes,Clothes,Shorts,329.0,4347.53,8112.02999999999
2002.0,2002Q3,Clothes & Shoes,Clothes,Stockings & Socks,636.0,5789.23,9901.28
2002.0,2002Q3,Clothes & Shoes,Clothes,Street Wear,1093.0,42694.29,73876.59
2002.0,2002Q3,Clothes & Shoes,Clothes,T-Shirts,880.0,14872.3999999999,26607.8999999999
2002.0,2002Q3,Clothes & Shoes,Clothes,Tracker Clothes,6201.0,164058.97,304687.67
2002.0,2002Q3,Clothes & Shoes,Clothes,Twain,144.0,20598.675,40237.275
2002.0,2002Q3,Clothes & Shoes,Shoes,Eclipse Shoes,7239.0,361886.799999999,730896.25
2002.0,2002Q3,Clothes & Shoes,Shoes,Shoes,3345.0,183383.159999999,340427.959999999
2002.0,2002Q3,Clothes & Shoes,Shoes,Tracker Shoes,4060.0,166378.759999999,310101.61
2002.0,2002Q3,Outdoors,Outdoors,Anoraks & Parkas,1459.0,118857.649999999,211904.899999999
2002.0,2002Q3,Outdoors,Outdoors,Backpacks,1589.0,106178.859999999,200897.16
2002.0,2002Q3,Outdoors,Outdoors,Gloves & Mittens,346.0,8620.34999999999,14946.8
2002.0,2002Q3,Outdoors,Outdoors,Knitted Accessories,199.0,2452.65,4191.8
2002.0,2002Q3,Outdoors,Outdoors,Outdoor Gear,5204.0,219437.359999999,388148.51
2002.0,2002Q3,Outdoors,Outdoors,Sleepingbags,4209.0,194732.5,383720.800000002
2002.0,2002Q3,Outdoors,Outdoors,Tents,1806.0,329081.2,663071.099999998
2002.0,2002Q3,Sports,Assorted Sports Articles,Assorted Sports articles,9026.0,308778.400000001,563197.949999997
2002.0,2002Q3,Sports,Assorted Sports Articles,Darts,1219.0,23029.95,39242.9000000001
2002.0,2002Q3,Sports,Assorted Sports Articles,Petanque - Boule,1175.0,28291.6999999999,51226.5999999999
2002.0,2002Q3,Sports,Assorted Sports Articles,Skates,5102.0,474326.59,987167.940000002
2002.0,2002Q3,Sports,Golf,Golf,3917.0,206493.119999999,426945.32
2002.0,2002Q3,Sports,Golf,Golf Clothes,1302.0,102041.129999999,144497.53
2002.0,2002Q3,Sports,Indoor Sports,Fitness,604.0,57933.3,114688.999999999
2002.0,2002Q3,Sports,Indoor Sports,Gymnastic Clothing,394.0,10548.9499999999,18714.6999999999
2002.0,2002Q3,Sports,Indoor Sports,Top Trim,365.0,41909.4,75215.3
2002.0,2002Q3,Sports,Racket Sports,Badminton,144.0,17031.05,22909.2999999999
2002.0,2002Q3,Sports,Racket Sports,Racket Sports,1267.0,102938.199999999,178123.099999999
2002.0,2002Q3,Sports,Racket Sports,Tennis,1085.0,29572.93,51190.2299999999
2002.0,2002Q3,Sports,Running - Jogging,Jogging,2478.0,87310.2,152525.9
2002.0,2002Q3,Sports,Running - Jogging,Running Clothes,3997.0,95463.5399999998,174713.29
2002.0,2002Q3,Sports,Swim Sports,Bathing Suits,3649.0,73296.25,126817.95
2002.0,2002Q3,Sports,Team Sports,American Football,1417.0,17552.16,32824.09
2002.0,2002Q3,Sports,Team Sports,Baseball,1230.0,11490.69,20958.59
2002.0,2002Q3,Sports,Team Sports,Basket Ball,352.0,4347.51999999999,7021.91999999998
2002.0,2002Q3,Sports,Team Sports,Soccer,2706.0,48748.62,94286.9199999999
2002.0,2002Q3,Sports,Winter Sports,Ski Dress,505.0,75256.3999999999,131884.8
2002.0,2002Q3,Sports,Winter Sports,Winter Sports,933.0,52940.8500000001,93873.7499999998
2002.0,2002Q4,Children,Children Sports,"A-Team, Kids",779.0,13296.4199999999,24109.7199999999
2002.0,2002Q4,Children,Children Sports,"Bathing Suits, Kids",124.0,2234.15,3845.1
2002.0,2002Q4,Children,Children Sports,"Eclipse, Kid's Clothes",1386.0,22391.84,45032.84
2002.0,2002Q4,Children,Children Sports,"Eclipse, Kid's Shoes",828.0,17454.79,35329.9399999999
2002.0,2002Q4,Children,Children Sports,"Lucky Guy, Kids",731.0,17826.5,32316.7999999999
2002.0,2002Q4,Children,Children Sports,"N.D. Gear, Kids",2078.0,56768.4300000001,101752.279999999
2002.0,2002Q4,Children,Children Sports,"Olssons, Kids",597.0,5596.45,9458.89999999999
2002.0,2002Q4,Children,Children Sports,Orion Kid's Clothes,35.0,647.2,1303.19999999999
2002.0,2002Q4,Children,Children Sports,"Osprey, Kids",1170.0,18501.2599999999,33562.3599999999
2002.0,2002Q4,Children,Children Sports,Tracker Kid's Clothes,3124.0,56292.6299999997,104167.779999999
2002.0,2002Q4,Children,Children Sports,"Ypsilon, Kids",361.0,8154.14999999999,14452.0999999999
2002.0,2002Q4,Clothes & Shoes,Clothes,Eclipse Clothing,6358.0,180623.009999999,363695.560000002
2002.0,2002Q4,Clothes & Shoes,Clothes,Green Tomato,400.0,11160.68,19266.1799999999
2002.0,2002Q4,Clothes & Shoes,Clothes,Knitwear,1459.0,75036.0000000001,130486.499999999
2002.0,2002Q4,Clothes & Shoes,Clothes,LSF,700.0,33389.1,66879.4
2002.0,2002Q4,Clothes & Shoes,Clothes,Leisure,710.0,32320.6299999999,58620.7800000001
2002.0,2002Q4,Clothes & Shoes,Clothes,Massif,107.0,16776.6,32019.1
2002.0,2002Q4,Clothes & Shoes,Clothes,Orion,1560.0,78021.2200000001,149636.92
2002.0,2002Q4,Clothes & Shoes,Clothes,Orion Clothing,951.0,26404.4299999999,50556.2799999999
2002.0,2002Q4,Clothes & Shoes,Clothes,Osprey,612.0,19697.33,33937.88
2002.0,2002Q4,Clothes & Shoes,Clothes,Shorts,186.0,2604.89999999999,4663.69999999999
2002.0,2002Q4,Clothes & Shoes,Clothes,Stockings & Socks,602.0,5739.24999999999,9692.29999999999
2002.0,2002Q4,Clothes & Shoes,Clothes,Street Wear,1003.0,40856.8299999999,71004.48
2002.0,2002Q4,Clothes & Shoes,Clothes,T-Shirts,406.0,6491.9,11715.9999999999
2002.0,2002Q4,Clothes & Shoes,Clothes,Tracker Clothes,5394.0,144665.539999999,268550.439999999
2002.0,2002Q4,Clothes & Shoes,Clothes,Twain,144.0,20182.8499999999,38596.15
2002.0,2002Q4,Clothes & Shoes,Shoes,Eclipse Shoes,5440.0,271347.35,546762.749999998
2002.0,2002Q4,Clothes & Shoes,Shoes,Shoes,2788.0,145236.399999999,271780.299999999
2002.0,2002Q4,Clothes & Shoes,Shoes,Tracker Shoes,3021.0,126857.639999999,233714.039999999
2002.0,2002Q4,Outdoors,Outdoors,Anoraks & Parkas,3735.0,290743.190000001,526043.939999999
2002.0,2002Q4,Outdoors,Outdoors,Backpacks,1730.0,121629.999999999,229079.5
2002.0,2002Q4,Outdoors,Outdoors,Gloves & Mittens,825.0,20166.5,35077.1
2002.0,2002Q4,Outdoors,Outdoors,Knitted Accessories,527.0,6157.46000000001,10520.8599999999
2002.0,2002Q4,Outdoors,Outdoors,Outdoor Gear,3182.0,136348.649999999,240801.200000001
2002.0,2002Q4,Outdoors,Outdoors,Sleepingbags,2851.0,131291.35,258543.300000002
2002.0,2002Q4,Outdoors,Outdoors,Tents,1228.0,225865.599999999,454389.699999999
2002.0,2002Q4,Sports,Assorted Sports Articles,Assorted Sports articles,8460.0,295161.519999999,536336.62
2002.0,2002Q4,Sports,Assorted Sports Articles,Darts,2769.0,53117.6499999998,90568.0999999995
2002.0,2002Q4,Sports,Assorted Sports Articles,Petanque - Boule,727.0,17859.8999999998,32217.8
2002.0,2002Q4,Sports,Assorted Sports Articles,Skates,2968.0,282413.6,583737.700000003
2002.0,2002Q4,Sports,Golf,Golf,3669.0,188268.659999999,388254.31
2002.0,2002Q4,Sports,Golf,Golf Clothes,1040.0,87281.77,123035.369999999
2002.0,2002Q4,Sports,Indoor Sports,Fitness,1000.0,91794.65,184762.699999999
2002.0,2002Q4,Sports,Indoor Sports,Gymnastic Clothing,631.0,17303.94,30882.5399999999
2002.0,2002Q4,Sports,Indoor Sports,Top Trim,566.0,60631.5600000001,111508.46
2002.0,2002Q4,Sports,Racket Sports,Badminton,287.0,29049.25,39778.8999999999
2002.0,2002Q4,Sports,Racket Sports,Racket Sports,1463.0,127070.499999999,216757.199999999
2002.0,2002Q4,Sports,Racket Sports,Tennis,1211.0,30879.49,53708.7899999998
2002.0,2002Q4,Sports,Running - Jogging,Jogging,2055.0,70838.5699999999,125252.369999999
2002.0,2002Q4,Sports,Running - Jogging,Running Clothes,3116.0,76700.6199999995,139560.17
2002.0,2002Q4,Sports,Swim Sports,Bathing Suits,1898.0,40086.0500000001,68432.9000000002
2002.0,2002Q4,Sports,Team Sports,American Football,1465.0,19107.2899999999,34711.0599999998
2002.0,2002Q4,Sports,Team Sports,Baseball,1409.0,14803.7699999999,25579.2699999999
2002.0,2002Q4,Sports,Team Sports,Basket Ball,470.0,5981.71999999997,9526.91999999996
2002.0,2002Q4,Sports,Team Sports,Soccer,2983.0,53881.7200000001,104002.27
2002.0,2002Q4,Sports,Winter Sports,Ski Dress,1438.0,199924.0,353498.449999999
2002.0,2002Q4,Sports,Winter Sports,Winter Sports,2577.0,138617.059999999,248968.86
