libname,memname,path,objname,fmtname,fmttype,source,minw,mind,maxw,maxd,defw,defd
,,,,$,F,B,1.0,0.0,32767.0,0.0,1.0,0.0
,,,,$,I,B,1.0,0.0,32767.0,0.0,1.0,0.0
,,/pbr/sfw/sas/940/SASFoundation/9.4/sasexe,UWIANYDT,$ANYDTIF,I,U,1.0,0.0,60.0,0.0,19.0,0.0
,,/pbr/sfw/sas/940/SASFoundation/9.4/sasexe,UWFASCII,$ASCII,F,U,1.0,0.0,32767.0,0.0,1.0,0.0
,,/pbr/sfw/sas/940/SASFoundation/9.4/sasexe,UWIASCII,$ASCII,I,U,1.0,0.0,32767.0,0.0,1.0,0.0
,,/pbr/sfw/sas/940/SASFoundation/9.4/sasexe,UWFBASE6,$BASE64X,F,U,1.0,0.0,32767.0,0.0,1.0,0.0
,,/pbr/sfw/sas/940/SASFoundation/9.4/sasexe,UWIBASE6,$BASE64X,I,U,1.0,0.0,32767.0,0.0,1.0,0.0
,,/pbr/sfw/sas/940/SASFoundation/9.4/sasexe,UWFBIDI,$BIDI,F,U,1.0,0.0,32767.0,0.0,1.0,0.0
,,,,$BINARY,F,B,1.0,0.0,32767.0,0.0,8.0,0.0
,,,,$BINARY,I,B,1.0,0.0,32767.0,0.0,8.0,0.0
,,/pbr/sfw/sas/940/SASFoundation/9.4/sasexe,UWFBYVAL,$BYVAL,F,U,2.0,0.0,8.0,0.0,2.0,0.0
,,/pbr/sfw/sas/940/SASFoundation/9.4/sasexe,UWIBYVAL,$BYVAL,I,U,2.0,0.0,8.0,0.0,2.0,0.0
,,,,$CB,I,B,1.0,0.0,32767.0,0.0,1.0,0.0
,,,,$CHAR,F,B,1.0,0.0,32767.0,0.0,8.0,0.0
,,,,$CHAR,I,B,1.0,0.0,32767.0,0.0,8.0,0.0
,,,,$CHARZB,I,B,1.0,0.0,32767.0,0.0,1.0,0.0
,,/pbr/sfw/sas/940/SASFoundation/9.4/sasexe,UWFCPTDW,$CPTDW,F,U,1.0,0.0,32767.0,0.0,200.0,0.0
,,/pbr/sfw/sas/940/SASFoundation/9.4/sasexe,UWICPTDW,$CPTDW,I,U,1.0,0.0,32767.0,0.0,200.0,0.0
,,/pbr/sfw/sas/940/SASFoundation/9.4/sasexe,UWFCPTWD,$CPTWD,F,U,1.0,0.0,32767.0,0.0,200.0,0.0
,,/pbr/sfw/sas/940/SASFoundation/9.4/sasexe,UWICPTWD,$CPTWD,I,U,1.0,0.0,32767.0,0.0,200.0,0.0
,,/pbr/sfw/sas/940/SASFoundation/9.4/sasexe,UWFCSTR,$CSTR,F,U,1.0,0.0,32767.0,0.0,1.0,0.0
,,/pbr/sfw/sas/940/SASFoundation/9.4/sasexe,UWICSTR,$CSTR,I,U,1.0,0.0,200.0,0.0,1.0,0.0
,,/pbr/sfw/sas/940/SASFoundation/9.4/sasexe,UWFEBCDI,$EBCDIC,F,U,1.0,0.0,32767.0,0.0,1.0,0.0
,,/pbr/sfw/sas/940/SASFoundation/9.4/sasexe,UWIEBCDI,$EBCDIC,I,U,1.0,0.0,32767.0,0.0,1.0,0.0
,,,,$F,F,B,1.0,0.0,32767.0,0.0,8.0,0.0
,,,,$F,I,B,1.0,0.0,32767.0,0.0,8.0,0.0
,,,,$GEOREF,F,B,16.0,0.0,32767.0,0.0,60.0,0.0
,,,,$GEOREF,I,B,1.0,0.0,32767.0,0.0,8.0,0.0
,,,,$HEX,F,B,1.0,0.0,32767.0,0.0,2.0,0.0
,,,,$HEX,I,B,1.0,0.0,32767.0,0.0,2.0,0.0
,,/pbr/sfw/sas/940/SASFoundation/9.4/sasexe,UWFKANA,$KANA,F,U,1.0,0.0,200.0,0.0,8.0,0.0
,,/pbr/sfw/sas/940/SASFoundation/9.4/sasexe,UWIKANA,$KANA,I,U,2.0,0.0,200.0,0.0,8.0,0.0
,,/pbr/sfw/sas/940/SASFoundation/9.4/sasexe,UWFKANJI,$KANJI,F,U,4.0,0.0,200.0,0.0,10.0,0.0
,,/pbr/sfw/sas/940/SASFoundation/9.4/sasexe,UWIKANJI,$KANJI,I,U,2.0,0.0,200.0,0.0,8.0,0.0
,,/pbr/sfw/sas/940/SASFoundation/9.4/sasexe,UWFKANJI,$KANJIM,F,U,4.0,0.0,200.0,0.0,10.0,0.0
,,/pbr/sfw/sas/940/SASFoundation/9.4/sasexe,UWFKANJI,$KANJIX,F,U,2.0,0.0,200.0,0.0,8.0,0.0
,,/pbr/sfw/sas/940/SASFoundation/9.4/sasexe,UWIKANJI,$KANJIX,I,U,4.0,0.0,200.0,0.0,10.0,0.0
,,/pbr/sfw/sas/940/SASFoundation/9.4/sasexe,UWFKTRUN,$KTRUNC,F,U,1.0,0.0,32767.0,0.0,8.0,0.0
,,/pbr/sfw/sas/940/SASFoundation/9.4/sasexe,UWIKTRUN,$KTRUNC,I,U,1.0,0.0,32767.0,0.0,8.0,0.0
,,/pbr/sfw/sas/940/SASFoundation/9.4/sasexe,UWFLOGVS,$LOGVS,F,U,1.0,0.0,32767.0,0.0,200.0,0.0
,,/pbr/sfw/sas/940/SASFoundation/9.4/sasexe,UWILOGVS,$LOGVS,I,U,1.0,0.0,32767.0,0.0,200.0,0.0
,,/pbr/sfw/sas/940/SASFoundation/9.4/sasexe,UWFLOGVS,$LOGVSR,F,U,1.0,0.0,32767.0,0.0,200.0,0.0
,,/pbr/sfw/sas/940/SASFoundation/9.4/sasexe,UWILOGVS,$LOGVSR,I,U,1.0,0.0,32767.0,0.0,200.0,0.0
,,/pbr/sfw/sas/940/SASFoundation/9.4/sasexe,UWFMSGCA,$MSGCASE,F,U,1.0,0.0,32767.0,0.0,1.0,0.0
,,/pbr/sfw/sas/940/SASFoundation/9.4/sasexe,UWFN8601,$N8601B,F,U,1.0,0.0,200.0,6.0,50.0,0.0
,,/pbr/sfw/sas/940/SASFoundation/9.4/sasexe,UWIN8601,$N8601B,I,U,1.0,0.0,200.0,6.0,50.0,0.0
,,/pbr/sfw/sas/940/SASFoundation/9.4/sasexe,UWFN8601,$N8601BA,F,U,1.0,0.0,200.0,6.0,50.0,0.0
,,/pbr/sfw/sas/940/SASFoundation/9.4/sasexe,UWFN8601,$N8601E,F,U,1.0,0.0,200.0,6.0,50.0,0.0
,,/pbr/sfw/sas/940/SASFoundation/9.4/sasexe,UWIN8601,$N8601E,I,U,1.0,0.0,200.0,6.0,50.0,0.0
,,/pbr/sfw/sas/940/SASFoundation/9.4/sasexe,UWFN8601,$N8601EA,F,U,1.0,0.0,200.0,6.0,50.0,0.0
,,/pbr/sfw/sas/940/SASFoundation/9.4/sasexe,UWFN8601,$N8601EH,F,U,1.0,0.0,200.0,6.0,50.0,0.0
,,/pbr/sfw/sas/940/SASFoundation/9.4/sasexe,UWFN8601,$N8601EX,F,U,1.0,0.0,200.0,6.0,50.0,0.0
,,/pbr/sfw/sas/940/SASFoundation/9.4/sasexe,UWFN8601,$N8601H,F,U,1.0,0.0,200.0,6.0,50.0,0.0
,,/pbr/sfw/sas/940/SASFoundation/9.4/sasexe,UWFN8601,$N8601X,F,U,1.0,0.0,200.0,6.0,50.0,0.0
,,,,$OCTAL,F,B,1.0,0.0,32767.0,0.0,3.0,0.0
,,,,$OCTAL,I,B,1.0,0.0,32767.0,0.0,3.0,0.0
,,,,$PHEX,I,B,1.0,0.0,32767.0,0.0,2.0,0.0
,,,,$QUOTE,F,B,1.0,0.0,32767.0,0.0,8.0,0.0
,,,,$QUOTE,I,B,1.0,0.0,32767.0,0.0,8.0,0.0
,,/pbr/sfw/sas/940/SASFoundation/9.4/sasexe,UWFREVER,$REVERJ,F,U,1.0,0.0,32767.0,0.0,1.0,0.0
,,/pbr/sfw/sas/940/SASFoundation/9.4/sasexe,UWIREVER,$REVERJ,I,U,1.0,0.0,32767.0,0.0,1.0,0.0
,,/pbr/sfw/sas/940/SASFoundation/9.4/sasexe,UWFREVER,$REVERS,F,U,1.0,0.0,32767.0,0.0,1.0,0.0
,,/pbr/sfw/sas/940/SASFoundation/9.4/sasexe,UWIREVER,$REVERS,I,U,1.0,0.0,32767.0,0.0,1.0,0.0
,,/pbr/sfw/sas/940/SASFoundation/9.4/sasexe,UWFROMAJ,$ROMAJI,F,U,1.0,0.0,200.0,0.0,8.0,0.0
,,/pbr/sfw/sas/940/SASFoundation/9.4/sasexe,UWIROMAJ,$ROMAJI,I,U,1.0,0.0,200.0,0.0,8.0,0.0
,,,,$SASNAME,I,B,1.0,0.0,32767.0,0.0,1.0,0.0
,,/pbr/sfw/sas/940/SASFoundation/9.4/sasexe,UWFUCS2B,$UCS2B,F,U,2.0,0.0,32767.0,0.0,8.0,0.0
,,/pbr/sfw/sas/940/SASFoundation/9.4/sasexe,UWIUCS2B,$UCS2B,I,U,2.0,0.0,32767.0,0.0,8.0,0.0
,,/pbr/sfw/sas/940/SASFoundation/9.4/sasexe,UWFUCS2B,$UCS2BE,F,U,2.0,0.0,32767.0,0.0,8.0,0.0
,,/pbr/sfw/sas/940/SASFoundation/9.4/sasexe,UWIUCS2B,$UCS2BE,I,U,2.0,0.0,32767.0,0.0,8.0,0.0
,,/pbr/sfw/sas/940/SASFoundation/9.4/sasexe,UWFUCS2L,$UCS2L,F,U,2.0,0.0,32767.0,0.0,8.0,0.0
,,/pbr/sfw/sas/940/SASFoundation/9.4/sasexe,UWIUCS2L,$UCS2L,I,U,2.0,0.0,32767.0,0.0,8.0,0.0
,,/pbr/sfw/sas/940/SASFoundation/9.4/sasexe,UWFUCS2L,$UCS2LE,F,U,2.0,0.0,32767.0,0.0,8.0,0.0
,,/pbr/sfw/sas/940/SASFoundation/9.4/sasexe,UWIUCS2L,$UCS2LE,I,U,2.0,0.0,32767.0,0.0,8.0,0.0
,,/pbr/sfw/sas/940/SASFoundation/9.4/sasexe,UWFUCS2X,$UCS2X,F,U,2.0,0.0,32767.0,0.0,8.0,0.0
,,/pbr/sfw/sas/940/SASFoundation/9.4/sasexe,UWIUCS2X,$UCS2X,I,U,2.0,0.0,32767.0,0.0,8.0,0.0
,,/pbr/sfw/sas/940/SASFoundation/9.4/sasexe,UWFUCS2X,$UCS2XE,F,U,2.0,0.0,32767.0,0.0,8.0,0.0
,,/pbr/sfw/sas/940/SASFoundation/9.4/sasexe,UWIUCS2X,$UCS2XE,I,U,2.0,0.0,32767.0,0.0,8.0,0.0
,,/pbr/sfw/sas/940/SASFoundation/9.4/sasexe,UWFUCS4B,$UCS4B,F,U,4.0,0.0,32767.0,0.0,8.0,0.0
,,/pbr/sfw/sas/940/SASFoundation/9.4/sasexe,UWIUCS4B,$UCS4B,I,U,4.0,0.0,32767.0,0.0,8.0,0.0
,,/pbr/sfw/sas/940/SASFoundation/9.4/sasexe,UWFUCS4B,$UCS4BE,F,U,4.0,0.0,32767.0,0.0,8.0,0.0
,,/pbr/sfw/sas/940/SASFoundation/9.4/sasexe,UWIUCS4B,$UCS4BE,I,U,4.0,0.0,32767.0,0.0,8.0,0.0
,,/pbr/sfw/sas/940/SASFoundation/9.4/sasexe,UWFUCS4L,$UCS4L,F,U,4.0,0.0,32767.0,0.0,8.0,0.0
,,/pbr/sfw/sas/940/SASFoundation/9.4/sasexe,UWIUCS4L,$UCS4L,I,U,4.0,0.0,32767.0,0.0,8.0,0.0
,,/pbr/sfw/sas/940/SASFoundation/9.4/sasexe,UWFUCS4L,$UCS4LE,F,U,4.0,0.0,32767.0,0.0,8.0,0.0
,,/pbr/sfw/sas/940/SASFoundation/9.4/sasexe,UWIUCS4L,$UCS4LE,I,U,4.0,0.0,32767.0,0.0,8.0,0.0
,,/pbr/sfw/sas/940/SASFoundation/9.4/sasexe,UWFUCS4X,$UCS4X,F,U,4.0,0.0,32767.0,0.0,8.0,0.0
,,/pbr/sfw/sas/940/SASFoundation/9.4/sasexe,UWIUCS4X,$UCS4X,I,U,4.0,0.0,32767.0,0.0,8.0,0.0
,,/pbr/sfw/sas/940/SASFoundation/9.4/sasexe,UWFUCS4X,$UCS4XE,F,U,4.0,0.0,32767.0,0.0,8.0,0.0
,,/pbr/sfw/sas/940/SASFoundation/9.4/sasexe,UWIUCS4X,$UCS4XE,I,U,4.0,0.0,32767.0,0.0,8.0,0.0
,,/pbr/sfw/sas/940/SASFoundation/9.4/sasexe,UWFUESC,$UESC,F,U,1.0,0.0,32767.0,0.0,8.0,0.0
,,/pbr/sfw/sas/940/SASFoundation/9.4/sasexe,UWIUESC,$UESC,I,U,1.0,0.0,32767.0,0.0,8.0,0.0
,,/pbr/sfw/sas/940/SASFoundation/9.4/sasexe,UWFUESCE,$UESCE,F,U,1.0,0.0,32767.0,0.0,8.0,0.0
,,/pbr/sfw/sas/940/SASFoundation/9.4/sasexe,UWIUESCE,$UESCE,I,U,1.0,0.0,32767.0,0.0,8.0,0.0
,,/pbr/sfw/sas/940/SASFoundation/9.4/sasexe,UWFUNCR,$UNCR,F,U,1.0,0.0,32767.0,0.0,8.0,0.0
,,/pbr/sfw/sas/940/SASFoundation/9.4/sasexe,UWIUNCR,$UNCR,I,U,1.0,0.0,32767.0,0.0,8.0,0.0
,,/pbr/sfw/sas/940/SASFoundation/9.4/sasexe,UWFUNCRE,$UNCRE,F,U,1.0,0.0,32767.0,0.0,8.0,0.0
,,/pbr/sfw/sas/940/SASFoundation/9.4/sasexe,UWIUNCRE,$UNCRE,I,U,1.0,0.0,32767.0,0.0,8.0,0.0
,,/pbr/sfw/sas/940/SASFoundation/9.4/sasexe,UWFUPARE,$UPAREN,F,U,7.0,0.0,32767.0,0.0,8.0,0.0
,,/pbr/sfw/sas/940/SASFoundation/9.4/sasexe,UWIUPARE,$UPAREN,I,U,1.0,0.0,32767.0,0.0,8.0,0.0
,,/pbr/sfw/sas/940/SASFoundation/9.4/sasexe,UWFUPARE,$UPARENE,F,U,1.0,0.0,32767.0,0.0,8.0,0.0
,,/pbr/sfw/sas/940/SASFoundation/9.4/sasexe,UWIUPARE,$UPARENE,I,U,1.0,0.0,32767.0,0.0,8.0,0.0
,,/pbr/sfw/sas/940/SASFoundation/9.4/sasexe,UWIUPARE,$UPARENP,I,U,1.0,0.0,32767.0,0.0,8.0,0.0
,,/pbr/sfw/sas/940/SASFoundation/9.4/sasexe,UWFUPCAS,$UPCASE,F,U,1.0,0.0,32767.0,0.0,8.0,0.0
,,/pbr/sfw/sas/940/SASFoundation/9.4/sasexe,UWIUPCAS,$UPCASE,I,U,1.0,0.0,32767.0,0.0,8.0,0.0
,,/pbr/sfw/sas/940/SASFoundation/9.4/sasexe,UWFUTF8X,$UTF8X,F,U,1.0,0.0,32767.0,0.0,8.0,0.0
,,/pbr/sfw/sas/940/SASFoundation/9.4/sasexe,UWIUTF8X,$UTF8X,I,U,1.0,0.0,32767.0,0.0,8.0,0.0
,,/pbr/sfw/sas/940/SASFoundation/9.4/sasexe,UWFUTF8X,$UTF8XE,F,U,1.0,0.0,32767.0,0.0,8.0,0.0
,,/pbr/sfw/sas/940/SASFoundation/9.4/sasexe,UWIUTF8X,$UTF8XE,I,U,1.0,0.0,32767.0,0.0,8.0,0.0
,,/pbr/sfw/sas/940/SASFoundation/9.4/sasexe,UWFUUID,$UUID,F,U,1.0,0.0,200.0,0.0,36.0,0.0
,,/pbr/sfw/sas/940/SASFoundation/9.4/sasexe,UWIUUID,$UUID,I,U,1.0,0.0,200.0,0.0,36.0,0.0
,,,,$VARYING,F,B,1.0,0.0,32767.0,0.0,8.0,0.0
,,,,$VARYING,I,B,1.0,0.0,32767.0,0.0,8.0,0.0
,,/pbr/sfw/sas/940/SASFoundation/9.4/sasexe,UWFVSLOG,$VSLOG,F,U,1.0,0.0,32767.0,0.0,200.0,0.0
,,/pbr/sfw/sas/940/SASFoundation/9.4/sasexe,UWIVSLOG,$VSLOG,I,U,1.0,0.0,32767.0,0.0,200.0,0.0
,,/pbr/sfw/sas/940/SASFoundation/9.4/sasexe,UWFVSLOG,$VSLOGR,F,U,1.0,0.0,32767.0,0.0,200.0,0.0
,,/pbr/sfw/sas/940/SASFoundation/9.4/sasexe,UWIVSLOG,$VSLOGR,I,U,1.0,0.0,32767.0,0.0,200.0,0.0
,,/pbr/sfw/sas/940/SASFoundation/9.4/sasexe,UWFXMLFX,$XMLFXCD,F,U,13.0,0.0,32767.0,0.0,13.0,0.0
,,/pbr/sfw/sas/940/SASFoundation/9.4/sasexe,UWFXMLFX,$XMLFXHC,F,U,1.0,0.0,32767.0,0.0,1.0,0.0
,,/pbr/sfw/sas/940/SASFoundation/9.4/sasexe,UWFXMLFX,$XMLFXHX,F,U,6.0,0.0,32767.0,0.0,6.0,0.0
,,/pbr/sfw/sas/940/SASFoundation/9.4/sasexe,UWFAFRDF,AFRDFDD,F,U,2.0,0.0,10.0,0.0,8.0,0.0
,,/pbr/sfw/sas/940/SASFoundation/9.4/sasexe,UWFAFRDF,AFRDFDE,F,U,5.0,0.0,18.0,0.0,14.0,0.0
,,/pbr/sfw/sas/940/SASFoundation/9.4/sasexe,UWIAFRDF,AFRDFDE,I,U,7.0,0.0,32.0,0.0,7.0,0.0
,,/pbr/sfw/sas/940/SASFoundation/9.4/sasexe,UWFAFRDF,AFRDFDN,F,U,1.0,0.0,64.0,0.0,2.0,0.0
,,/pbr/sfw/sas/940/SASFoundation/9.4/sasexe,UWFAFRDF,AFRDFDT,F,U,7.0,0.0,80.0,39.0,32.0,0.0
,,/pbr/sfw/sas/940/SASFoundation/9.4/sasexe,UWIAFRDF,AFRDFDT,I,U,13.0,0.0,40.0,39.0,18.0,0.0
,,/pbr/sfw/sas/940/SASFoundation/9.4/sasexe,UWFAFRDF,AFRDFDWN,F,U,1.0,0.0,64.0,0.0,18.0,0.0
,,/pbr/sfw/sas/940/SASFoundation/9.4/sasexe,UWFAFRDF,AFRDFMN,F,U,1.0,0.0,64.0,0.0,18.0,0.0
,,/pbr/sfw/sas/940/SASFoundation/9.4/sasexe,UWFAFRDF,AFRDFMY,F,U,5.0,0.0,14.0,0.0,10.0,0.0
,,/pbr/sfw/sas/940/SASFoundation/9.4/sasexe,UWIAFRDF,AFRDFMY,I,U,5.0,0.0,32.0,0.0,5.0,0.0
,,/pbr/sfw/sas/940/SASFoundation/9.4/sasexe,UWFAFRDF,AFRDFWDX,F,U,3.0,0.0,74.0,0.0,58.0,0.0
,,/pbr/sfw/sas/940/SASFoundation/9.4/sasexe,UWFAFRDF,AFRDFWKX,F,U,2.0,0.0,76.0,0.0,56.0,0.0
,,/pbr/sfw/sas/940/SASFoundation/9.4/sasexe,UWIANYDT,ANYDTDTE,I,U,5.0,0.0,60.0,0.0,9.0,0.0
,,/pbr/sfw/sas/940/SASFoundation/9.4/sasexe,UWIANYDT,ANYDTDTM,I,U,1.0,0.0,60.0,0.0,19.0,0.0
,,/pbr/sfw/sas/940/SASFoundation/9.4/sasexe,UWIANYDT,ANYDTTME,I,U,1.0,0.0,60.0,0.0,8.0,0.0
,,/pbr/sfw/sas/940/SASFoundation/9.4/sasexe,UWIB8601,B8601CI,I,U,10.0,0.0,26.0,6.0,16.0,0.0
,,/pbr/sfw/sas/940/SASFoundation/9.4/sasexe,UWFB8601,B8601DA,F,U,8.0,0.0,10.0,0.0,10.0,0.0
,,/pbr/sfw/sas/940/SASFoundation/9.4/sasexe,UWIB8601,B8601DA,I,U,8.0,0.0,10.0,0.0,10.0,0.0
,,/pbr/sfw/sas/940/SASFoundation/9.4/sasexe,UWIB8601,B8601DJ,I,U,10.0,0.0,26.0,6.0,16.0,0.0
,,/pbr/sfw/sas/940/SASFoundation/9.4/sasexe,UWFB8601,B8601DN,F,U,8.0,0.0,10.0,0.0,10.0,0.0
,,/pbr/sfw/sas/940/SASFoundation/9.4/sasexe,UWIB8601,B8601DN,I,U,8.0,0.0,10.0,0.0,10.0,0.0
,,/pbr/sfw/sas/940/SASFoundation/9.4/sasexe,UWFB8601,B8601DT,F,U,15.0,0.0,26.0,6.0,19.0,0.0
,,/pbr/sfw/sas/940/SASFoundation/9.4/sasexe,UWIB8601,B8601DT,I,U,14.0,0.0,26.0,6.0,19.0,0.0
,,/pbr/sfw/sas/940/SASFoundation/9.4/sasexe,UWFB8601,B8601DX,F,U,20.0,0.0,35.0,6.0,26.0,0.0
,,/pbr/sfw/sas/940/SASFoundation/9.4/sasexe,UWIB8601,B8601DX,I,U,15.0,0.0,35.0,6.0,26.0,0.0
,,/pbr/sfw/sas/940/SASFoundation/9.4/sasexe,UWFB8601,B8601DZ,F,U,20.0,0.0,35.0,6.0,26.0,0.0
,,/pbr/sfw/sas/940/SASFoundation/9.4/sasexe,UWIB8601,B8601DZ,I,U,15.0,0.0,35.0,6.0,26.0,0.0
,,/pbr/sfw/sas/940/SASFoundation/9.4/sasexe,UWFB8601,B8601LX,F,U,20.0,0.0,35.0,6.0,26.0,0.0
,,/pbr/sfw/sas/940/SASFoundation/9.4/sasexe,UWIB8601,B8601LX,I,U,15.0,0.0,35.0,6.0,26.0,0.0
,,/pbr/sfw/sas/940/SASFoundation/9.4/sasexe,UWFB8601,B8601LZ,F,U,9.0,0.0,20.0,6.0,14.0,0.0
,,/pbr/sfw/sas/940/SASFoundation/9.4/sasexe,UWIB8601,B8601LZ,I,U,7.0,0.0,20.0,6.0,14.0,0.0
,,/pbr/sfw/sas/940/SASFoundation/9.4/sasexe,UWFB8601,B8601TM,F,U,6.0,0.0,15.0,6.0,8.0,0.0
,,/pbr/sfw/sas/940/SASFoundation/9.4/sasexe,UWIB8601,B8601TM,I,U,6.0,0.0,15.0,6.0,8.0,0.0
,,/pbr/sfw/sas/940/SASFoundation/9.4/sasexe,UWFB8601,B8601TX,F,U,9.0,0.0,20.0,6.0,14.0,0.0
,,/pbr/sfw/sas/940/SASFoundation/9.4/sasexe,UWIB8601,B8601TX,I,U,7.0,0.0,20.0,6.0,14.0,0.0
,,/pbr/sfw/sas/940/SASFoundation/9.4/sasexe,UWFB8601,B8601TZ,F,U,9.0,0.0,20.0,6.0,14.0,0.0
,,/pbr/sfw/sas/940/SASFoundation/9.4/sasexe,UWIB8601,B8601TZ,I,U,7.0,0.0,20.0,6.0,14.0,0.0
,,,,BEST,F,B,1.0,0.0,32.0,31.0,12.0,0.0
,,,,BEST,I,B,1.0,0.0,32.0,31.0,12.0,0.0
,,,,BESTD,F,B,1.0,0.0,32.0,31.0,12.0,0.0
,,/pbr/sfw/sas/940/SASFoundation/9.4/sasexe,UWFBESTD,BESTDOTX,F,U,1.0,0.0,32.0,31.0,12.0,0.0
,,,,BESTX,F,B,1.0,0.0,64.0,31.0,12.0,0.0
,,,,BESTX,I,B,1.0,0.0,32767.0,31.0,12.0,0.0
,,,,BINARY,F,B,1.0,0.0,64.0,31.0,8.0,0.0
,,,,BINARY,I,B,1.0,0.0,64.0,31.0,8.0,0.0
,,,,BITS,I,B,1.0,0.0,64.0,63.0,1.0,0.0
,,,,BZ,I,B,1.0,0.0,32.0,31.0,1.0,0.0
,,/pbr/sfw/sas/940/SASFoundation/9.4/sasexe,UWFCATDF,CATDFDD,F,U,2.0,0.0,10.0,0.0,8.0,0.0
,,/pbr/sfw/sas/940/SASFoundation/9.4/sasexe,UWFCATDF,CATDFDE,F,U,5.0,0.0,18.0,0.0,14.0,0.0
,,/pbr/sfw/sas/940/SASFoundation/9.4/sasexe,UWICATDF,CATDFDE,I,U,7.0,0.0,32.0,0.0,7.0,0.0
,,/pbr/sfw/sas/940/SASFoundation/9.4/sasexe,UWFCATDF,CATDFDN,F,U,1.0,0.0,64.0,0.0,2.0,0.0
,,/pbr/sfw/sas/940/SASFoundation/9.4/sasexe,UWFCATDF,CATDFDT,F,U,7.0,0.0,80.0,39.0,32.0,0.0
,,/pbr/sfw/sas/940/SASFoundation/9.4/sasexe,UWICATDF,CATDFDT,I,U,13.0,0.0,40.0,39.0,18.0,0.0
,,/pbr/sfw/sas/940/SASFoundation/9.4/sasexe,UWFCATDF,CATDFDWN,F,U,1.0,0.0,64.0,0.0,18.0,0.0
,,/pbr/sfw/sas/940/SASFoundation/9.4/sasexe,UWFCATDF,CATDFMN,F,U,1.0,0.0,64.0,0.0,16.0,0.0
,,/pbr/sfw/sas/940/SASFoundation/9.4/sasexe,UWFCATDF,CATDFMY,F,U,5.0,0.0,64.0,0.0,10.0,0.0
,,/pbr/sfw/sas/940/SASFoundation/9.4/sasexe,UWICATDF,CATDFMY,I,U,5.0,0.0,32.0,0.0,5.0,0.0
,,/pbr/sfw/sas/940/SASFoundation/9.4/sasexe,UWFCATDF,CATDFWDX,F,U,3.0,0.0,80.0,0.0,32.0,0.0
,,/pbr/sfw/sas/940/SASFoundation/9.4/sasexe,UWFCATDF,CATDFWKX,F,U,2.0,0.0,80.0,0.0,54.0,0.0
,,,,CB,I,B,1.0,0.0,32.0,31.0,1.0,0.0
,,,,COMMA,F,B,1.0,0.0,32.0,31.0,6.0,0.0
,,,,COMMA,I,B,1.0,0.0,32.0,31.0,1.0,0.0
,,,,COMMAX,F,B,1.0,0.0,32.0,31.0,6.0,0.0
,,,,COMMAX,I,B,1.0,0.0,32.0,31.0,1.0,0.0
,,/pbr/sfw/sas/940/SASFoundation/9.4/sasexe,UWFCRODF,CRODFDD,F,U,2.0,0.0,10.0,0.0,8.0,0.0
,,/pbr/sfw/sas/940/SASFoundation/9.4/sasexe,UWFCRODF,CRODFDE,F,U,5.0,0.0,18.0,0.0,14.0,0.0
,,/pbr/sfw/sas/940/SASFoundation/9.4/sasexe,UWICRODF,CRODFDE,I,U,7.0,0.0,32.0,0.0,7.0,0.0
,,/pbr/sfw/sas/940/SASFoundation/9.4/sasexe,UWFCRODF,CRODFDN,F,U,1.0,0.0,64.0,0.0,2.0,0.0
,,/pbr/sfw/sas/940/SASFoundation/9.4/sasexe,UWFCRODF,CRODFDT,F,U,7.0,0.0,80.0,39.0,32.0,0.0
,,/pbr/sfw/sas/940/SASFoundation/9.4/sasexe,UWICRODF,CRODFDT,I,U,13.0,0.0,40.0,39.0,18.0,0.0
,,/pbr/sfw/sas/940/SASFoundation/9.4/sasexe,UWFCRODF,CRODFDWN,F,U,1.0,0.0,64.0,0.0,20.0,0.0
,,/pbr/sfw/sas/940/SASFoundation/9.4/sasexe,UWFCRODF,CRODFMN,F,U,1.0,0.0,64.0,0.0,16.0,0.0
,,/pbr/sfw/sas/940/SASFoundation/9.4/sasexe,UWFCRODF,CRODFMY,F,U,5.0,0.0,64.0,0.0,10.0,0.0
,,/pbr/sfw/sas/940/SASFoundation/9.4/sasexe,UWICRODF,CRODFMY,I,U,5.0,0.0,32.0,0.0,5.0,0.0
,,/pbr/sfw/sas/940/SASFoundation/9.4/sasexe,UWFCRODF,CRODFWDX,F,U,3.0,0.0,80.0,0.0,32.0,0.0
,,/pbr/sfw/sas/940/SASFoundation/9.4/sasexe,UWFCRODF,CRODFWKX,F,U,3.0,0.0,80.0,0.0,54.0,0.0
,,/pbr/sfw/sas/940/SASFoundation/9.4/sasexe,UWFCSYDF,CSYDFDD,F,U,2.0,0.0,10.0,0.0,8.0,0.0
,,/pbr/sfw/sas/940/SASFoundation/9.4/sasexe,UWFCSYDF,CSYDFDE,F,U,10.0,0.0,28.0,0.0,24.0,0.0
,,/pbr/sfw/sas/940/SASFoundation/9.4/sasexe,UWICSYDF,CSYDFDE,I,U,7.0,0.0,32.0,0.0,7.0,0.0
,,/pbr/sfw/sas/940/SASFoundation/9.4/sasexe,UWFCSYDF,CSYDFDN,F,U,1.0,0.0,64.0,0.0,2.0,0.0
,,/pbr/sfw/sas/940/SASFoundation/9.4/sasexe,UWFCSYDF,CSYDFDT,F,U,12.0,0.0,80.0,39.0,42.0,0.0
,,/pbr/sfw/sas/940/SASFoundation/9.4/sasexe,UWICSYDF,CSYDFDT,I,U,13.0,0.0,40.0,39.0,18.0,0.0
,,/pbr/sfw/sas/940/SASFoundation/9.4/sasexe,UWFCSYDF,CSYDFDWN,F,U,1.0,0.0,64.0,0.0,14.0,0.0
,,/pbr/sfw/sas/940/SASFoundation/9.4/sasexe,UWFCSYDF,CSYDFMN,F,U,1.0,0.0,64.0,0.0,16.0,0.0
,,/pbr/sfw/sas/940/SASFoundation/9.4/sasexe,UWFCSYDF,CSYDFMY,F,U,10.0,0.0,64.0,0.0,20.0,0.0
,,/pbr/sfw/sas/940/SASFoundation/9.4/sasexe,UWICSYDF,CSYDFMY,I,U,5.0,0.0,32.0,0.0,10.0,0.0
,,/pbr/sfw/sas/940/SASFoundation/9.4/sasexe,UWFCSYDF,CSYDFWDX,F,U,8.0,0.0,80.0,0.0,32.0,0.0
,,/pbr/sfw/sas/940/SASFoundation/9.4/sasexe,UWFCSYDF,CSYDFWKX,F,U,2.0,0.0,80.0,0.0,50.0,0.0
,,,,D,F,B,1.0,0.0,32.0,16.0,12.0,3.0
,,,,D,I,B,1.0,0.0,32.0,31.0,12.0,0.0
,,/pbr/sfw/sas/940/SASFoundation/9.4/sasexe,UWFDANDF,DANDFDD,F,U,2.0,0.0,10.0,0.0,8.0,0.0
,,/pbr/sfw/sas/940/SASFoundation/9.4/sasexe,UWFDANDF,DANDFDE,F,U,5.0,0.0,18.0,0.0,14.0,0.0
,,/pbr/sfw/sas/940/SASFoundation/9.4/sasexe,UWIDANDF,DANDFDE,I,U,7.0,0.0,32.0,0.0,7.0,0.0
,,/pbr/sfw/sas/940/SASFoundation/9.4/sasexe,UWFDANDF,DANDFDN,F,U,1.0,0.0,64.0,0.0,2.0,0.0
,,/pbr/sfw/sas/940/SASFoundation/9.4/sasexe,UWFDANDF,DANDFDT,F,U,7.0,0.0,80.0,39.0,32.0,0.0
,,/pbr/sfw/sas/940/SASFoundation/9.4/sasexe,UWIDANDF,DANDFDT,I,U,13.0,0.0,40.0,39.0,18.0,0.0
,,/pbr/sfw/sas/940/SASFoundation/9.4/sasexe,UWFDANDF,DANDFDWN,F,U,1.0,0.0,64.0,0.0,14.0,0.0
,,/pbr/sfw/sas/940/SASFoundation/9.4/sasexe,UWFDANDF,DANDFMN,F,U,1.0,0.0,64.0,0.0,18.0,0.0
,,/pbr/sfw/sas/940/SASFoundation/9.4/sasexe,UWFDANDF,DANDFMY,F,U,5.0,0.0,14.0,0.0,10.0,0.0
,,/pbr/sfw/sas/940/SASFoundation/9.4/sasexe,UWIDANDF,DANDFMY,I,U,5.0,0.0,32.0,0.0,5.0,0.0
,,/pbr/sfw/sas/940/SASFoundation/9.4/sasexe,UWFDANDF,DANDFWDX,F,U,3.0,0.0,36.0,0.0,36.0,0.0
,,/pbr/sfw/sas/940/SASFoundation/9.4/sasexe,UWFDANDF,DANDFWKX,F,U,2.0,0.0,62.0,0.0,62.0,0.0
,,,,DATE,F,B,5.0,0.0,11.0,8.0,7.0,0.0
,,,,DATE,I,B,7.0,0.0,32.0,31.0,7.0,0.0
,,,,DATEAMPM,F,B,7.0,0.0,40.0,39.0,19.0,0.0
,,,,DATETIME,F,B,7.0,0.0,40.0,39.0,16.0,0.0
,,,,DATETIME,I,B,13.0,0.0,40.0,39.0,18.0,0.0
,,,,DAY,F,B,2.0,0.0,32.0,31.0,2.0,0.0
,,,,DDMMYY,F,B,2.0,0.0,10.0,9.0,8.0,0.0
,,,,DDMMYY,I,B,6.0,0.0,32.0,31.0,6.0,0.0
,,,,DDMMYYB,F,B,2.0,0.0,10.0,9.0,8.0,0.0
,,,,DDMMYYC,F,B,2.0,0.0,10.0,9.0,8.0,0.0
,,,,DDMMYYD,F,B,2.0,0.0,10.0,9.0,8.0,0.0
,,,,DDMMYYN,F,B,2.0,0.0,8.0,7.0,8.0,0.0
,,,,DDMMYYP,F,B,2.0,0.0,10.0,9.0,8.0,0.0
,,,,DDMMYYS,F,B,2.0,0.0,10.0,9.0,8.0,0.0
,,/pbr/sfw/sas/940/SASFoundation/9.4/sasexe,UWFDESDF,DESDFDD,F,U,2.0,0.0,10.0,0.0,8.0,0.0
,,/pbr/sfw/sas/940/SASFoundation/9.4/sasexe,UWFDESDF,DESDFDE,F,U,5.0,0.0,18.0,0.0,14.0,0.0
,,/pbr/sfw/sas/940/SASFoundation/9.4/sasexe,UWIDESDF,DESDFDE,I,U,7.0,0.0,32.0,0.0,7.0,0.0
,,/pbr/sfw/sas/940/SASFoundation/9.4/sasexe,UWFDESDF,DESDFDN,F,U,1.0,0.0,64.0,0.0,2.0,0.0
,,/pbr/sfw/sas/940/SASFoundation/9.4/sasexe,UWFDESDF,DESDFDT,F,U,7.0,0.0,80.0,39.0,32.0,0.0
,,/pbr/sfw/sas/940/SASFoundation/9.4/sasexe,UWIDESDF,DESDFDT,I,U,13.0,0.0,40.0,39.0,18.0,0.0
,,/pbr/sfw/sas/940/SASFoundation/9.4/sasexe,UWFDESDF,DESDFDWN,F,U,1.0,0.0,64.0,0.0,20.0,0.0
,,/pbr/sfw/sas/940/SASFoundation/9.4/sasexe,UWFDESDF,DESDFMN,F,U,1.0,0.0,64.0,0.0,18.0,0.0
,,/pbr/sfw/sas/940/SASFoundation/9.4/sasexe,UWFDESDF,DESDFMY,F,U,5.0,0.0,14.0,0.0,10.0,0.0
,,/pbr/sfw/sas/940/SASFoundation/9.4/sasexe,UWIDESDF,DESDFMY,I,U,5.0,0.0,32.0,0.0,5.0,0.0
,,/pbr/sfw/sas/940/SASFoundation/9.4/sasexe,UWFDESDF,DESDFWDX,F,U,3.0,0.0,36.0,0.0,36.0,0.0
,,/pbr/sfw/sas/940/SASFoundation/9.4/sasexe,UWFDESDF,DESDFWKX,F,U,2.0,0.0,60.0,0.0,60.0,0.0
,,/pbr/sfw/sas/940/SASFoundation/9.4/sasexe,UWFDEUDF,DEUDFDD,F,U,2.0,0.0,10.0,0.0,8.0,0.0
,,/pbr/sfw/sas/940/SASFoundation/9.4/sasexe,UWFDEUDF,DEUDFDE,F,U,5.0,0.0,18.0,0.0,14.0,0.0
,,/pbr/sfw/sas/940/SASFoundation/9.4/sasexe,UWIDEUDF,DEUDFDE,I,U,7.0,0.0,32.0,0.0,7.0,0.0
,,/pbr/sfw/sas/940/SASFoundation/9.4/sasexe,UWFDEUDF,DEUDFDN,F,U,1.0,0.0,64.0,0.0,2.0,0.0
,,/pbr/sfw/sas/940/SASFoundation/9.4/sasexe,UWFDEUDF,DEUDFDT,F,U,7.0,0.0,80.0,39.0,32.0,0.0
,,/pbr/sfw/sas/940/SASFoundation/9.4/sasexe,UWIDEUDF,DEUDFDT,I,U,13.0,0.0,40.0,39.0,18.0,0.0
,,/pbr/sfw/sas/940/SASFoundation/9.4/sasexe,UWFDEUDF,DEUDFDWN,F,U,1.0,0.0,64.0,0.0,20.0,0.0
,,/pbr/sfw/sas/940/SASFoundation/9.4/sasexe,UWFDEUDF,DEUDFMN,F,U,1.0,0.0,64.0,0.0,18.0,0.0
,,/pbr/sfw/sas/940/SASFoundation/9.4/sasexe,UWFDEUDF,DEUDFMY,F,U,5.0,0.0,14.0,0.0,10.0,0.0
,,/pbr/sfw/sas/940/SASFoundation/9.4/sasexe,UWIDEUDF,DEUDFMY,I,U,5.0,0.0,32.0,0.0,5.0,0.0
,,/pbr/sfw/sas/940/SASFoundation/9.4/sasexe,UWFDEUDF,DEUDFWDX,F,U,3.0,0.0,36.0,0.0,36.0,0.0
,,/pbr/sfw/sas/940/SASFoundation/9.4/sasexe,UWFDEUDF,DEUDFWKX,F,U,2.0,0.0,60.0,0.0,60.0,0.0
,,,,DOLLAR,F,B,2.0,0.0,32.0,31.0,6.0,0.0
,,,,DOLLAR,I,B,1.0,0.0,32.0,31.0,1.0,0.0
,,,,DOLLARX,F,B,2.0,0.0,32.0,31.0,6.0,0.0
,,,,DOLLARX,I,B,1.0,0.0,32.0,31.0,1.0,0.0
,,,,DOWNAME,F,B,1.0,0.0,32.0,31.0,9.0,0.0
,,/pbr/sfw/sas/940/SASFoundation/9.4/sasexe,UWFDTDAT,DTDATE,F,U,5.0,0.0,9.0,0.0,7.0,0.0
,,/pbr/sfw/sas/940/SASFoundation/9.4/sasexe,UWFDTMON,DTMONYY,F,U,5.0,0.0,7.0,0.0,5.0,0.0
,,/pbr/sfw/sas/940/SASFoundation/9.4/sasexe,UWFDTWEE,DTWEEKV,F,U,3.0,0.0,200.0,0.0,18.0,0.0
,,/pbr/sfw/sas/940/SASFoundation/9.4/sasexe,UWFDTWKD,DTWKDATX,F,U,3.0,0.0,37.0,0.0,29.0,0.0
,,/pbr/sfw/sas/940/SASFoundation/9.4/sasexe,UWFDTYEA,DTYEAR,F,U,2.0,0.0,4.0,0.0,4.0,0.0
,,/pbr/sfw/sas/940/SASFoundation/9.4/sasexe,UWFDTYYQ,DTYYQC,F,U,4.0,0.0,6.0,0.0,4.0,0.0
,,,,E,F,B,7.0,0.0,32.0,31.0,12.0,0.0
,,,,E,I,B,1.0,0.0,32.0,31.0,12.0,0.0
,,/pbr/sfw/sas/940/SASFoundation/9.4/sasexe,UWFE8601,E8601DA,F,U,10.0,0.0,10.0,0.0,10.0,0.0
,,/pbr/sfw/sas/940/SASFoundation/9.4/sasexe,UWIE8601,E8601DA,I,U,10.0,0.0,10.0,0.0,10.0,0.0
,,/pbr/sfw/sas/940/SASFoundation/9.4/sasexe,UWFE8601,E8601DN,F,U,10.0,0.0,10.0,0.0,10.0,0.0
,,/pbr/sfw/sas/940/SASFoundation/9.4/sasexe,UWIE8601,E8601DN,I,U,10.0,0.0,10.0,0.0,10.0,0.0
,,/pbr/sfw/sas/940/SASFoundation/9.4/sasexe,UWFE8601,E8601DT,F,U,16.0,0.0,26.0,6.0,19.0,0.0
,,/pbr/sfw/sas/940/SASFoundation/9.4/sasexe,UWIE8601,E8601DT,I,U,16.0,0.0,26.0,6.0,19.0,0.0
,,/pbr/sfw/sas/940/SASFoundation/9.4/sasexe,UWFE8601,E8601DX,F,U,20.0,0.0,35.0,6.0,26.0,0.0
,,/pbr/sfw/sas/940/SASFoundation/9.4/sasexe,UWIE8601,E8601DX,I,U,20.0,0.0,35.0,6.0,26.0,0.0
,,/pbr/sfw/sas/940/SASFoundation/9.4/sasexe,UWFE8601,E8601DZ,F,U,20.0,0.0,35.0,6.0,26.0,0.0
,,/pbr/sfw/sas/940/SASFoundation/9.4/sasexe,UWIE8601,E8601DZ,I,U,20.0,0.0,35.0,6.0,26.0,0.0
,,/pbr/sfw/sas/940/SASFoundation/9.4/sasexe,UWFE8601,E8601LX,F,U,20.0,0.0,35.0,6.0,26.0,0.0
,,/pbr/sfw/sas/940/SASFoundation/9.4/sasexe,UWIE8601,E8601LX,I,U,20.0,0.0,35.0,6.0,26.0,0.0
,,/pbr/sfw/sas/940/SASFoundation/9.4/sasexe,UWFE8601,E8601LZ,F,U,9.0,0.0,20.0,6.0,14.0,0.0
,,/pbr/sfw/sas/940/SASFoundation/9.4/sasexe,UWIE8601,E8601LZ,I,U,9.0,0.0,20.0,6.0,14.0,0.0
,,/pbr/sfw/sas/940/SASFoundation/9.4/sasexe,UWFE8601,E8601TM,F,U,8.0,0.0,15.0,6.0,8.0,0.0
,,/pbr/sfw/sas/940/SASFoundation/9.4/sasexe,UWIE8601,E8601TM,I,U,8.0,0.0,15.0,6.0,8.0,0.0
,,/pbr/sfw/sas/940/SASFoundation/9.4/sasexe,UWFE8601,E8601TX,F,U,9.0,0.0,20.0,6.0,14.0,0.0
,,/pbr/sfw/sas/940/SASFoundation/9.4/sasexe,UWIE8601,E8601TX,I,U,9.0,0.0,20.0,6.0,14.0,0.0
,,/pbr/sfw/sas/940/SASFoundation/9.4/sasexe,UWFE8601,E8601TZ,F,U,9.0,0.0,20.0,6.0,14.0,0.0
,,/pbr/sfw/sas/940/SASFoundation/9.4/sasexe,UWIE8601,E8601TZ,I,U,9.0,0.0,20.0,6.0,14.0,0.0
,,/pbr/sfw/sas/940/SASFoundation/9.4/sasexe,UWFENGDF,ENGDFDD,F,U,2.0,0.0,10.0,0.0,8.0,0.0
,,/pbr/sfw/sas/940/SASFoundation/9.4/sasexe,UWFENGDF,ENGDFDE,F,U,5.0,0.0,18.0,0.0,14.0,0.0
,,/pbr/sfw/sas/940/SASFoundation/9.4/sasexe,UWIENGDF,ENGDFDE,I,U,7.0,0.0,32.0,0.0,7.0,0.0
,,/pbr/sfw/sas/940/SASFoundation/9.4/sasexe,UWFENGDF,ENGDFDN,F,U,1.0,0.0,64.0,0.0,2.0,0.0
,,/pbr/sfw/sas/940/SASFoundation/9.4/sasexe,UWFENGDF,ENGDFDT,F,U,7.0,0.0,80.0,39.0,32.0,0.0
,,/pbr/sfw/sas/940/SASFoundation/9.4/sasexe,UWIENGDF,ENGDFDT,I,U,13.0,0.0,40.0,39.0,18.0,0.0
,,/pbr/sfw/sas/940/SASFoundation/9.4/sasexe,UWFENGDF,ENGDFDWN,F,U,1.0,0.0,64.0,0.0,18.0,0.0
,,/pbr/sfw/sas/940/SASFoundation/9.4/sasexe,UWFENGDF,ENGDFMN,F,U,1.0,0.0,64.0,0.0,18.0,0.0
,,/pbr/sfw/sas/940/SASFoundation/9.4/sasexe,UWFENGDF,ENGDFMY,F,U,5.0,0.0,14.0,0.0,10.0,0.0
,,/pbr/sfw/sas/940/SASFoundation/9.4/sasexe,UWIENGDF,ENGDFMY,I,U,5.0,0.0,32.0,0.0,5.0,0.0
,,/pbr/sfw/sas/940/SASFoundation/9.4/sasexe,UWFENGDF,ENGDFWDX,F,U,3.0,0.0,64.0,0.0,36.0,0.0
,,/pbr/sfw/sas/940/SASFoundation/9.4/sasexe,UWFENGDF,ENGDFWKX,F,U,3.0,0.0,74.0,0.0,58.0,0.0
,,/pbr/sfw/sas/940/SASFoundation/9.4/sasexe,UWFESPDF,ESPDFDD,F,U,2.0,0.0,10.0,0.0,8.0,0.0
,,/pbr/sfw/sas/940/SASFoundation/9.4/sasexe,UWFESPDF,ESPDFDE,F,U,5.0,0.0,18.0,0.0,14.0,0.0
,,/pbr/sfw/sas/940/SASFoundation/9.4/sasexe,UWIESPDF,ESPDFDE,I,U,7.0,0.0,32.0,0.0,7.0,0.0
,,/pbr/sfw/sas/940/SASFoundation/9.4/sasexe,UWFESPDF,ESPDFDN,F,U,1.0,0.0,64.0,0.0,2.0,0.0
,,/pbr/sfw/sas/940/SASFoundation/9.4/sasexe,UWFESPDF,ESPDFDT,F,U,7.0,0.0,80.0,39.0,32.0,0.0
,,/pbr/sfw/sas/940/SASFoundation/9.4/sasexe,UWIESPDF,ESPDFDT,I,U,13.0,0.0,40.0,39.0,18.0,0.0
,,/pbr/sfw/sas/940/SASFoundation/9.4/sasexe,UWFESPDF,ESPDFDWN,F,U,1.0,0.0,64.0,0.0,18.0,0.0
,,/pbr/sfw/sas/940/SASFoundation/9.4/sasexe,UWFESPDF,ESPDFMN,F,U,1.0,0.0,64.0,0.0,20.0,0.0
,,/pbr/sfw/sas/940/SASFoundation/9.4/sasexe,UWFESPDF,ESPDFMY,F,U,5.0,0.0,14.0,0.0,10.0,0.0
,,/pbr/sfw/sas/940/SASFoundation/9.4/sasexe,UWIESPDF,ESPDFMY,I,U,5.0,0.0,32.0,0.0,5.0,0.0
,,/pbr/sfw/sas/940/SASFoundation/9.4/sasexe,UWFESPDF,ESPDFWDX,F,U,3.0,0.0,48.0,0.0,48.0,0.0
,,/pbr/sfw/sas/940/SASFoundation/9.4/sasexe,UWFESPDF,ESPDFWKX,F,U,1.0,0.0,70.0,0.0,70.0,0.0
,,/pbr/sfw/sas/940/SASFoundation/9.4/sasexe,UWFEURDF,EURDFDD,F,U,2.0,0.0,10.0,0.0,8.0,0.0
,,/pbr/sfw/sas/940/SASFoundation/9.4/sasexe,UWFEURDF,EURDFDE,F,U,5.0,0.0,18.0,0.0,14.0,0.0
,,/pbr/sfw/sas/940/SASFoundation/9.4/sasexe,UWIEURDF,EURDFDE,I,U,7.0,0.0,32.0,0.0,7.0,0.0
,,/pbr/sfw/sas/940/SASFoundation/9.4/sasexe,UWFEURDF,EURDFDN,F,U,1.0,0.0,64.0,0.0,2.0,0.0
,,/pbr/sfw/sas/940/SASFoundation/9.4/sasexe,UWFEURDF,EURDFDT,F,U,7.0,0.0,80.0,39.0,32.0,0.0
,,/pbr/sfw/sas/940/SASFoundation/9.4/sasexe,UWIEURDF,EURDFDT,I,U,13.0,0.0,40.0,39.0,18.0,0.0
,,/pbr/sfw/sas/940/SASFoundation/9.4/sasexe,UWFEURDF,EURDFDWN,F,U,1.0,0.0,64.0,0.0,18.0,0.0
,,/pbr/sfw/sas/940/SASFoundation/9.4/sasexe,UWFEURDF,EURDFMN,F,U,1.0,0.0,64.0,0.0,18.0,0.0
,,/pbr/sfw/sas/940/SASFoundation/9.4/sasexe,UWFEURDF,EURDFMY,F,U,5.0,0.0,14.0,0.0,10.0,0.0
,,/pbr/sfw/sas/940/SASFoundation/9.4/sasexe,UWIEURDF,EURDFMY,I,U,5.0,0.0,32.0,0.0,5.0,0.0
,,/pbr/sfw/sas/940/SASFoundation/9.4/sasexe,UWFEURDF,EURDFWDX,F,U,3.0,0.0,64.0,0.0,36.0,0.0
,,/pbr/sfw/sas/940/SASFoundation/9.4/sasexe,UWFEURDF,EURDFWKX,F,U,3.0,0.0,74.0,0.0,58.0,0.0
,,/pbr/sfw/sas/940/SASFoundation/9.4/sasexe,UWFEURFR,EURFRATS,F,U,1.0,0.0,32.0,31.0,6.0,0.0
,,/pbr/sfw/sas/940/SASFoundation/9.4/sasexe,UWFEURFR,EURFRBEF,F,U,1.0,0.0,32.0,31.0,6.0,0.0
,,/pbr/sfw/sas/940/SASFoundation/9.4/sasexe,UWFEURFR,EURFRCHF,F,U,1.0,0.0,32.0,31.0,6.0,0.0
,,/pbr/sfw/sas/940/SASFoundation/9.4/sasexe,UWFEURFR,EURFRCZK,F,U,1.0,0.0,32.0,31.0,6.0,0.0
,,/pbr/sfw/sas/940/SASFoundation/9.4/sasexe,UWFEURFR,EURFRDEM,F,U,1.0,0.0,32.0,31.0,6.0,0.0
,,/pbr/sfw/sas/940/SASFoundation/9.4/sasexe,UWFEURFR,EURFRDKK,F,U,1.0,0.0,32.0,31.0,6.0,0.0
,,/pbr/sfw/sas/940/SASFoundation/9.4/sasexe,UWFEURFR,EURFRESP,F,U,1.0,0.0,32.0,31.0,6.0,0.0
,,/pbr/sfw/sas/940/SASFoundation/9.4/sasexe,UWFEURFR,EURFRFIM,F,U,1.0,0.0,32.0,31.0,6.0,0.0
,,/pbr/sfw/sas/940/SASFoundation/9.4/sasexe,UWFEURFR,EURFRFRF,F,U,1.0,0.0,32.0,31.0,6.0,0.0
,,/pbr/sfw/sas/940/SASFoundation/9.4/sasexe,UWFEURFR,EURFRGBP,F,U,1.0,0.0,32.0,31.0,6.0,0.0
,,/pbr/sfw/sas/940/SASFoundation/9.4/sasexe,UWFEURFR,EURFRGRD,F,U,1.0,0.0,32.0,31.0,6.0,0.0
,,/pbr/sfw/sas/940/SASFoundation/9.4/sasexe,UWFEURFR,EURFRHUF,F,U,1.0,0.0,32.0,31.0,6.0,0.0
,,/pbr/sfw/sas/940/SASFoundation/9.4/sasexe,UWFEURFR,EURFRIEP,F,U,1.0,0.0,32.0,31.0,6.0,0.0
,,/pbr/sfw/sas/940/SASFoundation/9.4/sasexe,UWFEURFR,EURFRITL,F,U,1.0,0.0,32.0,31.0,6.0,0.0
,,/pbr/sfw/sas/940/SASFoundation/9.4/sasexe,UWFEURFR,EURFRLUF,F,U,1.0,0.0,32.0,31.0,6.0,0.0
,,/pbr/sfw/sas/940/SASFoundation/9.4/sasexe,UWFEURFR,EURFRNLG,F,U,1.0,0.0,32.0,31.0,6.0,0.0
,,/pbr/sfw/sas/940/SASFoundation/9.4/sasexe,UWFEURFR,EURFRNOK,F,U,1.0,0.0,32.0,31.0,6.0,0.0
,,/pbr/sfw/sas/940/SASFoundation/9.4/sasexe,UWFEURFR,EURFRPLZ,F,U,1.0,0.0,32.0,31.0,6.0,0.0
,,/pbr/sfw/sas/940/SASFoundation/9.4/sasexe,UWFEURFR,EURFRPTE,F,U,1.0,0.0,32.0,31.0,6.0,0.0
,,/pbr/sfw/sas/940/SASFoundation/9.4/sasexe,UWFEURFR,EURFRROL,F,U,1.0,0.0,32.0,31.0,6.0,0.0
,,/pbr/sfw/sas/940/SASFoundation/9.4/sasexe,UWFEURFR,EURFRRUR,F,U,1.0,0.0,32.0,31.0,6.0,0.0
,,/pbr/sfw/sas/940/SASFoundation/9.4/sasexe,UWFEURFR,EURFRSEK,F,U,1.0,0.0,32.0,31.0,6.0,0.0
,,/pbr/sfw/sas/940/SASFoundation/9.4/sasexe,UWFEURFR,EURFRSIT,F,U,1.0,0.0,32.0,31.0,6.0,0.0
,,/pbr/sfw/sas/940/SASFoundation/9.4/sasexe,UWFEURFR,EURFRTRL,F,U,1.0,0.0,32.0,31.0,6.0,0.0
,,/pbr/sfw/sas/940/SASFoundation/9.4/sasexe,UWFEURFR,EURFRYUD,F,U,1.0,0.0,32.0,31.0,6.0,0.0
,,/pbr/sfw/sas/940/SASFoundation/9.4/sasexe,UWFEURO,EURO,F,U,1.0,0.0,32.0,31.0,6.0,0.0
,,/pbr/sfw/sas/940/SASFoundation/9.4/sasexe,UWIEURO,EURO,I,U,1.0,0.0,32.0,31.0,6.0,0.0
,,/pbr/sfw/sas/940/SASFoundation/9.4/sasexe,UWFEUROX,EUROX,F,U,1.0,0.0,32.0,31.0,6.0,0.0
,,/pbr/sfw/sas/940/SASFoundation/9.4/sasexe,UWIEUROX,EUROX,I,U,1.0,0.0,32.0,31.0,6.0,0.0
,,/pbr/sfw/sas/940/SASFoundation/9.4/sasexe,UWFEURTO,EURTOATS,F,U,1.0,0.0,32.0,31.0,6.0,0.0
,,/pbr/sfw/sas/940/SASFoundation/9.4/sasexe,UWFEURTO,EURTOBEF,F,U,1.0,0.0,32.0,31.0,6.0,0.0
,,/pbr/sfw/sas/940/SASFoundation/9.4/sasexe,UWFEURTO,EURTOCHF,F,U,1.0,0.0,32.0,31.0,6.0,0.0
,,/pbr/sfw/sas/940/SASFoundation/9.4/sasexe,UWFEURTO,EURTOCZK,F,U,1.0,0.0,32.0,31.0,6.0,0.0
,,/pbr/sfw/sas/940/SASFoundation/9.4/sasexe,UWFEURTO,EURTODEM,F,U,1.0,0.0,32.0,31.0,6.0,0.0
,,/pbr/sfw/sas/940/SASFoundation/9.4/sasexe,UWFEURTO,EURTODKK,F,U,1.0,0.0,32.0,31.0,6.0,0.0
,,/pbr/sfw/sas/940/SASFoundation/9.4/sasexe,UWFEURTO,EURTOESP,F,U,1.0,0.0,32.0,31.0,6.0,0.0
,,/pbr/sfw/sas/940/SASFoundation/9.4/sasexe,UWFEURTO,EURTOFIM,F,U,1.0,0.0,32.0,31.0,6.0,0.0
,,/pbr/sfw/sas/940/SASFoundation/9.4/sasexe,UWFEURTO,EURTOFRF,F,U,1.0,0.0,32.0,31.0,6.0,0.0
,,/pbr/sfw/sas/940/SASFoundation/9.4/sasexe,UWFEURTO,EURTOGBP,F,U,1.0,0.0,32.0,31.0,6.0,0.0
,,/pbr/sfw/sas/940/SASFoundation/9.4/sasexe,UWFEURTO,EURTOGRD,F,U,1.0,0.0,32.0,31.0,6.0,0.0
,,/pbr/sfw/sas/940/SASFoundation/9.4/sasexe,UWFEURTO,EURTOHUF,F,U,1.0,0.0,32.0,31.0,6.0,0.0
,,/pbr/sfw/sas/940/SASFoundation/9.4/sasexe,UWFEURTO,EURTOIEP,F,U,1.0,0.0,32.0,31.0,6.0,0.0
,,/pbr/sfw/sas/940/SASFoundation/9.4/sasexe,UWFEURTO,EURTOITL,F,U,1.0,0.0,32.0,31.0,6.0,0.0
,,/pbr/sfw/sas/940/SASFoundation/9.4/sasexe,UWFEURTO,EURTOLUF,F,U,1.0,0.0,32.0,31.0,6.0,0.0
,,/pbr/sfw/sas/940/SASFoundation/9.4/sasexe,UWFEURTO,EURTONLG,F,U,1.0,0.0,32.0,31.0,6.0,0.0
,,/pbr/sfw/sas/940/SASFoundation/9.4/sasexe,UWFEURTO,EURTONOK,F,U,1.0,0.0,32.0,31.0,6.0,0.0
,,/pbr/sfw/sas/940/SASFoundation/9.4/sasexe,UWFEURTO,EURTOPLZ,F,U,1.0,0.0,32.0,31.0,6.0,0.0
,,/pbr/sfw/sas/940/SASFoundation/9.4/sasexe,UWFEURTO,EURTOPTE,F,U,1.0,0.0,32.0,31.0,6.0,0.0
,,/pbr/sfw/sas/940/SASFoundation/9.4/sasexe,UWFEURTO,EURTOROL,F,U,1.0,0.0,32.0,31.0,6.0,0.0
,,/pbr/sfw/sas/940/SASFoundation/9.4/sasexe,UWFEURTO,EURTORUR,F,U,1.0,0.0,32.0,31.0,6.0,0.0
,,/pbr/sfw/sas/940/SASFoundation/9.4/sasexe,UWFEURTO,EURTOSEK,F,U,1.0,0.0,32.0,31.0,6.0,0.0
,,/pbr/sfw/sas/940/SASFoundation/9.4/sasexe,UWFEURTO,EURTOSIT,F,U,1.0,0.0,32.0,31.0,6.0,0.0
,,/pbr/sfw/sas/940/SASFoundation/9.4/sasexe,UWFEURTO,EURTOTRL,F,U,1.0,0.0,32.0,31.0,6.0,0.0
,,/pbr/sfw/sas/940/SASFoundation/9.4/sasexe,UWFEURTO,EURTOYUD,F,U,1.0,0.0,32.0,31.0,6.0,0.0
,,,,F,F,B,1.0,0.0,32.0,31.0,1.0,0.0
,,,,F,I,B,1.0,0.0,32.0,31.0,1.0,0.0
,,/pbr/sfw/sas/940/SASFoundation/9.4/sasexe,UWFFINDF,FINDFDD,F,U,2.0,0.0,10.0,0.0,10.0,0.0
,,/pbr/sfw/sas/940/SASFoundation/9.4/sasexe,UWFFINDF,FINDFDE,F,U,8.0,0.0,20.0,0.0,18.0,0.0
,,/pbr/sfw/sas/940/SASFoundation/9.4/sasexe,UWIFINDF,FINDFDE,I,U,10.0,0.0,32.0,0.0,10.0,0.0
,,/pbr/sfw/sas/940/SASFoundation/9.4/sasexe,UWFFINDF,FINDFDN,F,U,1.0,0.0,64.0,0.0,2.0,0.0
,,/pbr/sfw/sas/940/SASFoundation/9.4/sasexe,UWFFINDF,FINDFDT,F,U,7.0,0.0,80.0,39.0,32.0,0.0
,,/pbr/sfw/sas/940/SASFoundation/9.4/sasexe,UWIFINDF,FINDFDT,I,U,13.0,0.0,40.0,39.0,18.0,0.0
,,/pbr/sfw/sas/940/SASFoundation/9.4/sasexe,UWFFINDF,FINDFDWN,F,U,1.0,0.0,64.0,0.0,22.0,0.0
,,/pbr/sfw/sas/940/SASFoundation/9.4/sasexe,UWFFINDF,FINDFMN,F,U,1.0,0.0,64.0,0.0,22.0,0.0
,,/pbr/sfw/sas/940/SASFoundation/9.4/sasexe,UWFFINDF,FINDFMY,F,U,8.0,0.0,16.0,0.0,16.0,0.0
,,/pbr/sfw/sas/940/SASFoundation/9.4/sasexe,UWIFINDF,FINDFMY,I,U,8.0,0.0,32.0,0.0,8.0,0.0
,,/pbr/sfw/sas/940/SASFoundation/9.4/sasexe,UWFFINDF,FINDFWDX,F,U,3.0,0.0,40.0,0.0,40.0,0.0
,,/pbr/sfw/sas/940/SASFoundation/9.4/sasexe,UWFFINDF,FINDFWKX,F,U,2.0,0.0,74.0,0.0,74.0,0.0
,,/pbr/sfw/sas/940/SASFoundation/9.4/sasexe,UWFFLOAT,FLOAT,F,U,4.0,0.0,4.0,31.0,4.0,0.0
,,/pbr/sfw/sas/940/SASFoundation/9.4/sasexe,UWIFLOAT,FLOAT,I,U,4.0,0.0,4.0,31.0,4.0,0.0
,,,,FRACT,F,B,4.0,0.0,32.0,0.0,10.0,0.0
,,/pbr/sfw/sas/940/SASFoundation/9.4/sasexe,UWFFRADF,FRADFDD,F,U,2.0,0.0,10.0,0.0,8.0,0.0
,,/pbr/sfw/sas/940/SASFoundation/9.4/sasexe,UWFFRADF,FRADFDE,F,U,5.0,0.0,18.0,0.0,14.0,0.0
,,/pbr/sfw/sas/940/SASFoundation/9.4/sasexe,UWIFRADF,FRADFDE,I,U,7.0,0.0,32.0,0.0,7.0,0.0
,,/pbr/sfw/sas/940/SASFoundation/9.4/sasexe,UWFFRADF,FRADFDN,F,U,1.0,0.0,64.0,0.0,2.0,0.0
,,/pbr/sfw/sas/940/SASFoundation/9.4/sasexe,UWFFRADF,FRADFDT,F,U,7.0,0.0,80.0,39.0,32.0,0.0
,,/pbr/sfw/sas/940/SASFoundation/9.4/sasexe,UWIFRADF,FRADFDT,I,U,13.0,0.0,40.0,39.0,18.0,0.0
,,/pbr/sfw/sas/940/SASFoundation/9.4/sasexe,UWFFRADF,FRADFDWN,F,U,1.0,0.0,64.0,0.0,16.0,0.0
,,/pbr/sfw/sas/940/SASFoundation/9.4/sasexe,UWFFRADF,FRADFMN,F,U,1.0,0.0,64.0,0.0,18.0,0.0
,,/pbr/sfw/sas/940/SASFoundation/9.4/sasexe,UWFFRADF,FRADFMY,F,U,5.0,0.0,14.0,0.0,10.0,0.0
,,/pbr/sfw/sas/940/SASFoundation/9.4/sasexe,UWIFRADF,FRADFMY,I,U,5.0,0.0,32.0,0.0,5.0,0.0
,,/pbr/sfw/sas/940/SASFoundation/9.4/sasexe,UWFFRADF,FRADFWDX,F,U,3.0,0.0,36.0,0.0,36.0,0.0
,,/pbr/sfw/sas/940/SASFoundation/9.4/sasexe,UWFFRADF,FRADFWKX,F,U,3.0,0.0,54.0,0.0,54.0,0.0
,,/pbr/sfw/sas/940/SASFoundation/9.4/sasexe,UWFFRSDF,FRSDFDD,F,U,2.0,0.0,10.0,0.0,8.0,0.0
,,/pbr/sfw/sas/940/SASFoundation/9.4/sasexe,UWFFRSDF,FRSDFDE,F,U,5.0,0.0,18.0,0.0,14.0,0.0
,,/pbr/sfw/sas/940/SASFoundation/9.4/sasexe,UWIFRSDF,FRSDFDE,I,U,7.0,0.0,32.0,0.0,7.0,0.0
,,/pbr/sfw/sas/940/SASFoundation/9.4/sasexe,UWFFRSDF,FRSDFDN,F,U,1.0,0.0,64.0,0.0,2.0,0.0
,,/pbr/sfw/sas/940/SASFoundation/9.4/sasexe,UWFFRSDF,FRSDFDT,F,U,7.0,0.0,80.0,39.0,32.0,0.0
,,/pbr/sfw/sas/940/SASFoundation/9.4/sasexe,UWIFRSDF,FRSDFDT,I,U,13.0,0.0,40.0,39.0,18.0,0.0
,,/pbr/sfw/sas/940/SASFoundation/9.4/sasexe,UWFFRSDF,FRSDFDWN,F,U,1.0,0.0,64.0,0.0,16.0,0.0
,,/pbr/sfw/sas/940/SASFoundation/9.4/sasexe,UWFFRSDF,FRSDFMN,F,U,1.0,0.0,64.0,0.0,18.0,0.0
,,/pbr/sfw/sas/940/SASFoundation/9.4/sasexe,UWFFRSDF,FRSDFMY,F,U,5.0,0.0,14.0,0.0,10.0,0.0
,,/pbr/sfw/sas/940/SASFoundation/9.4/sasexe,UWIFRSDF,FRSDFMY,I,U,5.0,0.0,32.0,0.0,5.0,0.0
,,/pbr/sfw/sas/940/SASFoundation/9.4/sasexe,UWFFRSDF,FRSDFWDX,F,U,3.0,0.0,36.0,0.0,36.0,0.0
,,/pbr/sfw/sas/940/SASFoundation/9.4/sasexe,UWFFRSDF,FRSDFWKX,F,U,3.0,0.0,54.0,0.0,54.0,0.0
,,/pbr/sfw/sas/940/SASFoundation/9.4/sasexe,UWFHDATE,HDATE,F,U,9.0,0.0,17.0,0.0,17.0,0.0
,,/pbr/sfw/sas/940/SASFoundation/9.4/sasexe,UWFHEBDA,HEBDATE,F,U,7.0,0.0,24.0,0.0,16.0,0.0
,,,,HEX,F,B,1.0,0.0,16.0,0.0,8.0,0.0
,,,,HEX,I,B,1.0,0.0,16.0,0.0,8.0,0.0
,,,,HHMM,F,B,2.0,0.0,20.0,19.0,5.0,0.0
,,/pbr/sfw/sas/940/SASFoundation/9.4/sasexe,UWIHHMMS,HHMMSS,I,U,1.0,0.0,20.0,0.0,8.0,0.0
,,,,HOUR,F,B,2.0,0.0,20.0,19.0,2.0,0.0
,,/pbr/sfw/sas/940/SASFoundation/9.4/sasexe,UWFHUNDF,HUNDFDD,F,U,2.0,0.0,10.0,0.0,8.0,0.0
,,/pbr/sfw/sas/940/SASFoundation/9.4/sasexe,UWFHUNDF,HUNDFDE,F,U,12.0,0.0,14.0,0.0,12.0,0.0
,,/pbr/sfw/sas/940/SASFoundation/9.4/sasexe,UWIHUNDF,HUNDFDE,I,U,7.0,0.0,32.0,0.0,7.0,0.0
,,/pbr/sfw/sas/940/SASFoundation/9.4/sasexe,UWFHUNDF,HUNDFDN,F,U,1.0,0.0,64.0,0.0,2.0,0.0
,,/pbr/sfw/sas/940/SASFoundation/9.4/sasexe,UWFHUNDF,HUNDFDT,F,U,12.0,0.0,80.0,39.0,38.0,0.0
,,/pbr/sfw/sas/940/SASFoundation/9.4/sasexe,UWIHUNDF,HUNDFDT,I,U,13.0,0.0,40.0,39.0,18.0,0.0
,,/pbr/sfw/sas/940/SASFoundation/9.4/sasexe,UWFHUNDF,HUNDFDWN,F,U,1.0,0.0,64.0,0.0,18.0,0.0
,,/pbr/sfw/sas/940/SASFoundation/9.4/sasexe,UWFHUNDF,HUNDFMN,F,U,1.0,0.0,64.0,0.0,20.0,0.0
,,/pbr/sfw/sas/940/SASFoundation/9.4/sasexe,UWFHUNDF,HUNDFMY,F,U,9.0,0.0,64.0,0.0,9.0,0.0
,,/pbr/sfw/sas/940/SASFoundation/9.4/sasexe,UWIHUNDF,HUNDFMY,I,U,8.0,0.0,32.0,0.0,8.0,0.0
,,/pbr/sfw/sas/940/SASFoundation/9.4/sasexe,UWFHUNDF,HUNDFWDX,F,U,6.0,0.0,80.0,0.0,36.0,0.0
,,/pbr/sfw/sas/940/SASFoundation/9.4/sasexe,UWFHUNDF,HUNDFWKX,F,U,3.0,0.0,80.0,0.0,56.0,0.0
,,,,IB,F,B,1.0,0.0,8.0,10.0,4.0,0.0
,,,,IB,I,B,1.0,0.0,8.0,10.0,4.0,0.0
,,,,IBR,F,B,1.0,0.0,8.0,10.0,4.0,0.0
,,,,IBR,I,B,1.0,0.0,8.0,10.0,4.0,0.0
,,,,IEEE,F,B,1.0,0.0,8.0,10.0,8.0,0.0
,,,,IEEE,I,B,3.0,0.0,8.0,10.0,4.0,0.0
,,,,IEEER,F,B,1.0,0.0,8.0,10.0,8.0,0.0
,,,,IEEER,I,B,3.0,0.0,8.0,10.0,4.0,0.0
,,/pbr/sfw/sas/940/SASFoundation/9.4/sasexe,UWFIS860,IS8601DA,F,U,10.0,0.0,10.0,0.0,10.0,0.0
,,/pbr/sfw/sas/940/SASFoundation/9.4/sasexe,UWIIS860,IS8601DA,I,U,10.0,0.0,10.0,0.0,10.0,0.0
,,/pbr/sfw/sas/940/SASFoundation/9.4/sasexe,UWFIS860,IS8601DN,F,U,10.0,0.0,10.0,0.0,10.0,0.0
,,/pbr/sfw/sas/940/SASFoundation/9.4/sasexe,UWIIS860,IS8601DN,I,U,10.0,0.0,10.0,0.0,10.0,0.0
,,/pbr/sfw/sas/940/SASFoundation/9.4/sasexe,UWFIS860,IS8601DT,F,U,19.0,0.0,26.0,6.0,19.0,0.0
,,/pbr/sfw/sas/940/SASFoundation/9.4/sasexe,UWIIS860,IS8601DT,I,U,19.0,0.0,26.0,6.0,19.0,0.0
,,/pbr/sfw/sas/940/SASFoundation/9.4/sasexe,UWFIS860,IS8601DZ,F,U,20.0,0.0,35.0,6.0,26.0,0.0
,,/pbr/sfw/sas/940/SASFoundation/9.4/sasexe,UWIIS860,IS8601DZ,I,U,20.0,0.0,35.0,6.0,26.0,0.0
,,/pbr/sfw/sas/940/SASFoundation/9.4/sasexe,UWFIS860,IS8601LZ,F,U,9.0,0.0,20.0,6.0,14.0,0.0
,,/pbr/sfw/sas/940/SASFoundation/9.4/sasexe,UWIIS860,IS8601LZ,I,U,9.0,0.0,20.0,6.0,14.0,0.0
,,/pbr/sfw/sas/940/SASFoundation/9.4/sasexe,UWFIS860,IS8601TM,F,U,8.0,0.0,15.0,6.0,8.0,0.0
,,/pbr/sfw/sas/940/SASFoundation/9.4/sasexe,UWIIS860,IS8601TM,I,U,8.0,0.0,15.0,6.0,8.0,0.0
,,/pbr/sfw/sas/940/SASFoundation/9.4/sasexe,UWFIS860,IS8601TZ,F,U,9.0,0.0,20.0,6.0,14.0,0.0
,,/pbr/sfw/sas/940/SASFoundation/9.4/sasexe,UWIIS860,IS8601TZ,I,U,9.0,0.0,20.0,6.0,14.0,0.0
,,/pbr/sfw/sas/940/SASFoundation/9.4/sasexe,UWFITADF,ITADFDD,F,U,2.0,0.0,10.0,0.0,8.0,0.0
,,/pbr/sfw/sas/940/SASFoundation/9.4/sasexe,UWFITADF,ITADFDE,F,U,5.0,0.0,18.0,0.0,14.0,0.0
,,/pbr/sfw/sas/940/SASFoundation/9.4/sasexe,UWIITADF,ITADFDE,I,U,7.0,0.0,32.0,0.0,7.0,0.0
,,/pbr/sfw/sas/940/SASFoundation/9.4/sasexe,UWFITADF,ITADFDN,F,U,1.0,0.0,64.0,0.0,2.0,0.0
,,/pbr/sfw/sas/940/SASFoundation/9.4/sasexe,UWFITADF,ITADFDT,F,U,7.0,0.0,80.0,39.0,32.0,0.0
,,/pbr/sfw/sas/940/SASFoundation/9.4/sasexe,UWIITADF,ITADFDT,I,U,13.0,0.0,40.0,39.0,18.0,0.0
,,/pbr/sfw/sas/940/SASFoundation/9.4/sasexe,UWFITADF,ITADFDWN,F,U,1.0,0.0,64.0,0.0,18.0,0.0
,,/pbr/sfw/sas/940/SASFoundation/9.4/sasexe,UWFITADF,ITADFMN,F,U,1.0,0.0,64.0,0.0,18.0,0.0
,,/pbr/sfw/sas/940/SASFoundation/9.4/sasexe,UWFITADF,ITADFMY,F,U,5.0,0.0,14.0,0.0,10.0,0.0
,,/pbr/sfw/sas/940/SASFoundation/9.4/sasexe,UWIITADF,ITADFMY,I,U,5.0,0.0,32.0,0.0,5.0,0.0
,,/pbr/sfw/sas/940/SASFoundation/9.4/sasexe,UWFITADF,ITADFWDX,F,U,3.0,0.0,34.0,0.0,34.0,0.0
,,/pbr/sfw/sas/940/SASFoundation/9.4/sasexe,UWFITADF,ITADFWKX,F,U,3.0,0.0,56.0,0.0,56.0,0.0
,,/pbr/sfw/sas/940/SASFoundation/9.4/sasexe,UWFJDATE,JDATEMD,F,U,10.0,0.0,200.0,0.0,10.0,0.0
,,/pbr/sfw/sas/940/SASFoundation/9.4/sasexe,UWFJDATE,JDATEMDW,F,U,18.0,0.0,200.0,0.0,18.0,0.0
,,/pbr/sfw/sas/940/SASFoundation/9.4/sasexe,UWFJDATE,JDATEMNW,F,U,9.0,0.0,200.0,0.0,9.0,0.0
,,/pbr/sfw/sas/940/SASFoundation/9.4/sasexe,UWFJDATE,JDATEMON,F,U,5.0,0.0,200.0,0.0,5.0,0.0
,,/pbr/sfw/sas/940/SASFoundation/9.4/sasexe,UWFJDATE,JDATEQRW,F,U,6.0,0.0,200.0,0.0,15.0,0.0
,,/pbr/sfw/sas/940/SASFoundation/9.4/sasexe,UWFJDATE,JDATEQTR,F,U,4.0,0.0,200.0,12.0,14.0,0.0
,,/pbr/sfw/sas/940/SASFoundation/9.4/sasexe,UWFJDATE,JDATESEM,F,U,6.0,0.0,200.0,0.0,11.0,0.0
,,/pbr/sfw/sas/940/SASFoundation/9.4/sasexe,UWFJDATE,JDATESMW,F,U,6.0,0.0,200.0,0.0,15.0,0.0
,,/pbr/sfw/sas/940/SASFoundation/9.4/sasexe,UWFJDATE,JDATEWK,F,U,3.0,0.0,200.0,0.0,6.0,0.0
,,/pbr/sfw/sas/940/SASFoundation/9.4/sasexe,UWFJDATE,JDATEYDW,F,U,27.0,0.0,200.0,0.0,27.0,0.0
,,/pbr/sfw/sas/940/SASFoundation/9.4/sasexe,UWFJDATE,JDATEYM,F,U,10.0,0.0,200.0,0.0,10.0,0.0
,,/pbr/sfw/sas/940/SASFoundation/9.4/sasexe,UWFJDATE,JDATEYMD,F,U,15.0,0.0,200.0,0.0,15.0,0.0
,,/pbr/sfw/sas/940/SASFoundation/9.4/sasexe,UWIJDATE,JDATEYMD,I,U,15.0,0.0,200.0,0.0,15.0,0.0
,,/pbr/sfw/sas/940/SASFoundation/9.4/sasexe,UWFJDATE,JDATEYMW,F,U,18.0,0.0,200.0,0.0,18.0,0.0
,,/pbr/sfw/sas/940/SASFoundation/9.4/sasexe,UWFJDATE,JDATEYT,F,U,14.0,0.0,200.0,0.0,26.0,0.0
,,/pbr/sfw/sas/940/SASFoundation/9.4/sasexe,UWFJDATE,JDATEYTW,F,U,43.0,0.0,200.0,0.0,46.0,0.0
,,/pbr/sfw/sas/940/SASFoundation/9.4/sasexe,UWFJNENG,JNENGO,F,U,6.0,0.0,200.0,3.0,21.0,0.0
,,/pbr/sfw/sas/940/SASFoundation/9.4/sasexe,UWIJNENG,JNENGO,I,U,21.0,0.0,32.0,0.0,21.0,0.0
,,/pbr/sfw/sas/940/SASFoundation/9.4/sasexe,UWFJNENG,JNENGOT,F,U,27.0,0.0,200.0,3.0,32.0,0.0
,,/pbr/sfw/sas/940/SASFoundation/9.4/sasexe,UWFJNENG,JNENGOTW,F,U,49.0,0.0,200.0,3.0,52.0,0.0
,,/pbr/sfw/sas/940/SASFoundation/9.4/sasexe,UWFJNENG,JNENGOW,F,U,6.0,0.0,200.0,3.0,33.0,0.0
,,/pbr/sfw/sas/940/SASFoundation/9.4/sasexe,UWFJTIME,JTIMEH,F,U,5.0,0.0,200.0,0.0,5.0,0.0
,,/pbr/sfw/sas/940/SASFoundation/9.4/sasexe,UWFJTIME,JTIMEHM,F,U,10.0,0.0,200.0,0.0,10.0,0.0
,,/pbr/sfw/sas/940/SASFoundation/9.4/sasexe,UWFJTIME,JTIMEHMS,F,U,15.0,0.0,200.0,0.0,15.0,0.0
,,/pbr/sfw/sas/940/SASFoundation/9.4/sasexe,UWFJTIME,JTIMEHW,F,U,9.0,0.0,200.0,0.0,9.0,0.0
,,/pbr/sfw/sas/940/SASFoundation/9.4/sasexe,UWFJTIME,JTIMEMW,F,U,18.0,0.0,200.0,0.0,18.0,0.0
,,/pbr/sfw/sas/940/SASFoundation/9.4/sasexe,UWFJTIME,JTIMESW,F,U,27.0,0.0,200.0,0.0,27.0,0.0
,,,,JULDATE,F,B,5.0,0.0,32.0,31.0,7.0,0.0
,,,,JULDAY,F,B,3.0,0.0,32.0,31.0,3.0,0.0
,,,,JULIAN,F,B,5.0,0.0,7.0,31.0,5.0,0.0
,,,,JULIAN,I,B,5.0,0.0,32.0,31.0,5.0,0.0
,,/pbr/sfw/sas/940/SASFoundation/9.4/sasexe,UWFLOGPR,LOGPROB,F,U,4.0,0.0,32.0,0.0,5.0,0.0
,,/pbr/sfw/sas/940/SASFoundation/9.4/sasexe,UWFMACDF,MACDFDD,F,U,2.0,0.0,10.0,0.0,8.0,0.0
,,/pbr/sfw/sas/940/SASFoundation/9.4/sasexe,UWFMACDF,MACDFDE,F,U,5.0,0.0,18.0,0.0,14.0,0.0
,,/pbr/sfw/sas/940/SASFoundation/9.4/sasexe,UWIMACDF,MACDFDE,I,U,7.0,0.0,32.0,0.0,7.0,0.0
,,/pbr/sfw/sas/940/SASFoundation/9.4/sasexe,UWFMACDF,MACDFDN,F,U,1.0,0.0,64.0,0.0,2.0,0.0
,,/pbr/sfw/sas/940/SASFoundation/9.4/sasexe,UWFMACDF,MACDFDT,F,U,7.0,0.0,80.0,39.0,32.0,0.0
,,/pbr/sfw/sas/940/SASFoundation/9.4/sasexe,UWIMACDF,MACDFDT,I,U,13.0,0.0,40.0,39.0,18.0,0.0
,,/pbr/sfw/sas/940/SASFoundation/9.4/sasexe,UWFMACDF,MACDFDWN,F,U,1.0,0.0,64.0,0.0,20.0,0.0
,,/pbr/sfw/sas/940/SASFoundation/9.4/sasexe,UWFMACDF,MACDFMN,F,U,1.0,0.0,64.0,0.0,18.0,0.0
,,/pbr/sfw/sas/940/SASFoundation/9.4/sasexe,UWFMACDF,MACDFMY,F,U,5.0,0.0,64.0,0.0,10.0,0.0
,,/pbr/sfw/sas/940/SASFoundation/9.4/sasexe,UWIMACDF,MACDFMY,I,U,5.0,0.0,32.0,0.0,5.0,0.0
,,/pbr/sfw/sas/940/SASFoundation/9.4/sasexe,UWFMACDF,MACDFWDX,F,U,3.0,0.0,80.0,0.0,34.0,0.0
,,/pbr/sfw/sas/940/SASFoundation/9.4/sasexe,UWFMACDF,MACDFWKX,F,U,3.0,0.0,80.0,0.0,58.0,0.0
,,,,MDYAMPM,F,B,8.0,0.0,40.0,39.0,19.0,0.0
,,,,MDYAMPM,I,B,8.0,0.0,40.0,39.0,19.0,0.0
,,/pbr/sfw/sas/940/SASFoundation/9.4/sasexe,UWFMINGU,MINGUO,F,U,1.0,0.0,10.0,0.0,8.0,0.0
,,/pbr/sfw/sas/940/SASFoundation/9.4/sasexe,UWIMINGU,MINGUO,I,U,6.0,0.0,10.0,0.0,6.0,0.0
,,,,MMDDYY,F,B,2.0,0.0,10.0,9.0,8.0,0.0
,,,,MMDDYY,I,B,6.0,0.0,32.0,31.0,6.0,0.0
,,,,MMDDYYB,F,B,2.0,0.0,10.0,9.0,8.0,0.0
,,,,MMDDYYC,F,B,2.0,0.0,10.0,9.0,8.0,0.0
,,,,MMDDYYD,F,B,2.0,0.0,10.0,9.0,8.0,0.0
,,,,MMDDYYN,F,B,2.0,0.0,8.0,7.0,8.0,0.0
,,,,MMDDYYP,F,B,2.0,0.0,10.0,9.0,8.0,0.0
,,,,MMDDYYS,F,B,2.0,0.0,10.0,9.0,8.0,0.0
,,,,MMSS,F,B,2.0,0.0,20.0,19.0,5.0,0.0
,,,,MMYY,F,B,5.0,0.0,32.0,31.0,7.0,0.0
,,,,MMYYC,F,B,5.0,0.0,32.0,31.0,7.0,0.0
,,,,MMYYD,F,B,5.0,0.0,32.0,31.0,7.0,0.0
,,,,MMYYN,F,B,4.0,0.0,32.0,31.0,6.0,0.0
,,,,MMYYP,F,B,5.0,0.0,32.0,31.0,7.0,0.0
,,,,MMYYS,F,B,5.0,0.0,32.0,31.0,7.0,0.0
,,,,MONNAME,F,B,1.0,0.0,32.0,31.0,9.0,0.0
,,,,MONTH,F,B,1.0,0.0,32.0,31.0,2.0,0.0
,,,,MONYY,F,B,5.0,0.0,7.0,6.0,5.0,0.0
,,,,MONYY,I,B,5.0,0.0,32.0,31.0,5.0,0.0
,,/pbr/sfw/sas/940/SASFoundation/9.4/sasexe,UWFMRB,MRB,F,U,2.0,0.0,8.0,10.0,4.0,0.0
,,/pbr/sfw/sas/940/SASFoundation/9.4/sasexe,UWIMRB,MRB,I,U,2.0,0.0,8.0,10.0,4.0,0.0
,,,,MSEC,I,B,8.0,0.0,8.0,0.0,8.0,0.0
,,/pbr/sfw/sas/940/SASFoundation/9.4/sasexe,UWIND860,ND8601DA,I,U,4.0,0.0,10.0,0.0,10.0,0.0
,,/pbr/sfw/sas/940/SASFoundation/9.4/sasexe,UWIND860,ND8601DN,I,U,4.0,0.0,10.0,0.0,10.0,0.0
,,/pbr/sfw/sas/940/SASFoundation/9.4/sasexe,UWIND860,ND8601DT,I,U,4.0,0.0,26.0,6.0,19.0,0.0
,,/pbr/sfw/sas/940/SASFoundation/9.4/sasexe,UWIND860,ND8601DZ,I,U,15.0,0.0,35.0,6.0,26.0,0.0
,,/pbr/sfw/sas/940/SASFoundation/9.4/sasexe,UWIND860,ND8601TM,I,U,2.0,0.0,15.0,6.0,8.0,0.0
,,/pbr/sfw/sas/940/SASFoundation/9.4/sasexe,UWIND860,ND8601TZ,I,U,7.0,0.0,20.0,6.0,14.0,0.0
,,,,NEGPAREN,F,B,1.0,0.0,32.0,31.0,6.0,0.0
,,,,NEGPAREN,I,B,3.0,0.0,32.0,31.0,6.0,0.0
,,,,NENGO,F,B,2.0,0.0,10.0,9.0,10.0,0.0
,,,,NENGO,I,B,7.0,0.0,32.0,31.0,10.0,0.0
,,/pbr/sfw/sas/940/SASFoundation/9.4/sasexe,UWFNLBES,NLBEST,F,U,1.0,0.0,32.0,31.0,12.0,0.0
,,/pbr/sfw/sas/940/SASFoundation/9.4/sasexe,UWFNLD,NLD,F,U,1.0,0.0,32.0,16.0,12.0,3.0
,,/pbr/sfw/sas/940/SASFoundation/9.4/sasexe,UWFNLDAT,NLDATE,F,U,10.0,0.0,200.0,0.0,20.0,0.0
,,/pbr/sfw/sas/940/SASFoundation/9.4/sasexe,UWINLDAT,NLDATE,I,U,10.0,0.0,200.0,0.0,10.0,0.0
,,,,NLDATEL,F,B,2.0,0.0,200.0,0.0,18.0,0.0
,,,,NLDATEM,F,B,2.0,0.0,200.0,0.0,14.0,0.0
,,/pbr/sfw/sas/940/SASFoundation/9.4/sasexe,UWFNLDAT,NLDATEMD,F,U,6.0,0.0,200.0,0.0,16.0,0.0
,,,,NLDATEMDL,F,B,5.0,0.0,200.0,0.0,12.0,0.0
,,,,NLDATEMDM,F,B,5.0,0.0,200.0,0.0,9.0,0.0
,,,,NLDATEMDS,F,B,5.0,0.0,200.0,0.0,5.0,0.0
,,,,NLDATEMN,F,B,4.0,0.0,200.0,0.0,9.0,0.0
,,,,NLDATES,F,B,2.0,0.0,200.0,0.0,10.0,0.0
,,,,NLDATEW,F,B,10.0,0.0,200.0,0.0,29.0,0.0
,,/pbr/sfw/sas/940/SASFoundation/9.4/sasexe,UWINLDAT,NLDATEW,I,U,16.0,0.0,200.0,0.0,20.0,0.0
,,,,NLDATEWN,F,B,4.0,0.0,200.0,0.0,9.0,0.0
,,/pbr/sfw/sas/940/SASFoundation/9.4/sasexe,UWFNLDAT,NLDATEYM,F,U,6.0,0.0,200.0,0.0,16.0,0.0
,,,,NLDATEYML,F,B,5.0,0.0,200.0,0.0,14.0,0.0
,,,,NLDATEYMM,F,B,5.0,0.0,200.0,0.0,11.0,0.0
,,,,NLDATEYMS,F,B,5.0,0.0,200.0,0.0,7.0,0.0
,,/pbr/sfw/sas/940/SASFoundation/9.4/sasexe,UWFNLDAT,NLDATEYQ,F,U,4.0,0.0,200.0,0.0,16.0,0.0
,,,,NLDATEYQL,F,B,4.0,0.0,200.0,0.0,18.0,0.0
,,,,NLDATEYQM,F,B,4.0,0.0,200.0,0.0,7.0,0.0
,,,,NLDATEYQS,F,B,4.0,0.0,200.0,0.0,6.0,0.0
,,/pbr/sfw/sas/940/SASFoundation/9.4/sasexe,UWFNLDAT,NLDATEYR,F,U,2.0,0.0,200.0,0.0,16.0,0.0
,,/pbr/sfw/sas/940/SASFoundation/9.4/sasexe,UWFNLDAT,NLDATEYW,F,U,5.0,0.0,200.0,0.0,16.0,0.0
,,/pbr/sfw/sas/940/SASFoundation/9.4/sasexe,UWFNLDAT,NLDATM,F,U,10.0,0.0,200.0,3.0,30.0,0.0
,,/pbr/sfw/sas/940/SASFoundation/9.4/sasexe,UWINLDAT,NLDATM,I,U,19.0,0.0,200.0,0.0,19.0,0.0
,,/pbr/sfw/sas/940/SASFoundation/9.4/sasexe,UWFNLDAT,NLDATMAP,F,U,16.0,0.0,200.0,3.0,32.0,0.0
,,/pbr/sfw/sas/940/SASFoundation/9.4/sasexe,UWINLDAT,NLDATMAP,I,U,17.0,0.0,200.0,0.0,32.0,0.0
,,,,NLDATMDT,F,B,10.0,0.0,200.0,0.0,18.0,0.0
,,,,NLDATML,F,B,9.0,0.0,200.0,3.0,30.0,0.0
,,,,NLDATMM,F,B,9.0,0.0,200.0,3.0,24.0,0.0
,,/pbr/sfw/sas/940/SASFoundation/9.4/sasexe,UWFNLDAT,NLDATMMD,F,U,6.0,0.0,200.0,0.0,16.0,0.0
,,,,NLDATMMDL,F,B,5.0,0.0,200.0,0.0,12.0,0.0
,,,,NLDATMMDM,F,B,5.0,0.0,200.0,0.0,9.0,0.0
,,,,NLDATMMDS,F,B,5.0,0.0,200.0,0.0,5.0,0.0
,,,,NLDATMMN,F,B,4.0,0.0,200.0,0.0,9.0,0.0
,,,,NLDATMS,F,B,9.0,0.0,200.0,3.0,19.0,0.0
,,/pbr/sfw/sas/940/SASFoundation/9.4/sasexe,UWFNLDAT,NLDATMTM,F,U,16.0,0.0,200.0,3.0,16.0,0.0
,,/pbr/sfw/sas/940/SASFoundation/9.4/sasexe,UWFNLDAT,NLDATMTZ,F,U,16.0,0.0,200.0,3.0,32.0,0.0
,,,,NLDATMW,F,B,16.0,0.0,200.0,3.0,41.0,0.0
,,/pbr/sfw/sas/940/SASFoundation/9.4/sasexe,UWINLDAT,NLDATMW,I,U,34.0,0.0,200.0,0.0,40.0,0.0
,,,,NLDATMWN,F,B,4.0,0.0,200.0,0.0,9.0,0.0
,,/pbr/sfw/sas/940/SASFoundation/9.4/sasexe,UWFNLDAT,NLDATMWZ,F,U,16.0,0.0,200.0,3.0,40.0,0.0
,,/pbr/sfw/sas/940/SASFoundation/9.4/sasexe,UWFNLDAT,NLDATMYM,F,U,6.0,0.0,200.0,0.0,16.0,0.0
,,,,NLDATMYML,F,B,5.0,0.0,200.0,0.0,14.0,0.0
,,,,NLDATMYMM,F,B,5.0,0.0,200.0,0.0,11.0,0.0
,,,,NLDATMYMS,F,B,5.0,0.0,200.0,0.0,7.0,0.0
,,/pbr/sfw/sas/940/SASFoundation/9.4/sasexe,UWFNLDAT,NLDATMYQ,F,U,4.0,0.0,200.0,0.0,16.0,0.0
,,,,NLDATMYQL,F,B,4.0,0.0,200.0,0.0,18.0,0.0
,,,,NLDATMYQM,F,B,4.0,0.0,200.0,0.0,7.0,0.0
,,,,NLDATMYQS,F,B,4.0,0.0,200.0,0.0,6.0,0.0
,,/pbr/sfw/sas/940/SASFoundation/9.4/sasexe,UWFNLDAT,NLDATMYR,F,U,2.0,0.0,200.0,0.0,16.0,0.0
,,/pbr/sfw/sas/940/SASFoundation/9.4/sasexe,UWFNLDAT,NLDATMYW,F,U,5.0,0.0,200.0,0.0,16.0,0.0
,,/pbr/sfw/sas/940/SASFoundation/9.4/sasexe,UWFNLDAT,NLDATMZ,F,U,16.0,0.0,200.0,3.0,40.0,0.0
,,/pbr/sfw/sas/940/SASFoundation/9.4/sasexe,UWFNLDDF,NLDDFDD,F,U,2.0,0.0,10.0,0.0,8.0,0.0
,,/pbr/sfw/sas/940/SASFoundation/9.4/sasexe,UWFNLDDF,NLDDFDE,F,U,5.0,0.0,18.0,0.0,14.0,0.0
,,/pbr/sfw/sas/940/SASFoundation/9.4/sasexe,UWINLDDF,NLDDFDE,I,U,7.0,0.0,32.0,0.0,7.0,0.0
,,/pbr/sfw/sas/940/SASFoundation/9.4/sasexe,UWFNLDDF,NLDDFDN,F,U,1.0,0.0,64.0,0.0,2.0,0.0
,,/pbr/sfw/sas/940/SASFoundation/9.4/sasexe,UWFNLDDF,NLDDFDT,F,U,7.0,0.0,80.0,39.0,32.0,0.0
,,/pbr/sfw/sas/940/SASFoundation/9.4/sasexe,UWINLDDF,NLDDFDT,I,U,13.0,0.0,40.0,39.0,18.0,0.0
,,/pbr/sfw/sas/940/SASFoundation/9.4/sasexe,UWFNLDDF,NLDDFDWN,F,U,1.0,0.0,64.0,0.0,18.0,0.0
,,/pbr/sfw/sas/940/SASFoundation/9.4/sasexe,UWFNLDDF,NLDDFMN,F,U,1.0,0.0,64.0,0.0,18.0,0.0
,,/pbr/sfw/sas/940/SASFoundation/9.4/sasexe,UWFNLDDF,NLDDFMY,F,U,5.0,0.0,14.0,0.0,10.0,0.0
,,/pbr/sfw/sas/940/SASFoundation/9.4/sasexe,UWINLDDF,NLDDFMY,I,U,5.0,0.0,32.0,0.0,5.0,0.0
,,/pbr/sfw/sas/940/SASFoundation/9.4/sasexe,UWFNLDDF,NLDDFWDX,F,U,3.0,0.0,74.0,0.0,58.0,0.0
,,/pbr/sfw/sas/940/SASFoundation/9.4/sasexe,UWFNLDDF,NLDDFWKX,F,U,2.0,0.0,76.0,0.0,56.0,0.0
,,/pbr/sfw/sas/940/SASFoundation/9.4/sasexe,UWFNLMNI,NLMNIAED,F,U,8.0,0.0,32.0,28.0,12.0,3.0
,,/pbr/sfw/sas/940/SASFoundation/9.4/sasexe,UWINLMNI,NLMNIAED,I,U,8.0,0.0,32.0,28.0,12.0,3.0
,,/pbr/sfw/sas/940/SASFoundation/9.4/sasexe,UWFNLMNI,NLMNIAUD,F,U,8.0,0.0,32.0,28.0,12.0,2.0
,,/pbr/sfw/sas/940/SASFoundation/9.4/sasexe,UWINLMNI,NLMNIAUD,I,U,8.0,0.0,32.0,28.0,12.0,2.0
,,/pbr/sfw/sas/940/SASFoundation/9.4/sasexe,UWFNLMNI,NLMNIBGN,F,U,8.0,0.0,32.0,28.0,12.0,2.0
,,/pbr/sfw/sas/940/SASFoundation/9.4/sasexe,UWINLMNI,NLMNIBGN,I,U,8.0,0.0,32.0,28.0,12.0,2.0
,,/pbr/sfw/sas/940/SASFoundation/9.4/sasexe,UWFNLMNI,NLMNIBRL,F,U,8.0,0.0,32.0,28.0,12.0,2.0
,,/pbr/sfw/sas/940/SASFoundation/9.4/sasexe,UWINLMNI,NLMNIBRL,I,U,8.0,0.0,32.0,28.0,12.0,2.0
,,/pbr/sfw/sas/940/SASFoundation/9.4/sasexe,UWFNLMNI,NLMNICAD,F,U,8.0,0.0,32.0,28.0,12.0,2.0
,,/pbr/sfw/sas/940/SASFoundation/9.4/sasexe,UWINLMNI,NLMNICAD,I,U,8.0,0.0,32.0,28.0,12.0,2.0
,,/pbr/sfw/sas/940/SASFoundation/9.4/sasexe,UWFNLMNI,NLMNICHF,F,U,8.0,0.0,32.0,28.0,12.0,2.0
,,/pbr/sfw/sas/940/SASFoundation/9.4/sasexe,UWINLMNI,NLMNICHF,I,U,8.0,0.0,32.0,28.0,12.0,2.0
,,/pbr/sfw/sas/940/SASFoundation/9.4/sasexe,UWFNLMNI,NLMNICNY,F,U,8.0,0.0,32.0,28.0,12.0,2.0
,,/pbr/sfw/sas/940/SASFoundation/9.4/sasexe,UWINLMNI,NLMNICNY,I,U,8.0,0.0,32.0,28.0,12.0,2.0
,,/pbr/sfw/sas/940/SASFoundation/9.4/sasexe,UWFNLMNI,NLMNICZK,F,U,8.0,0.0,32.0,28.0,12.0,4.0
,,/pbr/sfw/sas/940/SASFoundation/9.4/sasexe,UWINLMNI,NLMNICZK,I,U,8.0,0.0,32.0,28.0,12.0,4.0
,,/pbr/sfw/sas/940/SASFoundation/9.4/sasexe,UWFNLMNI,NLMNIDKK,F,U,8.0,0.0,32.0,28.0,12.0,2.0
,,/pbr/sfw/sas/940/SASFoundation/9.4/sasexe,UWINLMNI,NLMNIDKK,I,U,8.0,0.0,32.0,28.0,12.0,2.0
,,/pbr/sfw/sas/940/SASFoundation/9.4/sasexe,UWFNLMNI,NLMNIEEK,F,U,8.0,0.0,32.0,28.0,12.0,4.0
,,/pbr/sfw/sas/940/SASFoundation/9.4/sasexe,UWINLMNI,NLMNIEEK,I,U,8.0,0.0,32.0,28.0,12.0,4.0
,,/pbr/sfw/sas/940/SASFoundation/9.4/sasexe,UWFNLMNI,NLMNIEGP,F,U,8.0,0.0,32.0,28.0,12.0,3.0
,,/pbr/sfw/sas/940/SASFoundation/9.4/sasexe,UWINLMNI,NLMNIEGP,I,U,8.0,0.0,32.0,28.0,12.0,3.0
,,/pbr/sfw/sas/940/SASFoundation/9.4/sasexe,UWFNLMNI,NLMNIEUR,F,U,8.0,0.0,32.0,28.0,12.0,2.0
,,/pbr/sfw/sas/940/SASFoundation/9.4/sasexe,UWINLMNI,NLMNIEUR,I,U,8.0,0.0,32.0,28.0,12.0,2.0
,,/pbr/sfw/sas/940/SASFoundation/9.4/sasexe,UWFNLMNI,NLMNIGBP,F,U,8.0,0.0,32.0,28.0,12.0,2.0
,,/pbr/sfw/sas/940/SASFoundation/9.4/sasexe,UWINLMNI,NLMNIGBP,I,U,8.0,0.0,32.0,28.0,12.0,2.0
,,/pbr/sfw/sas/940/SASFoundation/9.4/sasexe,UWFNLMNI,NLMNIHKD,F,U,8.0,0.0,32.0,28.0,12.0,2.0
,,/pbr/sfw/sas/940/SASFoundation/9.4/sasexe,UWINLMNI,NLMNIHKD,I,U,8.0,0.0,32.0,28.0,12.0,2.0
,,/pbr/sfw/sas/940/SASFoundation/9.4/sasexe,UWFNLMNI,NLMNIHRK,F,U,8.0,0.0,32.0,28.0,12.0,2.0
,,/pbr/sfw/sas/940/SASFoundation/9.4/sasexe,UWINLMNI,NLMNIHRK,I,U,8.0,0.0,32.0,28.0,12.0,2.0
,,/pbr/sfw/sas/940/SASFoundation/9.4/sasexe,UWFNLMNI,NLMNIHUF,F,U,8.0,0.0,32.0,28.0,12.0,2.0
,,/pbr/sfw/sas/940/SASFoundation/9.4/sasexe,UWINLMNI,NLMNIHUF,I,U,8.0,0.0,32.0,28.0,12.0,2.0
,,/pbr/sfw/sas/940/SASFoundation/9.4/sasexe,UWFNLMNI,NLMNIIDR,F,U,8.0,0.0,32.0,28.0,12.0,2.0
,,/pbr/sfw/sas/940/SASFoundation/9.4/sasexe,UWINLMNI,NLMNIIDR,I,U,8.0,0.0,32.0,28.0,12.0,2.0
,,/pbr/sfw/sas/940/SASFoundation/9.4/sasexe,UWFNLMNI,NLMNIILS,F,U,8.0,0.0,32.0,28.0,12.0,4.0
,,/pbr/sfw/sas/940/SASFoundation/9.4/sasexe,UWINLMNI,NLMNIILS,I,U,8.0,0.0,32.0,28.0,12.0,4.0
,,/pbr/sfw/sas/940/SASFoundation/9.4/sasexe,UWFNLMNI,NLMNIINR,F,U,8.0,0.0,32.0,28.0,12.0,2.0
,,/pbr/sfw/sas/940/SASFoundation/9.4/sasexe,UWINLMNI,NLMNIINR,I,U,8.0,0.0,32.0,28.0,12.0,2.0
,,/pbr/sfw/sas/940/SASFoundation/9.4/sasexe,UWFNLMNI,NLMNIJPY,F,U,8.0,0.0,32.0,28.0,12.0,0.0
,,/pbr/sfw/sas/940/SASFoundation/9.4/sasexe,UWINLMNI,NLMNIJPY,I,U,8.0,0.0,32.0,28.0,12.0,0.0
,,/pbr/sfw/sas/940/SASFoundation/9.4/sasexe,UWFNLMNI,NLMNIKRW,F,U,8.0,0.0,32.0,28.0,12.0,0.0
,,/pbr/sfw/sas/940/SASFoundation/9.4/sasexe,UWINLMNI,NLMNIKRW,I,U,8.0,0.0,32.0,28.0,12.0,0.0
,,/pbr/sfw/sas/940/SASFoundation/9.4/sasexe,UWFNLMNI,NLMNILTL,F,U,8.0,0.0,32.0,28.0,12.0,4.0
,,/pbr/sfw/sas/940/SASFoundation/9.4/sasexe,UWINLMNI,NLMNILTL,I,U,8.0,0.0,32.0,28.0,12.0,4.0
,,/pbr/sfw/sas/940/SASFoundation/9.4/sasexe,UWFNLMNI,NLMNILVL,F,U,8.0,0.0,32.0,28.0,12.0,4.0
,,/pbr/sfw/sas/940/SASFoundation/9.4/sasexe,UWINLMNI,NLMNILVL,I,U,8.0,0.0,32.0,28.0,12.0,4.0
,,/pbr/sfw/sas/940/SASFoundation/9.4/sasexe,UWFNLMNI,NLMNIMOP,F,U,8.0,0.0,32.0,28.0,12.0,2.0
,,/pbr/sfw/sas/940/SASFoundation/9.4/sasexe,UWINLMNI,NLMNIMOP,I,U,8.0,0.0,32.0,28.0,12.0,2.0
,,/pbr/sfw/sas/940/SASFoundation/9.4/sasexe,UWFNLMNI,NLMNIMXN,F,U,8.0,0.0,32.0,28.0,12.0,2.0
,,/pbr/sfw/sas/940/SASFoundation/9.4/sasexe,UWINLMNI,NLMNIMXN,I,U,8.0,0.0,32.0,28.0,12.0,2.0
,,/pbr/sfw/sas/940/SASFoundation/9.4/sasexe,UWFNLMNI,NLMNIMYR,F,U,8.0,0.0,32.0,28.0,12.0,2.0
,,/pbr/sfw/sas/940/SASFoundation/9.4/sasexe,UWINLMNI,NLMNIMYR,I,U,8.0,0.0,32.0,28.0,12.0,2.0
,,/pbr/sfw/sas/940/SASFoundation/9.4/sasexe,UWFNLMNI,NLMNINOK,F,U,8.0,0.0,32.0,28.0,12.0,2.0
,,/pbr/sfw/sas/940/SASFoundation/9.4/sasexe,UWINLMNI,NLMNINOK,I,U,8.0,0.0,32.0,28.0,12.0,2.0
,,/pbr/sfw/sas/940/SASFoundation/9.4/sasexe,UWFNLMNI,NLMNINZD,F,U,8.0,0.0,32.0,28.0,12.0,2.0
,,/pbr/sfw/sas/940/SASFoundation/9.4/sasexe,UWINLMNI,NLMNINZD,I,U,8.0,0.0,32.0,28.0,12.0,2.0
,,/pbr/sfw/sas/940/SASFoundation/9.4/sasexe,UWFNLMNI,NLMNIPLN,F,U,8.0,0.0,32.0,28.0,12.0,2.0
,,/pbr/sfw/sas/940/SASFoundation/9.4/sasexe,UWINLMNI,NLMNIPLN,I,U,8.0,0.0,32.0,28.0,12.0,2.0
,,/pbr/sfw/sas/940/SASFoundation/9.4/sasexe,UWFNLMNI,NLMNIROL,F,U,8.0,0.0,32.0,28.0,12.0,4.0
,,/pbr/sfw/sas/940/SASFoundation/9.4/sasexe,UWINLMNI,NLMNIROL,I,U,8.0,0.0,32.0,28.0,12.0,4.0
,,/pbr/sfw/sas/940/SASFoundation/9.4/sasexe,UWFNLMNI,NLMNIRUB,F,U,8.0,0.0,32.0,28.0,12.0,2.0
,,/pbr/sfw/sas/940/SASFoundation/9.4/sasexe,UWINLMNI,NLMNIRUB,I,U,8.0,0.0,32.0,28.0,12.0,2.0
,,/pbr/sfw/sas/940/SASFoundation/9.4/sasexe,UWFNLMNI,NLMNIRUR,F,U,8.0,0.0,32.0,28.0,12.0,2.0
,,/pbr/sfw/sas/940/SASFoundation/9.4/sasexe,UWINLMNI,NLMNIRUR,I,U,8.0,0.0,32.0,28.0,12.0,2.0
,,/pbr/sfw/sas/940/SASFoundation/9.4/sasexe,UWFNLMNI,NLMNISEK,F,U,8.0,0.0,32.0,28.0,12.0,2.0
,,/pbr/sfw/sas/940/SASFoundation/9.4/sasexe,UWINLMNI,NLMNISEK,I,U,8.0,0.0,32.0,28.0,12.0,2.0
,,/pbr/sfw/sas/940/SASFoundation/9.4/sasexe,UWFNLMNI,NLMNISGD,F,U,8.0,0.0,32.0,28.0,12.0,2.0
,,/pbr/sfw/sas/940/SASFoundation/9.4/sasexe,UWINLMNI,NLMNISGD,I,U,8.0,0.0,32.0,28.0,12.0,2.0
,,/pbr/sfw/sas/940/SASFoundation/9.4/sasexe,UWFNLMNI,NLMNISKK,F,U,8.0,0.0,32.0,28.0,12.0,4.0
,,/pbr/sfw/sas/940/SASFoundation/9.4/sasexe,UWINLMNI,NLMNISKK,I,U,8.0,0.0,32.0,28.0,12.0,4.0
,,/pbr/sfw/sas/940/SASFoundation/9.4/sasexe,UWFNLMNI,NLMNITHB,F,U,8.0,0.0,32.0,28.0,12.0,2.0
,,/pbr/sfw/sas/940/SASFoundation/9.4/sasexe,UWINLMNI,NLMNITHB,I,U,8.0,0.0,32.0,28.0,12.0,2.0
,,/pbr/sfw/sas/940/SASFoundation/9.4/sasexe,UWFNLMNI,NLMNITRY,F,U,8.0,0.0,32.0,28.0,12.0,4.0
,,/pbr/sfw/sas/940/SASFoundation/9.4/sasexe,UWINLMNI,NLMNITRY,I,U,8.0,0.0,32.0,28.0,12.0,4.0
,,/pbr/sfw/sas/940/SASFoundation/9.4/sasexe,UWFNLMNI,NLMNITWD,F,U,8.0,0.0,32.0,28.0,12.0,2.0
,,/pbr/sfw/sas/940/SASFoundation/9.4/sasexe,UWINLMNI,NLMNITWD,I,U,8.0,0.0,32.0,28.0,12.0,2.0
,,/pbr/sfw/sas/940/SASFoundation/9.4/sasexe,UWFNLMNI,NLMNIUSD,F,U,8.0,0.0,32.0,28.0,12.0,2.0
,,/pbr/sfw/sas/940/SASFoundation/9.4/sasexe,UWINLMNI,NLMNIUSD,I,U,8.0,0.0,32.0,28.0,12.0,2.0
,,/pbr/sfw/sas/940/SASFoundation/9.4/sasexe,UWFNLMNI,NLMNIZAR,F,U,8.0,0.0,32.0,28.0,12.0,2.0
,,/pbr/sfw/sas/940/SASFoundation/9.4/sasexe,UWINLMNI,NLMNIZAR,I,U,8.0,0.0,32.0,28.0,12.0,2.0
,,/pbr/sfw/sas/940/SASFoundation/9.4/sasexe,UWFNLMNL,NLMNLAED,F,U,8.0,0.0,32.0,28.0,12.0,3.0
,,/pbr/sfw/sas/940/SASFoundation/9.4/sasexe,UWINLMNL,NLMNLAED,I,U,8.0,0.0,32.0,28.0,12.0,3.0
,,/pbr/sfw/sas/940/SASFoundation/9.4/sasexe,UWFNLMNL,NLMNLAUD,F,U,8.0,0.0,32.0,28.0,12.0,2.0
,,/pbr/sfw/sas/940/SASFoundation/9.4/sasexe,UWINLMNL,NLMNLAUD,I,U,8.0,0.0,32.0,28.0,12.0,2.0
,,/pbr/sfw/sas/940/SASFoundation/9.4/sasexe,UWFNLMNL,NLMNLBGN,F,U,8.0,0.0,32.0,28.0,12.0,2.0
,,/pbr/sfw/sas/940/SASFoundation/9.4/sasexe,UWINLMNL,NLMNLBGN,I,U,8.0,0.0,32.0,28.0,12.0,2.0
,,/pbr/sfw/sas/940/SASFoundation/9.4/sasexe,UWFNLMNL,NLMNLBRL,F,U,8.0,0.0,32.0,28.0,12.0,2.0
,,/pbr/sfw/sas/940/SASFoundation/9.4/sasexe,UWINLMNL,NLMNLBRL,I,U,8.0,0.0,32.0,28.0,12.0,2.0
,,/pbr/sfw/sas/940/SASFoundation/9.4/sasexe,UWFNLMNL,NLMNLCAD,F,U,8.0,0.0,32.0,28.0,12.0,2.0
,,/pbr/sfw/sas/940/SASFoundation/9.4/sasexe,UWINLMNL,NLMNLCAD,I,U,8.0,0.0,32.0,28.0,12.0,2.0
,,/pbr/sfw/sas/940/SASFoundation/9.4/sasexe,UWFNLMNL,NLMNLCHF,F,U,8.0,0.0,32.0,28.0,12.0,2.0
,,/pbr/sfw/sas/940/SASFoundation/9.4/sasexe,UWINLMNL,NLMNLCHF,I,U,8.0,0.0,32.0,28.0,12.0,2.0
,,/pbr/sfw/sas/940/SASFoundation/9.4/sasexe,UWFNLMNL,NLMNLCNY,F,U,8.0,0.0,32.0,28.0,12.0,2.0
,,/pbr/sfw/sas/940/SASFoundation/9.4/sasexe,UWINLMNL,NLMNLCNY,I,U,8.0,0.0,32.0,28.0,12.0,2.0
,,/pbr/sfw/sas/940/SASFoundation/9.4/sasexe,UWFNLMNL,NLMNLCZK,F,U,8.0,0.0,32.0,28.0,12.0,4.0
,,/pbr/sfw/sas/940/SASFoundation/9.4/sasexe,UWINLMNL,NLMNLCZK,I,U,8.0,0.0,32.0,28.0,12.0,4.0
,,/pbr/sfw/sas/940/SASFoundation/9.4/sasexe,UWFNLMNL,NLMNLDKK,F,U,8.0,0.0,32.0,28.0,12.0,2.0
,,/pbr/sfw/sas/940/SASFoundation/9.4/sasexe,UWINLMNL,NLMNLDKK,I,U,8.0,0.0,32.0,28.0,12.0,2.0
,,/pbr/sfw/sas/940/SASFoundation/9.4/sasexe,UWFNLMNL,NLMNLEEK,F,U,8.0,0.0,32.0,28.0,12.0,4.0
,,/pbr/sfw/sas/940/SASFoundation/9.4/sasexe,UWINLMNL,NLMNLEEK,I,U,8.0,0.0,32.0,28.0,12.0,4.0
,,/pbr/sfw/sas/940/SASFoundation/9.4/sasexe,UWFNLMNL,NLMNLEGP,F,U,8.0,0.0,32.0,28.0,12.0,3.0
,,/pbr/sfw/sas/940/SASFoundation/9.4/sasexe,UWINLMNL,NLMNLEGP,I,U,8.0,0.0,32.0,28.0,12.0,3.0
,,/pbr/sfw/sas/940/SASFoundation/9.4/sasexe,UWFNLMNL,NLMNLEUR,F,U,8.0,0.0,32.0,28.0,12.0,2.0
,,/pbr/sfw/sas/940/SASFoundation/9.4/sasexe,UWINLMNL,NLMNLEUR,I,U,8.0,0.0,32.0,28.0,12.0,2.0
,,/pbr/sfw/sas/940/SASFoundation/9.4/sasexe,UWFNLMNL,NLMNLGBP,F,U,8.0,0.0,32.0,28.0,12.0,2.0
,,/pbr/sfw/sas/940/SASFoundation/9.4/sasexe,UWINLMNL,NLMNLGBP,I,U,8.0,0.0,32.0,28.0,12.0,2.0
,,/pbr/sfw/sas/940/SASFoundation/9.4/sasexe,UWFNLMNL,NLMNLHKD,F,U,8.0,0.0,32.0,28.0,12.0,2.0
,,/pbr/sfw/sas/940/SASFoundation/9.4/sasexe,UWINLMNL,NLMNLHKD,I,U,8.0,0.0,32.0,28.0,12.0,2.0
,,/pbr/sfw/sas/940/SASFoundation/9.4/sasexe,UWFNLMNL,NLMNLHRK,F,U,8.0,0.0,32.0,28.0,12.0,2.0
,,/pbr/sfw/sas/940/SASFoundation/9.4/sasexe,UWINLMNL,NLMNLHRK,I,U,8.0,0.0,32.0,28.0,12.0,2.0
,,/pbr/sfw/sas/940/SASFoundation/9.4/sasexe,UWFNLMNL,NLMNLHUF,F,U,8.0,0.0,32.0,28.0,12.0,2.0
,,/pbr/sfw/sas/940/SASFoundation/9.4/sasexe,UWINLMNL,NLMNLHUF,I,U,8.0,0.0,32.0,28.0,12.0,2.0
,,/pbr/sfw/sas/940/SASFoundation/9.4/sasexe,UWFNLMNL,NLMNLIDR,F,U,8.0,0.0,32.0,28.0,12.0,2.0
,,/pbr/sfw/sas/940/SASFoundation/9.4/sasexe,UWINLMNL,NLMNLIDR,I,U,8.0,0.0,32.0,28.0,12.0,2.0
,,/pbr/sfw/sas/940/SASFoundation/9.4/sasexe,UWFNLMNL,NLMNLILS,F,U,8.0,0.0,32.0,28.0,12.0,4.0
,,/pbr/sfw/sas/940/SASFoundation/9.4/sasexe,UWINLMNL,NLMNLILS,I,U,8.0,0.0,32.0,28.0,12.0,4.0
,,/pbr/sfw/sas/940/SASFoundation/9.4/sasexe,UWFNLMNL,NLMNLINR,F,U,8.0,0.0,32.0,28.0,12.0,2.0
,,/pbr/sfw/sas/940/SASFoundation/9.4/sasexe,UWINLMNL,NLMNLINR,I,U,8.0,0.0,32.0,28.0,12.0,2.0
,,/pbr/sfw/sas/940/SASFoundation/9.4/sasexe,UWFNLMNL,NLMNLJPY,F,U,8.0,0.0,32.0,28.0,12.0,0.0
,,/pbr/sfw/sas/940/SASFoundation/9.4/sasexe,UWINLMNL,NLMNLJPY,I,U,8.0,0.0,32.0,28.0,12.0,0.0
,,/pbr/sfw/sas/940/SASFoundation/9.4/sasexe,UWFNLMNL,NLMNLKRW,F,U,8.0,0.0,32.0,28.0,12.0,0.0
,,/pbr/sfw/sas/940/SASFoundation/9.4/sasexe,UWINLMNL,NLMNLKRW,I,U,8.0,0.0,32.0,28.0,12.0,0.0
,,/pbr/sfw/sas/940/SASFoundation/9.4/sasexe,UWFNLMNL,NLMNLLTL,F,U,8.0,0.0,32.0,28.0,12.0,4.0
,,/pbr/sfw/sas/940/SASFoundation/9.4/sasexe,UWINLMNL,NLMNLLTL,I,U,8.0,0.0,32.0,28.0,12.0,4.0
,,/pbr/sfw/sas/940/SASFoundation/9.4/sasexe,UWFNLMNL,NLMNLLVL,F,U,8.0,0.0,32.0,28.0,12.0,4.0
,,/pbr/sfw/sas/940/SASFoundation/9.4/sasexe,UWINLMNL,NLMNLLVL,I,U,8.0,0.0,32.0,28.0,12.0,4.0
,,/pbr/sfw/sas/940/SASFoundation/9.4/sasexe,UWFNLMNL,NLMNLMOP,F,U,8.0,0.0,32.0,28.0,12.0,2.0
,,/pbr/sfw/sas/940/SASFoundation/9.4/sasexe,UWINLMNL,NLMNLMOP,I,U,8.0,0.0,32.0,28.0,12.0,2.0
,,/pbr/sfw/sas/940/SASFoundation/9.4/sasexe,UWFNLMNL,NLMNLMXN,F,U,8.0,0.0,32.0,28.0,12.0,2.0
,,/pbr/sfw/sas/940/SASFoundation/9.4/sasexe,UWINLMNL,NLMNLMXN,I,U,8.0,0.0,32.0,28.0,12.0,2.0
,,/pbr/sfw/sas/940/SASFoundation/9.4/sasexe,UWFNLMNL,NLMNLMYR,F,U,8.0,0.0,32.0,28.0,12.0,2.0
,,/pbr/sfw/sas/940/SASFoundation/9.4/sasexe,UWINLMNL,NLMNLMYR,I,U,8.0,0.0,32.0,28.0,12.0,2.0
,,/pbr/sfw/sas/940/SASFoundation/9.4/sasexe,UWFNLMNL,NLMNLNOK,F,U,8.0,0.0,32.0,28.0,12.0,2.0
,,/pbr/sfw/sas/940/SASFoundation/9.4/sasexe,UWINLMNL,NLMNLNOK,I,U,8.0,0.0,32.0,28.0,12.0,2.0
,,/pbr/sfw/sas/940/SASFoundation/9.4/sasexe,UWFNLMNL,NLMNLNZD,F,U,8.0,0.0,32.0,28.0,12.0,2.0
,,/pbr/sfw/sas/940/SASFoundation/9.4/sasexe,UWINLMNL,NLMNLNZD,I,U,8.0,0.0,32.0,28.0,12.0,2.0
,,/pbr/sfw/sas/940/SASFoundation/9.4/sasexe,UWFNLMNL,NLMNLPLN,F,U,8.0,0.0,32.0,28.0,12.0,2.0
,,/pbr/sfw/sas/940/SASFoundation/9.4/sasexe,UWINLMNL,NLMNLPLN,I,U,8.0,0.0,32.0,28.0,12.0,2.0
,,/pbr/sfw/sas/940/SASFoundation/9.4/sasexe,UWFNLMNL,NLMNLROL,F,U,8.0,0.0,32.0,28.0,12.0,4.0
,,/pbr/sfw/sas/940/SASFoundation/9.4/sasexe,UWINLMNL,NLMNLROL,I,U,8.0,0.0,32.0,28.0,12.0,4.0
,,/pbr/sfw/sas/940/SASFoundation/9.4/sasexe,UWFNLMNL,NLMNLRUB,F,U,8.0,0.0,32.0,28.0,12.0,2.0
,,/pbr/sfw/sas/940/SASFoundation/9.4/sasexe,UWINLMNL,NLMNLRUB,I,U,8.0,0.0,32.0,28.0,12.0,2.0
,,/pbr/sfw/sas/940/SASFoundation/9.4/sasexe,UWFNLMNL,NLMNLRUR,F,U,8.0,0.0,32.0,28.0,12.0,2.0
,,/pbr/sfw/sas/940/SASFoundation/9.4/sasexe,UWINLMNL,NLMNLRUR,I,U,8.0,0.0,32.0,28.0,12.0,2.0
,,/pbr/sfw/sas/940/SASFoundation/9.4/sasexe,UWFNLMNL,NLMNLSEK,F,U,8.0,0.0,32.0,28.0,12.0,2.0
,,/pbr/sfw/sas/940/SASFoundation/9.4/sasexe,UWINLMNL,NLMNLSEK,I,U,8.0,0.0,32.0,28.0,12.0,2.0
,,/pbr/sfw/sas/940/SASFoundation/9.4/sasexe,UWFNLMNL,NLMNLSGD,F,U,8.0,0.0,32.0,28.0,12.0,2.0
,,/pbr/sfw/sas/940/SASFoundation/9.4/sasexe,UWINLMNL,NLMNLSGD,I,U,8.0,0.0,32.0,28.0,12.0,2.0
,,/pbr/sfw/sas/940/SASFoundation/9.4/sasexe,UWFNLMNL,NLMNLSKK,F,U,8.0,0.0,32.0,28.0,12.0,4.0
,,/pbr/sfw/sas/940/SASFoundation/9.4/sasexe,UWINLMNL,NLMNLSKK,I,U,8.0,0.0,32.0,28.0,12.0,4.0
,,/pbr/sfw/sas/940/SASFoundation/9.4/sasexe,UWFNLMNL,NLMNLTHB,F,U,8.0,0.0,32.0,28.0,12.0,2.0
,,/pbr/sfw/sas/940/SASFoundation/9.4/sasexe,UWINLMNL,NLMNLTHB,I,U,8.0,0.0,32.0,28.0,12.0,2.0
,,/pbr/sfw/sas/940/SASFoundation/9.4/sasexe,UWFNLMNL,NLMNLTRY,F,U,8.0,0.0,32.0,28.0,12.0,4.0
,,/pbr/sfw/sas/940/SASFoundation/9.4/sasexe,UWINLMNL,NLMNLTRY,I,U,8.0,0.0,32.0,28.0,12.0,4.0
,,/pbr/sfw/sas/940/SASFoundation/9.4/sasexe,UWFNLMNL,NLMNLTWD,F,U,8.0,0.0,32.0,28.0,12.0,2.0
,,/pbr/sfw/sas/940/SASFoundation/9.4/sasexe,UWINLMNL,NLMNLTWD,I,U,8.0,0.0,32.0,28.0,12.0,2.0
,,/pbr/sfw/sas/940/SASFoundation/9.4/sasexe,UWFNLMNL,NLMNLUSD,F,U,8.0,0.0,32.0,28.0,12.0,2.0
,,/pbr/sfw/sas/940/SASFoundation/9.4/sasexe,UWINLMNL,NLMNLUSD,I,U,8.0,0.0,32.0,28.0,12.0,2.0
,,/pbr/sfw/sas/940/SASFoundation/9.4/sasexe,UWFNLMNL,NLMNLZAR,F,U,8.0,0.0,32.0,28.0,12.0,2.0
,,/pbr/sfw/sas/940/SASFoundation/9.4/sasexe,UWINLMNL,NLMNLZAR,I,U,8.0,0.0,32.0,28.0,12.0,2.0
,,/pbr/sfw/sas/940/SASFoundation/9.4/sasexe,UWFNLMNY,NLMNY,F,U,1.0,0.0,32.0,31.0,9.0,0.0
,,/pbr/sfw/sas/940/SASFoundation/9.4/sasexe,UWINLMNY,NLMNY,I,U,1.0,0.0,32.0,31.0,9.0,0.0
,,/pbr/sfw/sas/940/SASFoundation/9.4/sasexe,UWFNLMNY,NLMNYI,F,U,1.0,0.0,32.0,31.0,9.0,0.0
,,/pbr/sfw/sas/940/SASFoundation/9.4/sasexe,UWINLMNY,NLMNYI,I,U,1.0,0.0,32.0,31.0,9.0,0.0
,,/pbr/sfw/sas/940/SASFoundation/9.4/sasexe,UWFNLNUM,NLNUM,F,U,1.0,0.0,32.0,31.0,6.0,0.0
,,/pbr/sfw/sas/940/SASFoundation/9.4/sasexe,UWINLNUM,NLNUM,I,U,1.0,0.0,32.0,31.0,6.0,0.0
,,/pbr/sfw/sas/940/SASFoundation/9.4/sasexe,UWFNLNUM,NLNUMI,F,U,1.0,0.0,32.0,31.0,6.0,0.0
,,/pbr/sfw/sas/940/SASFoundation/9.4/sasexe,UWINLNUM,NLNUMI,I,U,1.0,0.0,32.0,31.0,6.0,0.0
,,/pbr/sfw/sas/940/SASFoundation/9.4/sasexe,UWFNLPCT,NLPCT,F,U,4.0,0.0,32.0,31.0,6.0,0.0
,,/pbr/sfw/sas/940/SASFoundation/9.4/sasexe,UWINLPCT,NLPCT,I,U,1.0,0.0,32.0,31.0,6.0,0.0
,,/pbr/sfw/sas/940/SASFoundation/9.4/sasexe,UWFNLPCT,NLPCTI,F,U,4.0,0.0,32.0,31.0,6.0,0.0
,,/pbr/sfw/sas/940/SASFoundation/9.4/sasexe,UWINLPCT,NLPCTI,I,U,1.0,0.0,32.0,31.0,6.0,0.0
,,/pbr/sfw/sas/940/SASFoundation/9.4/sasexe,UWFNLPCT,NLPCTN,F,U,4.0,0.0,32.0,31.0,6.0,0.0
,,/pbr/sfw/sas/940/SASFoundation/9.4/sasexe,UWFNLPCT,NLPCTP,F,U,4.0,0.0,32.0,31.0,6.0,0.0
,,/pbr/sfw/sas/940/SASFoundation/9.4/sasexe,UWFNLPVA,NLPVALUE,F,U,3.0,1.0,32.0,30.0,6.0,4.0
,,/pbr/sfw/sas/940/SASFoundation/9.4/sasexe,UWFNLSTR,NLSTRMON,F,U,1.0,0.0,200.0,3.0,20.0,0.0
,,/pbr/sfw/sas/940/SASFoundation/9.4/sasexe,UWINLSTR,NLSTRMON,I,U,1.0,0.0,200.0,3.0,12.0,0.0
,,/pbr/sfw/sas/940/SASFoundation/9.4/sasexe,UWFNLSTR,NLSTRQTR,F,U,1.0,0.0,200.0,3.0,20.0,0.0
,,/pbr/sfw/sas/940/SASFoundation/9.4/sasexe,UWFNLSTR,NLSTRWK,F,U,1.0,0.0,200.0,3.0,20.0,0.0
,,/pbr/sfw/sas/940/SASFoundation/9.4/sasexe,UWFNLTIM,NLTIMAP,F,U,4.0,0.0,200.0,3.0,10.0,0.0
,,/pbr/sfw/sas/940/SASFoundation/9.4/sasexe,UWINLTIM,NLTIMAP,I,U,4.0,0.0,200.0,0.0,10.0,0.0
,,/pbr/sfw/sas/940/SASFoundation/9.4/sasexe,UWFNLTIM,NLTIME,F,U,10.0,0.0,200.0,3.0,20.0,0.0
,,/pbr/sfw/sas/940/SASFoundation/9.4/sasexe,UWINLTIM,NLTIME,I,U,10.0,0.0,200.0,0.0,20.0,0.0
,,/pbr/sfw/sas/940/SASFoundation/9.4/sasexe,UWFNORDF,NORDFDD,F,U,2.0,0.0,10.0,0.0,8.0,0.0
,,/pbr/sfw/sas/940/SASFoundation/9.4/sasexe,UWFNORDF,NORDFDE,F,U,5.0,0.0,18.0,0.0,14.0,0.0
,,/pbr/sfw/sas/940/SASFoundation/9.4/sasexe,UWINORDF,NORDFDE,I,U,7.0,0.0,32.0,0.0,7.0,0.0
,,/pbr/sfw/sas/940/SASFoundation/9.4/sasexe,UWFNORDF,NORDFDN,F,U,1.0,0.0,64.0,0.0,2.0,0.0
,,/pbr/sfw/sas/940/SASFoundation/9.4/sasexe,UWFNORDF,NORDFDT,F,U,7.0,0.0,80.0,39.0,32.0,0.0
,,/pbr/sfw/sas/940/SASFoundation/9.4/sasexe,UWINORDF,NORDFDT,I,U,13.0,0.0,40.0,39.0,18.0,0.0
,,/pbr/sfw/sas/940/SASFoundation/9.4/sasexe,UWFNORDF,NORDFDWN,F,U,1.0,0.0,64.0,0.0,14.0,0.0
,,/pbr/sfw/sas/940/SASFoundation/9.4/sasexe,UWFNORDF,NORDFMN,F,U,1.0,0.0,64.0,0.0,18.0,0.0
,,/pbr/sfw/sas/940/SASFoundation/9.4/sasexe,UWFNORDF,NORDFMY,F,U,5.0,0.0,14.0,0.0,10.0,0.0
,,/pbr/sfw/sas/940/SASFoundation/9.4/sasexe,UWINORDF,NORDFMY,I,U,5.0,0.0,32.0,0.0,5.0,0.0
,,/pbr/sfw/sas/940/SASFoundation/9.4/sasexe,UWFNORDF,NORDFWDX,F,U,3.0,0.0,34.0,0.0,34.0,0.0
,,/pbr/sfw/sas/940/SASFoundation/9.4/sasexe,UWFNORDF,NORDFWKX,F,U,3.0,0.0,27.0,0.0,27.0,0.0
,,/pbr/sfw/sas/940/SASFoundation/9.4/sasexe,UWFNUMX,NUMX,F,U,1.0,0.0,32.0,31.0,12.0,0.0
,,/pbr/sfw/sas/940/SASFoundation/9.4/sasexe,UWINUMX,NUMX,I,U,1.0,0.0,32.0,31.0,12.0,0.0
,,,,OCTAL,F,B,1.0,0.0,24.0,31.0,3.0,0.0
,,,,OCTAL,I,B,1.0,0.0,24.0,31.0,3.0,0.0
,,/pbr/sfw/sas/940/SASFoundation/9.4/sasexe,UWFODDSR,ODDSR,F,U,2.0,0.0,32.0,30.0,8.0,3.0
,,/pbr/sfw/sas/940/SASFoundation/9.4/sasexe,UWFPCPIB,PCPIB,F,U,1.0,0.0,8.0,10.0,4.0,0.0
,,/pbr/sfw/sas/940/SASFoundation/9.4/sasexe,UWIPCPIB,PCPIB,I,U,1.0,0.0,8.0,10.0,4.0,0.0
,,,,PD,F,B,1.0,0.0,16.0,31.0,1.0,0.0
,,,,PD,I,B,1.0,0.0,16.0,31.0,1.0,0.0
,,/pbr/sfw/sas/940/SASFoundation/9.4/sasexe,UWFPDJUL,PDJULG,F,U,3.0,0.0,16.0,0.0,4.0,0.0
,,/pbr/sfw/sas/940/SASFoundation/9.4/sasexe,UWIPDJUL,PDJULG,I,U,3.0,0.0,16.0,0.0,4.0,0.0
,,/pbr/sfw/sas/940/SASFoundation/9.4/sasexe,UWFPDJUL,PDJULI,F,U,3.0,0.0,16.0,0.0,4.0,0.0
,,/pbr/sfw/sas/940/SASFoundation/9.4/sasexe,UWIPDJUL,PDJULI,I,U,3.0,0.0,16.0,0.0,4.0,0.0
,,,,PDTIME,I,B,4.0,0.0,4.0,0.0,4.0,0.0
,,,,PERCENT,F,B,4.0,0.0,32.0,31.0,6.0,0.0
,,,,PERCENT,I,B,1.0,0.0,32.0,31.0,6.0,0.0
,,/pbr/sfw/sas/940/SASFoundation/9.4/sasexe,UWFPERCE,PERCENTN,F,U,4.0,0.0,32.0,31.0,6.0,0.0
,,,,PIB,F,B,1.0,0.0,8.0,10.0,1.0,0.0
,,,,PIB,I,B,1.0,0.0,8.0,10.0,1.0,0.0
,,,,PIBR,F,B,1.0,0.0,8.0,10.0,1.0,0.0
,,,,PIBR,I,B,1.0,0.0,8.0,10.0,1.0,0.0
,,,,PK,F,B,1.0,0.0,16.0,10.0,1.0,0.0
,,,,PK,I,B,1.0,0.0,16.0,10.0,1.0,0.0
,,/pbr/sfw/sas/940/SASFoundation/9.4/sasexe,UWFPOLDF,POLDFDD,F,U,2.0,0.0,10.0,0.0,8.0,0.0
,,/pbr/sfw/sas/940/SASFoundation/9.4/sasexe,UWFPOLDF,POLDFDE,F,U,5.0,0.0,18.0,0.0,14.0,0.0
,,/pbr/sfw/sas/940/SASFoundation/9.4/sasexe,UWIPOLDF,POLDFDE,I,U,7.0,0.0,32.0,0.0,7.0,0.0
,,/pbr/sfw/sas/940/SASFoundation/9.4/sasexe,UWFPOLDF,POLDFDN,F,U,1.0,0.0,64.0,0.0,2.0,0.0
,,/pbr/sfw/sas/940/SASFoundation/9.4/sasexe,UWFPOLDF,POLDFDT,F,U,7.0,0.0,80.0,39.0,32.0,0.0
,,/pbr/sfw/sas/940/SASFoundation/9.4/sasexe,UWIPOLDF,POLDFDT,I,U,13.0,0.0,40.0,39.0,18.0,0.0
,,/pbr/sfw/sas/940/SASFoundation/9.4/sasexe,UWFPOLDF,POLDFDWN,F,U,1.0,0.0,64.0,0.0,24.0,0.0
,,/pbr/sfw/sas/940/SASFoundation/9.4/sasexe,UWFPOLDF,POLDFMN,F,U,1.0,0.0,64.0,0.0,24.0,0.0
,,/pbr/sfw/sas/940/SASFoundation/9.4/sasexe,UWFPOLDF,POLDFMY,F,U,5.0,0.0,64.0,0.0,10.0,0.0
,,/pbr/sfw/sas/940/SASFoundation/9.4/sasexe,UWIPOLDF,POLDFMY,I,U,5.0,0.0,32.0,0.0,5.0,0.0
,,/pbr/sfw/sas/940/SASFoundation/9.4/sasexe,UWFPOLDF,POLDFWDX,F,U,3.0,0.0,80.0,0.0,40.0,0.0
,,/pbr/sfw/sas/940/SASFoundation/9.4/sasexe,UWFPOLDF,POLDFWKX,F,U,2.0,0.0,80.0,0.0,68.0,0.0
,,/pbr/sfw/sas/940/SASFoundation/9.4/sasexe,UWFPTGDF,PTGDFDD,F,U,2.0,0.0,10.0,0.0,8.0,0.0
,,/pbr/sfw/sas/940/SASFoundation/9.4/sasexe,UWFPTGDF,PTGDFDE,F,U,5.0,0.0,18.0,0.0,14.0,0.0
,,/pbr/sfw/sas/940/SASFoundation/9.4/sasexe,UWIPTGDF,PTGDFDE,I,U,7.0,0.0,32.0,0.0,7.0,0.0
,,/pbr/sfw/sas/940/SASFoundation/9.4/sasexe,UWFPTGDF,PTGDFDN,F,U,1.0,0.0,64.0,0.0,2.0,0.0
,,/pbr/sfw/sas/940/SASFoundation/9.4/sasexe,UWFPTGDF,PTGDFDT,F,U,7.0,0.0,80.0,39.0,32.0,0.0
,,/pbr/sfw/sas/940/SASFoundation/9.4/sasexe,UWIPTGDF,PTGDFDT,I,U,13.0,0.0,40.0,39.0,18.0,0.0
,,/pbr/sfw/sas/940/SASFoundation/9.4/sasexe,UWFPTGDF,PTGDFDWN,F,U,1.0,0.0,64.0,0.0,26.0,0.0
,,/pbr/sfw/sas/940/SASFoundation/9.4/sasexe,UWFPTGDF,PTGDFMN,F,U,1.0,0.0,64.0,0.0,18.0,0.0
,,/pbr/sfw/sas/940/SASFoundation/9.4/sasexe,UWFPTGDF,PTGDFMY,F,U,5.0,0.0,14.0,0.0,10.0,0.0
,,/pbr/sfw/sas/940/SASFoundation/9.4/sasexe,UWIPTGDF,PTGDFMY,I,U,5.0,0.0,32.0,0.0,5.0,0.0
,,/pbr/sfw/sas/940/SASFoundation/9.4/sasexe,UWFPTGDF,PTGDFWDX,F,U,3.0,0.0,74.0,0.0,46.0,0.0
,,/pbr/sfw/sas/940/SASFoundation/9.4/sasexe,UWFPTGDF,PTGDFWKX,F,U,3.0,0.0,76.0,0.0,76.0,0.0
,,,,PUNCH,I,B,0.0,1.0,0.0,12.0,0.0,0.0
,,/pbr/sfw/sas/940/SASFoundation/9.4/sasexe,UWFPVALU,PVALUE,F,U,3.0,1.0,32.0,30.0,6.0,4.0
,,,,QTR,F,B,1.0,0.0,32.0,31.0,1.0,0.0
,,,,QTRR,F,B,3.0,0.0,32.0,31.0,3.0,0.0
,,,,RB,F,B,2.0,0.0,8.0,10.0,4.0,0.0
,,,,RB,I,B,2.0,0.0,8.0,10.0,4.0,0.0
,,,,RMFDUR,I,B,4.0,0.0,4.0,0.0,4.0,0.0
,,,,RMFSTAMP,I,B,8.0,0.0,8.0,0.0,8.0,0.0
,,,,ROMAN,F,B,2.0,0.0,32.0,0.0,6.0,0.0
,,,,ROW,I,B,0.0,0.0,12.0,25.0,0.0,0.0
,,/pbr/sfw/sas/940/SASFoundation/9.4/sasexe,UWFRSTDO,RSTDOCNY,F,U,4.0,0.0,32.0,31.0,6.0,0.0
,,/pbr/sfw/sas/940/SASFoundation/9.4/sasexe,UWFRSTDO,RSTDOCYY,F,U,4.0,0.0,32.0,31.0,6.0,0.0
,,/pbr/sfw/sas/940/SASFoundation/9.4/sasexe,UWFRSTDO,RSTDODB,F,U,6.0,0.0,32.0,0.0,6.0,0.0
,,/pbr/sfw/sas/940/SASFoundation/9.4/sasexe,UWFRSTDO,RSTDODN,F,U,2.0,0.0,32.0,31.0,6.0,0.0
,,/pbr/sfw/sas/940/SASFoundation/9.4/sasexe,UWFRSTDO,RSTDODS,F,U,5.0,0.0,32.0,0.0,8.0,0.0
,,/pbr/sfw/sas/940/SASFoundation/9.4/sasexe,UWFRSTDO,RSTDOMN,F,U,1.0,0.0,32.0,0.0,3.0,0.0
,,/pbr/sfw/sas/940/SASFoundation/9.4/sasexe,UWFRSTDO,RSTDOMY,F,U,12.0,0.0,32.0,0.0,12.0,0.0
,,/pbr/sfw/sas/940/SASFoundation/9.4/sasexe,UWFRSTDO,RSTDONYN,F,U,1.0,0.0,32.0,31.0,6.0,0.0
,,/pbr/sfw/sas/940/SASFoundation/9.4/sasexe,UWFRSTDO,RSTDOPH,F,U,8.0,0.0,32.0,0.0,14.0,0.0
,,/pbr/sfw/sas/940/SASFoundation/9.4/sasexe,UWFRSTDO,RSTDOPNY,F,U,4.0,0.0,32.0,31.0,6.0,0.0
,,/pbr/sfw/sas/940/SASFoundation/9.4/sasexe,UWFRSTDO,RSTDOPYN,F,U,1.0,0.0,32.0,31.0,6.0,0.0
,,/pbr/sfw/sas/940/SASFoundation/9.4/sasexe,UWFRSTDO,RSTDOPYY,F,U,4.0,0.0,32.0,31.0,6.0,0.0
,,/pbr/sfw/sas/940/SASFoundation/9.4/sasexe,UWFRSTDO,RSTDOZP,F,U,5.0,0.0,32.0,0.0,10.0,0.0
,,/pbr/sfw/sas/940/SASFoundation/9.4/sasexe,UWFRUSDF,RUSDFDD,F,U,2.0,0.0,10.0,0.0,8.0,0.0
,,/pbr/sfw/sas/940/SASFoundation/9.4/sasexe,UWFRUSDF,RUSDFDE,F,U,5.0,0.0,18.0,0.0,14.0,0.0
,,/pbr/sfw/sas/940/SASFoundation/9.4/sasexe,UWIRUSDF,RUSDFDE,I,U,7.0,0.0,32.0,0.0,7.0,0.0
,,/pbr/sfw/sas/940/SASFoundation/9.4/sasexe,UWFRUSDF,RUSDFDN,F,U,1.0,0.0,64.0,0.0,2.0,0.0
,,/pbr/sfw/sas/940/SASFoundation/9.4/sasexe,UWFRUSDF,RUSDFDT,F,U,7.0,0.0,80.0,39.0,32.0,0.0
,,/pbr/sfw/sas/940/SASFoundation/9.4/sasexe,UWIRUSDF,RUSDFDT,I,U,13.0,0.0,40.0,39.0,18.0,0.0
,,/pbr/sfw/sas/940/SASFoundation/9.4/sasexe,UWFRUSDF,RUSDFDWN,F,U,1.0,0.0,64.0,0.0,22.0,0.0
,,/pbr/sfw/sas/940/SASFoundation/9.4/sasexe,UWFRUSDF,RUSDFMN,F,U,1.0,0.0,64.0,0.0,16.0,0.0
,,/pbr/sfw/sas/940/SASFoundation/9.4/sasexe,UWFRUSDF,RUSDFMY,F,U,5.0,0.0,64.0,0.0,10.0,0.0
,,/pbr/sfw/sas/940/SASFoundation/9.4/sasexe,UWIRUSDF,RUSDFMY,I,U,5.0,0.0,32.0,0.0,5.0,0.0
,,/pbr/sfw/sas/940/SASFoundation/9.4/sasexe,UWFRUSDF,RUSDFWDX,F,U,3.0,0.0,80.0,0.0,32.0,0.0
,,/pbr/sfw/sas/940/SASFoundation/9.4/sasexe,UWFRUSDF,RUSDFWKX,F,U,2.0,0.0,80.0,0.0,58.0,0.0
,,/pbr/sfw/sas/940/SASFoundation/9.4/sasexe,UWFS370F,S370FF,F,U,1.0,0.0,32.0,31.0,12.0,0.0
,,/pbr/sfw/sas/940/SASFoundation/9.4/sasexe,UWIS370F,S370FF,I,U,1.0,0.0,32.0,31.0,12.0,0.0
,,/pbr/sfw/sas/940/SASFoundation/9.4/sasexe,UWFS370F,S370FHEX,F,U,1.0,0.0,16.0,0.0,8.0,0.0
,,/pbr/sfw/sas/940/SASFoundation/9.4/sasexe,UWIS370F,S370FHEX,I,U,1.0,0.0,16.0,0.0,8.0,0.0
,,/pbr/sfw/sas/940/SASFoundation/9.4/sasexe,UWFS370F,S370FIB,F,U,1.0,0.0,8.0,10.0,4.0,0.0
,,/pbr/sfw/sas/940/SASFoundation/9.4/sasexe,UWIS370F,S370FIB,I,U,1.0,0.0,8.0,10.0,4.0,0.0
,,/pbr/sfw/sas/940/SASFoundation/9.4/sasexe,UWFS370F,S370FIBU,F,U,1.0,0.0,8.0,10.0,4.0,0.0
,,/pbr/sfw/sas/940/SASFoundation/9.4/sasexe,UWIS370F,S370FIBU,I,U,1.0,0.0,8.0,10.0,4.0,0.0
,,/pbr/sfw/sas/940/SASFoundation/9.4/sasexe,UWFS370F,S370FPD,F,U,1.0,0.0,16.0,31.0,1.0,0.0
,,/pbr/sfw/sas/940/SASFoundation/9.4/sasexe,UWIS370F,S370FPD,I,U,1.0,0.0,16.0,31.0,1.0,0.0
,,/pbr/sfw/sas/940/SASFoundation/9.4/sasexe,UWFS370F,S370FPDU,F,U,1.0,0.0,16.0,31.0,1.0,0.0
,,/pbr/sfw/sas/940/SASFoundation/9.4/sasexe,UWIS370F,S370FPDU,I,U,1.0,0.0,16.0,31.0,1.0,0.0
,,/pbr/sfw/sas/940/SASFoundation/9.4/sasexe,UWFS370F,S370FPIB,F,U,1.0,0.0,8.0,10.0,4.0,0.0
,,/pbr/sfw/sas/940/SASFoundation/9.4/sasexe,UWIS370F,S370FPIB,I,U,1.0,0.0,8.0,10.0,4.0,0.0
,,/pbr/sfw/sas/940/SASFoundation/9.4/sasexe,UWFS370F,S370FRB,F,U,2.0,0.0,8.0,10.0,4.0,0.0
,,/pbr/sfw/sas/940/SASFoundation/9.4/sasexe,UWIS370F,S370FRB,I,U,2.0,0.0,8.0,10.0,4.0,0.0
,,/pbr/sfw/sas/940/SASFoundation/9.4/sasexe,UWFS370F,S370FZD,F,U,1.0,0.0,32.0,31.0,8.0,0.0
,,/pbr/sfw/sas/940/SASFoundation/9.4/sasexe,UWIS370F,S370FZD,I,U,1.0,0.0,32.0,31.0,8.0,0.0
,,/pbr/sfw/sas/940/SASFoundation/9.4/sasexe,UWIS370F,S370FZDB,I,U,1.0,0.0,32.0,31.0,8.0,0.0
,,/pbr/sfw/sas/940/SASFoundation/9.4/sasexe,UWFS370F,S370FZDL,F,U,1.0,0.0,32.0,31.0,8.0,0.0
,,/pbr/sfw/sas/940/SASFoundation/9.4/sasexe,UWIS370F,S370FZDL,I,U,1.0,0.0,32.0,31.0,8.0,0.0
,,/pbr/sfw/sas/940/SASFoundation/9.4/sasexe,UWFS370F,S370FZDS,F,U,2.0,0.0,32.0,31.0,8.0,0.0
,,/pbr/sfw/sas/940/SASFoundation/9.4/sasexe,UWIS370F,S370FZDS,I,U,2.0,0.0,32.0,31.0,8.0,0.0
,,/pbr/sfw/sas/940/SASFoundation/9.4/sasexe,UWFS370F,S370FZDT,F,U,2.0,0.0,32.0,31.0,8.0,0.0
,,/pbr/sfw/sas/940/SASFoundation/9.4/sasexe,UWIS370F,S370FZDT,I,U,2.0,0.0,32.0,31.0,8.0,0.0
,,/pbr/sfw/sas/940/SASFoundation/9.4/sasexe,UWFS370F,S370FZDU,F,U,1.0,0.0,32.0,31.0,8.0,0.0
,,/pbr/sfw/sas/940/SASFoundation/9.4/sasexe,UWIS370F,S370FZDU,I,U,1.0,0.0,32.0,31.0,8.0,0.0
,,,,SHRSTAMP,I,B,8.0,0.0,8.0,0.0,8.0,0.0
,,/pbr/sfw/sas/940/SASFoundation/9.4/sasexe,UWFSIZEK,SIZEK,F,U,2.0,0.0,33.0,31.0,9.0,0.0
,,/pbr/sfw/sas/940/SASFoundation/9.4/sasexe,UWFSIZEK,SIZEKB,F,U,3.0,0.0,34.0,31.0,10.0,0.0
,,/pbr/sfw/sas/940/SASFoundation/9.4/sasexe,UWFSIZEK,SIZEKMG,F,U,4.0,0.0,35.0,31.0,6.0,0.0
,,/pbr/sfw/sas/940/SASFoundation/9.4/sasexe,UWISIZEK,SIZEKMG,I,U,4.0,0.0,35.0,31.0,6.0,0.0
,,/pbr/sfw/sas/940/SASFoundation/9.4/sasexe,UWFSLODF,SLODFDD,F,U,2.0,0.0,10.0,0.0,8.0,0.0
,,/pbr/sfw/sas/940/SASFoundation/9.4/sasexe,UWFSLODF,SLODFDE,F,U,5.0,0.0,18.0,0.0,14.0,0.0
,,/pbr/sfw/sas/940/SASFoundation/9.4/sasexe,UWISLODF,SLODFDE,I,U,7.0,0.0,32.0,0.0,7.0,0.0
,,/pbr/sfw/sas/940/SASFoundation/9.4/sasexe,UWFSLODF,SLODFDN,F,U,1.0,0.0,64.0,0.0,2.0,0.0
,,/pbr/sfw/sas/940/SASFoundation/9.4/sasexe,UWFSLODF,SLODFDT,F,U,7.0,0.0,80.0,39.0,32.0,0.0
,,/pbr/sfw/sas/940/SASFoundation/9.4/sasexe,UWISLODF,SLODFDT,I,U,13.0,0.0,40.0,39.0,18.0,0.0
,,/pbr/sfw/sas/940/SASFoundation/9.4/sasexe,UWFSLODF,SLODFDWN,F,U,1.0,0.0,64.0,0.0,20.0,0.0
,,/pbr/sfw/sas/940/SASFoundation/9.4/sasexe,UWFSLODF,SLODFMN,F,U,1.0,0.0,64.0,0.0,18.0,0.0
,,/pbr/sfw/sas/940/SASFoundation/9.4/sasexe,UWFSLODF,SLODFMY,F,U,5.0,0.0,64.0,0.0,10.0,0.0
,,/pbr/sfw/sas/940/SASFoundation/9.4/sasexe,UWISLODF,SLODFMY,I,U,5.0,0.0,32.0,0.0,5.0,0.0
,,/pbr/sfw/sas/940/SASFoundation/9.4/sasexe,UWFSLODF,SLODFWDX,F,U,3.0,0.0,80.0,0.0,34.0,0.0
,,/pbr/sfw/sas/940/SASFoundation/9.4/sasexe,UWFSLODF,SLODFWKX,F,U,3.0,0.0,80.0,0.0,58.0,0.0
,,,,SMFSTAMP,I,B,8.0,0.0,8.0,0.0,8.0,0.0
,,,,SSN,F,B,11.0,0.0,11.0,0.0,11.0,0.0
,,/pbr/sfw/sas/940/SASFoundation/9.4/sasexe,UWISTIME,STIMER,I,U,1.0,0.0,32.0,0.0,10.0,0.0
,,/pbr/sfw/sas/940/SASFoundation/9.4/sasexe,UWFSVEDF,SVEDFDD,F,U,2.0,0.0,10.0,0.0,8.0,0.0
,,/pbr/sfw/sas/940/SASFoundation/9.4/sasexe,UWFSVEDF,SVEDFDE,F,U,5.0,0.0,18.0,0.0,14.0,0.0
,,/pbr/sfw/sas/940/SASFoundation/9.4/sasexe,UWISVEDF,SVEDFDE,I,U,7.0,0.0,32.0,0.0,7.0,0.0
,,/pbr/sfw/sas/940/SASFoundation/9.4/sasexe,UWFSVEDF,SVEDFDN,F,U,1.0,0.0,64.0,0.0,2.0,0.0
,,/pbr/sfw/sas/940/SASFoundation/9.4/sasexe,UWFSVEDF,SVEDFDT,F,U,7.0,0.0,80.0,39.0,32.0,0.0
,,/pbr/sfw/sas/940/SASFoundation/9.4/sasexe,UWISVEDF,SVEDFDT,I,U,13.0,0.0,40.0,39.0,18.0,0.0
,,/pbr/sfw/sas/940/SASFoundation/9.4/sasexe,UWFSVEDF,SVEDFDWN,F,U,1.0,0.0,64.0,0.0,14.0,0.0
,,/pbr/sfw/sas/940/SASFoundation/9.4/sasexe,UWFSVEDF,SVEDFMN,F,U,1.0,0.0,64.0,0.0,18.0,0.0
,,/pbr/sfw/sas/940/SASFoundation/9.4/sasexe,UWFSVEDF,SVEDFMY,F,U,5.0,0.0,14.0,0.0,10.0,0.0
,,/pbr/sfw/sas/940/SASFoundation/9.4/sasexe,UWISVEDF,SVEDFMY,I,U,5.0,0.0,32.0,0.0,5.0,0.0
,,/pbr/sfw/sas/940/SASFoundation/9.4/sasexe,UWFSVEDF,SVEDFWDX,F,U,3.0,0.0,34.0,0.0,34.0,0.0
,,/pbr/sfw/sas/940/SASFoundation/9.4/sasexe,UWFSVEDF,SVEDFWKX,F,U,3.0,0.0,52.0,0.0,52.0,0.0
,,,,TIME,F,B,2.0,0.0,20.0,19.0,8.0,0.0
,,,,TIME,I,B,5.0,0.0,32.0,31.0,8.0,0.0
,,,,TIMEAMPM,F,B,2.0,0.0,20.0,19.0,11.0,0.0
,,,,TOD,F,B,2.0,0.0,20.0,19.0,8.0,0.0
,,,,TODSTAMP,I,B,1.0,0.0,8.0,0.0,8.0,0.0
,,/pbr/sfw/sas/940/SASFoundation/9.4/sasexe,UWITRAIL,TRAILSGN,I,U,1.0,0.0,32.0,0.0,6.0,0.0
,,,,TU,I,B,4.0,0.0,4.0,0.0,4.0,0.0
,,/pbr/sfw/sas/940/SASFoundation/9.4/sasexe,UWFTWMDY,TWMDY,F,U,15.0,0.0,35.0,0.0,35.0,0.0
,,/pbr/sfw/sas/940/SASFoundation/9.4/sasexe,UWFUNXEP,UNXEPOCH,F,U,1.0,0.0,32.0,0.0,12.0,0.0
,,/pbr/sfw/sas/940/SASFoundation/9.4/sasexe,UWIUNXEP,UNXEPOCH,I,U,1.0,0.0,32.0,31.0,12.0,0.0
,,/pbr/sfw/sas/940/SASFoundation/9.4/sasexe,UWFVAXRB,VAXRB,F,U,2.0,0.0,8.0,31.0,8.0,0.0
,,/pbr/sfw/sas/940/SASFoundation/9.4/sasexe,UWIVAXRB,VAXRB,I,U,2.0,0.0,8.0,10.0,4.0,0.0
,,/pbr/sfw/sas/940/SASFoundation/9.4/sasexe,UWFVMSZN,VMSZN,F,U,1.0,0.0,32.0,32.0,1.0,0.0
,,/pbr/sfw/sas/940/SASFoundation/9.4/sasexe,UWIVMSZN,VMSZN,I,U,1.0,0.0,32.0,32.0,1.0,0.0
,,,,WEEKDATE,F,B,3.0,0.0,37.0,36.0,29.0,0.0
,,,,WEEKDATX,F,B,3.0,0.0,37.0,36.0,29.0,0.0
,,,,WEEKDAY,F,B,1.0,0.0,32.0,31.0,1.0,0.0
,,/pbr/sfw/sas/940/SASFoundation/9.4/sasexe,UWFWEEKU,WEEKU,F,U,2.0,0.0,200.0,0.0,11.0,0.0
,,/pbr/sfw/sas/940/SASFoundation/9.4/sasexe,UWIWEEKU,WEEKU,I,U,3.0,0.0,200.0,0.0,11.0,0.0
,,/pbr/sfw/sas/940/SASFoundation/9.4/sasexe,UWFWEEKV,WEEKV,F,U,2.0,0.0,200.0,0.0,11.0,0.0
,,/pbr/sfw/sas/940/SASFoundation/9.4/sasexe,UWIWEEKV,WEEKV,I,U,3.0,0.0,200.0,0.0,11.0,0.0
,,/pbr/sfw/sas/940/SASFoundation/9.4/sasexe,UWFWEEKW,WEEKW,F,U,2.0,0.0,200.0,0.0,11.0,0.0
,,/pbr/sfw/sas/940/SASFoundation/9.4/sasexe,UWIWEEKW,WEEKW,I,U,3.0,0.0,200.0,0.0,11.0,0.0
,,,,WORDDATE,F,B,3.0,0.0,32.0,31.0,18.0,0.0
,,,,WORDDATX,F,B,3.0,0.0,32.0,31.0,18.0,0.0
,,,,WORDF,F,B,5.0,0.0,32767.0,0.0,10.0,0.0
,,,,WORDS,F,B,5.0,0.0,32767.0,0.0,10.0,0.0
,,/pbr/sfw/sas/940/SASFoundation/9.4/sasexe,UWFXYYMM,XYYMMDD,F,U,6.0,0.0,12.0,0.0,8.0,0.0
,,/pbr/sfw/sas/940/SASFoundation/9.4/sasexe,UWIXYYMM,XYYMMDD,I,U,6.0,0.0,20.0,0.0,8.0,0.0
,,,,YEAR,F,B,2.0,0.0,32.0,31.0,4.0,0.0
,,/pbr/sfw/sas/940/SASFoundation/9.4/sasexe,UWFYEN,YEN,F,U,1.0,0.0,32.0,31.0,8.0,0.0
,,/pbr/sfw/sas/940/SASFoundation/9.4/sasexe,UWIYEN,YEN,I,U,1.0,0.0,32.0,31.0,1.0,0.0
,,/pbr/sfw/sas/940/SASFoundation/9.4/sasexe,UWIYMDDT,YMDDTTM,I,U,13.0,0.0,40.0,39.0,19.0,0.0
,,,,YYMM,F,B,5.0,0.0,32.0,31.0,7.0,0.0
,,,,YYMMC,F,B,5.0,0.0,32.0,31.0,7.0,0.0
,,,,YYMMD,F,B,5.0,0.0,32.0,31.0,7.0,0.0
,,,,YYMMDD,F,B,2.0,0.0,10.0,9.0,8.0,0.0
,,,,YYMMDD,I,B,6.0,0.0,32.0,31.0,6.0,0.0
,,,,YYMMDDB,F,B,2.0,0.0,10.0,9.0,8.0,0.0
,,,,YYMMDDC,F,B,2.0,0.0,10.0,9.0,8.0,0.0
,,,,YYMMDDD,F,B,2.0,0.0,10.0,9.0,8.0,0.0
,,,,YYMMDDN,F,B,2.0,0.0,8.0,7.0,8.0,0.0
,,,,YYMMDDP,F,B,2.0,0.0,10.0,9.0,8.0,0.0
,,,,YYMMDDS,F,B,2.0,0.0,10.0,9.0,8.0,0.0
,,,,YYMMN,F,B,4.0,0.0,32.0,31.0,6.0,0.0
,,/pbr/sfw/sas/940/SASFoundation/9.4/sasexe,UWIYYMMN,YYMMN,I,U,4.0,0.0,6.0,0.0,4.0,0.0
,,,,YYMMP,F,B,5.0,0.0,32.0,31.0,7.0,0.0
,,,,YYMMS,F,B,5.0,0.0,32.0,31.0,7.0,0.0
,,,,YYMON,F,B,5.0,0.0,32.0,31.0,7.0,0.0
,,,,YYQ,F,B,4.0,0.0,32.0,31.0,6.0,0.0
,,,,YYQ,I,B,4.0,0.0,32.0,31.0,4.0,0.0
,,,,YYQC,F,B,4.0,0.0,32.0,31.0,6.0,0.0
,,,,YYQD,F,B,4.0,0.0,32.0,31.0,6.0,0.0
,,,,YYQN,F,B,3.0,0.0,32.0,31.0,5.0,0.0
,,,,YYQP,F,B,4.0,0.0,32.0,31.0,6.0,0.0
,,,,YYQR,F,B,6.0,0.0,32.0,31.0,8.0,0.0
,,,,YYQRC,F,B,6.0,0.0,32.0,31.0,8.0,0.0
,,,,YYQRD,F,B,6.0,0.0,32.0,31.0,8.0,0.0
,,,,YYQRN,F,B,5.0,0.0,32.0,31.0,7.0,0.0
,,,,YYQRP,F,B,6.0,0.0,32.0,31.0,8.0,0.0
,,,,YYQRS,F,B,6.0,0.0,32.0,31.0,8.0,0.0
,,,,YYQS,F,B,4.0,0.0,32.0,31.0,6.0,0.0
,,/pbr/sfw/sas/940/SASFoundation/9.4/sasexe,UWFYYQZ,YYQZ,F,U,4.0,0.0,6.0,0.0,4.0,0.0
,,/pbr/sfw/sas/940/SASFoundation/9.4/sasexe,UWIYYQZ,YYQZ,I,U,4.0,0.0,6.0,0.0,4.0,0.0
,,/pbr/sfw/sas/940/SASFoundation/9.4/sasexe,UWFYYWEE,YYWEEKU,F,U,2.0,0.0,8.0,0.0,7.0,0.0
,,/pbr/sfw/sas/940/SASFoundation/9.4/sasexe,UWFYYWEE,YYWEEKV,F,U,2.0,0.0,8.0,0.0,7.0,0.0
,,/pbr/sfw/sas/940/SASFoundation/9.4/sasexe,UWFYYWEE,YYWEEKW,F,U,2.0,0.0,8.0,0.0,7.0,0.0
,,,,Z,F,B,1.0,0.0,32.0,31.0,1.0,0.0
,,,,ZD,F,B,1.0,0.0,32.0,31.0,1.0,0.0
,,,,ZD,I,B,1.0,0.0,32.0,31.0,1.0,0.0
,,,,ZDB,I,B,1.0,0.0,32.0,31.0,1.0,0.0
,,,,ZDV,I,B,1.0,0.0,32.0,31.0,1.0,0.0
