PROJECT,TITLE,DESCRIPT,FILE,KEYWORDS,LOCATION,TYPE
FLAG MANAGEMENT PROJECT,ANTARCTIC1,100X60 8-bit CMAP,AANTARCT,AANTARCT ANTARCTIC1,sashelp.flags,CATALOG
FLAG MANAGEMENT PROJECT,AFGHANISTAN,100X60 8-bit CMAP,AFGHANIS,AFGHANIS AFGHANISTAN,sashelp.flags,CATALOG
FLAG MANAGEMENT PROJECT,ALBANIA,100X60 8-bit CMAP,ALBANIA,ALBANIA,sashelp.flags,CATALOG
FLAG MANAGEMENT PROJECT,ALGERIA,100X60 8-bit CMAP,ALGERIA,ALGERIA,sashelp.flags,CATALOG
FLAG MANAGEMENT PROJECT,AMERICAN SOMOA,100X60 8-bit CMAP,AMERICAN,AMERICAN AMERICAN SOMOA,sashelp.flags,CATALOG
FLAG MANAGEMENT PROJECT,ANDORRA,100X60 8-bit CMAP,ANDORRA,ANDORRA,sashelp.flags,CATALOG
FLAG MANAGEMENT PROJECT,ANGOLA,100X60 8-bit CMAP,ANGOLA,ANGOLA,sashelp.flags,CATALOG
FLAG MANAGEMENT PROJECT,ANGUILLA,100X60 8-bit CMAP,ANGUILLA,ANGUILLA,sashelp.flags,CATALOG
FLAG MANAGEMENT PROJECT,ANTARCTIC LANDS,100X60 8-bit CMAP,ANTARCTI,ANTARCTI ANTARCTIC LANDS,sashelp.flags,CATALOG
FLAG MANAGEMENT PROJECT,ANTIGUA/BARBUDA,100X60 8-bit CMAP,ANTIGUAB,ANTIGUAB ANTIGUA/BARBUDA,sashelp.flags,CATALOG
FLAG MANAGEMENT PROJECT,ARGENTINA,100X60 8-bit CMAP,ARGENTIN,ARGENTIN ARGENTINA,sashelp.flags,CATALOG
FLAG MANAGEMENT PROJECT,ARMENIA,100X60 8-bit CMAP,ARMENIA,ARMENIA,sashelp.flags,CATALOG
FLAG MANAGEMENT PROJECT,ARUBA,100X60 8-bit CMAP,ARUBA,ARUBA,sashelp.flags,CATALOG
FLAG MANAGEMENT PROJECT,AUSTRALIA,100X60 8-bit CMAP,AUSTRALI,AUSTRALI AUSTRALIA,sashelp.flags,CATALOG
FLAG MANAGEMENT PROJECT,AUSTRIA,100X60 8-bit CMAP,AUSTRIA,AUSTRIA,sashelp.flags,CATALOG
FLAG MANAGEMENT PROJECT,AZERBAIJAN,100X60 8-bit CMAP,AZERBAIJ,AZERBAIJ AZERBAIJAN,sashelp.flags,CATALOG
FLAG MANAGEMENT PROJECT,BAHAMAS,100X60 8-bit CMAP,BAHAMAS,BAHAMAS,sashelp.flags,CATALOG
FLAG MANAGEMENT PROJECT,BAHRAIN,100X60 8-bit CMAP,BAHRAIN,BAHRAIN,sashelp.flags,CATALOG
FLAG MANAGEMENT PROJECT,BANGLADESH,100X60 8-bit CMAP,BANGLADE,BANGLADE BANGLADESH,sashelp.flags,CATALOG
FLAG MANAGEMENT PROJECT,ANTARCTIC2,100X60 8-bit CMAP,BANTARCT,BANTARCT ANTARCTIC2,sashelp.flags,CATALOG
FLAG MANAGEMENT PROJECT,BARBADOS,100X60 8-bit CMAP,BARBADOS,BARBADOS,sashelp.flags,CATALOG
FLAG MANAGEMENT PROJECT,BELARUS,100X60 8-bit CMAP,BELARUS,BELARUS,sashelp.flags,CATALOG
FLAG MANAGEMENT PROJECT,BELGIUM,100X60 8-bit CMAP,BELGIUM,BELGIUM,sashelp.flags,CATALOG
FLAG MANAGEMENT PROJECT,BELIZE,100X60 8-bit CMAP,BELIZE,BELIZE,sashelp.flags,CATALOG
FLAG MANAGEMENT PROJECT,BENIN,100X60 8-bit CMAP,BENIN,BENIN,sashelp.flags,CATALOG
FLAG MANAGEMENT PROJECT,BERMUDA,100X60 8-bit CMAP,BERMUDA,BERMUDA,sashelp.flags,CATALOG
FLAG MANAGEMENT PROJECT,BHUTAN,100X60 8-bit CMAP,BHUTAN,BHUTAN,sashelp.flags,CATALOG
FLAG MANAGEMENT PROJECT,BOLIVIA,100X60 8-bit CMAP,BOLIVIA,BOLIVIA,sashelp.flags,CATALOG
FLAG MANAGEMENT PROJECT,BOSNIA/HERZEGOVINA,100X60 8-bit CMAP,BOSNIAHE,BOSNIAHE BOSNIA/HERZEGOVINA,sashelp.flags,CATALOG
FLAG MANAGEMENT PROJECT,BOTSWANA,100X60 8-bit CMAP,BOTSWANA,BOTSWANA,sashelp.flags,CATALOG
FLAG MANAGEMENT PROJECT,BRAZIL,100X60 8-bit CMAP,BRAZIL,BRAZIL,sashelp.flags,CATALOG
FLAG MANAGEMENT PROJECT,BRUNEI,100X60 8-bit CMAP,BRUNEI,BRUNEI,sashelp.flags,CATALOG
FLAG MANAGEMENT PROJECT,BULGARIA,100X60 8-bit CMAP,BULGARIA,BULGARIA,sashelp.flags,CATALOG
FLAG MANAGEMENT PROJECT,BURKINA FASO,100X60 8-bit CMAP,BURKINAF,BURKINAF BURKINA FASO,sashelp.flags,CATALOG
FLAG MANAGEMENT PROJECT,BURUNDI,100X60 8-bit CMAP,BURUNDI,BURUNDI,sashelp.flags,CATALOG
FLAG MANAGEMENT PROJECT,BRITISH VIRGIN ISLAND,100X60 8-bit CMAP,BVISLAND,BVISLAND BRITISH VIRGIN ISLAND,sashelp.flags,CATALOG
FLAG MANAGEMENT PROJECT,CAMBODIA,100X60 8-bit CMAP,CAMBODIA,CAMBODIA,sashelp.flags,CATALOG
FLAG MANAGEMENT PROJECT,CAMEROON,100X60 8-bit CMAP,CAMEROON,CAMEROON,sashelp.flags,CATALOG
FLAG MANAGEMENT PROJECT,CANADA,100X60 8-bit CMAP,CANADA,CANADA,sashelp.flags,CATALOG
FLAG MANAGEMENT PROJECT,CAPE VERDE,100X60 8-bit CMAP,CAPEVERD,CAPEVERD CAPE VERDE,sashelp.flags,CATALOG
FLAG MANAGEMENT PROJECT,CAYMAN ISLANDS,100X60 8-bit CMAP,CAYMANIS,CAYMANIS CAYMAN ISLANDS,sashelp.flags,CATALOG
FLAG MANAGEMENT PROJECT,CENTRAL AFRICAN REP,100X60 8-bit CMAP,CENTRALA,CENTRALA CENTRAL AFRICAN REP,sashelp.flags,CATALOG
FLAG MANAGEMENT PROJECT,CHAD,100X60 8-bit CMAP,CHAD,CHAD,sashelp.flags,CATALOG
FLAG MANAGEMENT PROJECT,CHILE,100X60 8-bit CMAP,CHILE,CHILE,sashelp.flags,CATALOG
FLAG MANAGEMENT PROJECT,CHINA,100X60 8-bit CMAP,CHINA,CHINA,sashelp.flags,CATALOG
FLAG MANAGEMENT PROJECT,CHRISTMAS ISLS,100X60 8-bit CMAP,CHRISTMA,CHRISTMA CHRISTMAS ISLS,sashelp.flags,CATALOG
FLAG MANAGEMENT PROJECT,COLOMBIA,100X60 8-bit CMAP,COLOMBIA,COLOMBIA,sashelp.flags,CATALOG
FLAG MANAGEMENT PROJECT,COMOROS,100X60 8-bit CMAP,COMOROS,COMOROS,sashelp.flags,CATALOG
FLAG MANAGEMENT PROJECT,CONGO,100X60 8-bit CMAP,CONGO,CONGO,sashelp.flags,CATALOG
FLAG MANAGEMENT PROJECT,COOK ISLS,100X60 8-bit CMAP,COOKISLS,COOKISLS COOK ISLS,sashelp.flags,CATALOG
FLAG MANAGEMENT PROJECT,COSTA RICA,100X60 8-bit CMAP,COSTARIC,COSTARIC COSTA RICA,sashelp.flags,CATALOG
FLAG MANAGEMENT PROJECT,CROATIA,100X60 8-bit CMAP,CROATIA,CROATIA,sashelp.flags,CATALOG
FLAG MANAGEMENT PROJECT,CUBA,100X60 8-bit CMAP,CUBA,CUBA,sashelp.flags,CATALOG
FLAG MANAGEMENT PROJECT,CYPRUS,100X60 8-bit CMAP,CYPRUS,CYPRUS,sashelp.flags,CATALOG
FLAG MANAGEMENT PROJECT,CZECH,100X60 8-bit CMAP,CZECH,CZECH,sashelp.flags,CATALOG
FLAG MANAGEMENT PROJECT,DENMARK,100X60 8-bit CMAP,DENMARK,DENMARK,sashelp.flags,CATALOG
FLAG MANAGEMENT PROJECT,DJIBOUTI,100X60 8-bit CMAP,DJIBOUTI,DJIBOUTI,sashelp.flags,CATALOG
FLAG MANAGEMENT PROJECT,DOMINICA,100X60 8-bit CMAP,DOMINICA,DOMINICA,sashelp.flags,CATALOG
FLAG MANAGEMENT PROJECT,DOMINICAN REP,100X60 8-bit CMAP,DOMNREP,DOMNREP DOMINICAN REP,sashelp.flags,CATALOG
FLAG MANAGEMENT PROJECT,ECUADOR,100X60 8-bit CMAP,ECUADOR,ECUADOR,sashelp.flags,CATALOG
FLAG MANAGEMENT PROJECT,EGYPT,100X60 8-bit CMAP,EGYPT,EGYPT,sashelp.flags,CATALOG
FLAG MANAGEMENT PROJECT,EL SALVADOR,100X60 8-bit CMAP,ELSALVAD,ELSALVAD EL SALVADOR,sashelp.flags,CATALOG
FLAG MANAGEMENT PROJECT,EQUATORIAL GUINEA,100X60 8-bit CMAP,EQUATORI,EQUATORI EQUATORIAL GUINEA,sashelp.flags,CATALOG
FLAG MANAGEMENT PROJECT,ERITREA,100X60 8-bit CMAP,ERITREA,ERITREA,sashelp.flags,CATALOG
FLAG MANAGEMENT PROJECT,ESTONIA,100X60 8-bit CMAP,ESTONIA,ESTONIA,sashelp.flags,CATALOG
FLAG MANAGEMENT PROJECT,ETHIOPIA,100X60 8-bit CMAP,ETHIOPIA,ETHIOPIA,sashelp.flags,CATALOG
FLAG MANAGEMENT PROJECT,FAEROE ISLANDS,100X60 8-bit CMAP,FAEROEIS,FAEROEIS FAEROE ISLANDS,sashelp.flags,CATALOG
FLAG MANAGEMENT PROJECT,FALKLAND,100X60 8-bit CMAP,FALKLAND,FALKLAND,sashelp.flags,CATALOG
FLAG MANAGEMENT PROJECT,FIJI,100X60 8-bit CMAP,FIJI,FIJI,sashelp.flags,CATALOG
FLAG MANAGEMENT PROJECT,FINLAND,100X60 8-bit CMAP,FINLAND,FINLAND,sashelp.flags,CATALOG
FLAG MANAGEMENT PROJECT,FRANCE,100X60 8-bit CMAP,FRANCE,FRANCE,sashelp.flags,CATALOG
FLAG MANAGEMENT PROJECT,FR,100X60 8-bit CMAP,FRPOLYNE,FRPOLYNE FR,sashelp.flags,CATALOG
FLAG MANAGEMENT PROJECT,GAMBIA,100X60 8-bit CMAP,GAMBIA,GAMBIA,sashelp.flags,CATALOG
FLAG MANAGEMENT PROJECT,GEORGIA,100X60 8-bit CMAP,GEORGIA,GEORGIA,sashelp.flags,CATALOG
FLAG MANAGEMENT PROJECT,GERMANY,100X60 8-bit CMAP,GERMANY,GERMANY,sashelp.flags,CATALOG
FLAG MANAGEMENT PROJECT,GHANA,100X60 8-bit CMAP,GHANA,GHANA,sashelp.flags,CATALOG
FLAG MANAGEMENT PROJECT,GIBRALTAR,100X60 8-bit CMAP,GIBRALTA,GIBRALTA GIBRALTAR,sashelp.flags,CATALOG
FLAG MANAGEMENT PROJECT,GREECE,100X60 8-bit CMAP,GREECE,GREECE,sashelp.flags,CATALOG
FLAG MANAGEMENT PROJECT,GREENLAND,100X60 8-bit CMAP,GREENLAN,GREENLAN GREENLAND,sashelp.flags,CATALOG
FLAG MANAGEMENT PROJECT,GRENADA,100X60 8-bit CMAP,GRENADA,GRENADA,sashelp.flags,CATALOG
FLAG MANAGEMENT PROJECT,GUADELOUPE,100X60 8-bit CMAP,GUADELOU,GUADELOU GUADELOUPE,sashelp.flags,CATALOG
FLAG MANAGEMENT PROJECT,GUAM,100X60 8-bit CMAP,GUAM,GUAM,sashelp.flags,CATALOG
FLAG MANAGEMENT PROJECT,GUATEMALA,100X60 8-bit CMAP,GUATEMAL,GUATEMAL GUATEMALA,sashelp.flags,CATALOG
FLAG MANAGEMENT PROJECT,GUIANA,100X60 8-bit CMAP,GUIANA,GUIANA,sashelp.flags,CATALOG
FLAG MANAGEMENT PROJECT,GUINEA,100X60 8-bit CMAP,GUINEA,GUINEA,sashelp.flags,CATALOG
FLAG MANAGEMENT PROJECT,GUINEA BISSAU,100X60 8-bit CMAP,GUINEABI,GUINEABI GUINEA BISSAU,sashelp.flags,CATALOG
FLAG MANAGEMENT PROJECT,GUYANA,100X60 8-bit CMAP,GUYANA,GUYANA,sashelp.flags,CATALOG
FLAG MANAGEMENT PROJECT,HAITI,100X60 8-bit CMAP,HAITI,HAITI,sashelp.flags,CATALOG
FLAG MANAGEMENT PROJECT,HONDURAS,100X60 8-bit CMAP,HONDURAS,HONDURAS,sashelp.flags,CATALOG
FLAG MANAGEMENT PROJECT,HONGKONG,100X60 8-bit CMAP,HONGKONG,HONGKONG,sashelp.flags,CATALOG
FLAG MANAGEMENT PROJECT,HUNGARY,100X60 8-bit CMAP,HUNGARY,HUNGARY,sashelp.flags,CATALOG
FLAG MANAGEMENT PROJECT,ICELAND,100X60 8-bit CMAP,ICELAND,ICELAND,sashelp.flags,CATALOG
FLAG MANAGEMENT PROJECT,INDIA,100X60 8-bit CMAP,INDIA,INDIA,sashelp.flags,CATALOG
FLAG MANAGEMENT PROJECT,INDONESIA,100X60 8-bit CMAP,INDONESI,INDONESI INDONESIA,sashelp.flags,CATALOG
FLAG MANAGEMENT PROJECT,IRAN,100X60 8-bit CMAP,IRAN,IRAN,sashelp.flags,CATALOG
FLAG MANAGEMENT PROJECT,IRAQ,100X60 8-bit CMAP,IRAQ,IRAQ,sashelp.flags,CATALOG
FLAG MANAGEMENT PROJECT,IRELAND,100X60 8-bit CMAP,IRELAND,IRELAND,sashelp.flags,CATALOG
FLAG MANAGEMENT PROJECT,ISRAEL,100X60 8-bit CMAP,ISRAEL,ISRAEL,sashelp.flags,CATALOG
FLAG MANAGEMENT PROJECT,ITALY,100X60 8-bit CMAP,ITALY,ITALY,sashelp.flags,CATALOG
FLAG MANAGEMENT PROJECT,IVORY COAST,100X60 8-bit CMAP,IVORYCOA,IVORYCOA IVORY COAST,sashelp.flags,CATALOG
FLAG MANAGEMENT PROJECT,JAMAICA,100X60 8-bit CMAP,JAMAICA,JAMAICA,sashelp.flags,CATALOG
FLAG MANAGEMENT PROJECT,JAPAN,100X60 8-bit CMAP,JAPAN,JAPAN,sashelp.flags,CATALOG
FLAG MANAGEMENT PROJECT,JORDAN,100X60 8-bit CMAP,JORDAN,JORDAN,sashelp.flags,CATALOG
FLAG MANAGEMENT PROJECT,KAZAKHSTAN,100X60 8-bit CMAP,KAZAKHST,KAZAKHST KAZAKHSTAN,sashelp.flags,CATALOG
FLAG MANAGEMENT PROJECT,KENYA,100X60 8-bit CMAP,KENYA,KENYA,sashelp.flags,CATALOG
FLAG MANAGEMENT PROJECT,KIRIBATI,100X60 8-bit CMAP,KIRIBATI,KIRIBATI,sashelp.flags,CATALOG
FLAG MANAGEMENT PROJECT,KUWAIT,100X60 8-bit CMAP,KUWAIT,KUWAIT,sashelp.flags,CATALOG
FLAG MANAGEMENT PROJECT,KYRGYZSTAN,100X60 8-bit CMAP,KYRGYZST,KYRGYZST KYRGYZSTAN,sashelp.flags,CATALOG
FLAG MANAGEMENT PROJECT,LAOS,100X60 8-bit CMAP,LAOS,LAOS,sashelp.flags,CATALOG
FLAG MANAGEMENT PROJECT,LATVIA,100X60 8-bit CMAP,LATVIA,LATVIA,sashelp.flags,CATALOG
FLAG MANAGEMENT PROJECT,LEBANON,100X60 8-bit CMAP,LEBANON,LEBANON,sashelp.flags,CATALOG
FLAG MANAGEMENT PROJECT,LESOTHO,100X60 8-bit CMAP,LESOTHO,LESOTHO,sashelp.flags,CATALOG
FLAG MANAGEMENT PROJECT,LIBERIA,100X60 8-bit CMAP,LIBERIA,LIBERIA,sashelp.flags,CATALOG
FLAG MANAGEMENT PROJECT,LIBYA,100X60 8-bit CMAP,LIBYA,LIBYA,sashelp.flags,CATALOG
FLAG MANAGEMENT PROJECT,LIECHTENSTEIN,100X60 8-bit CMAP,LIECHTEN,LIECHTEN LIECHTENSTEIN,sashelp.flags,CATALOG
FLAG MANAGEMENT PROJECT,LITHUANIA,100X60 8-bit CMAP,LITHUANI,LITHUANI LITHUANIA,sashelp.flags,CATALOG
FLAG MANAGEMENT PROJECT,LUXEMBOURG,100X60 8-bit CMAP,LUXEMBOU,LUXEMBOU LUXEMBOURG,sashelp.flags,CATALOG
FLAG MANAGEMENT PROJECT,MACAU,100X60 8-bit CMAP,MACAU,MACAU,sashelp.flags,CATALOG
FLAG MANAGEMENT PROJECT,MACEDONIA,100X60 8-bit CMAP,MACEDONI,MACEDONI MACEDONIA,sashelp.flags,CATALOG
FLAG MANAGEMENT PROJECT,MADAGASCAR,100X60 8-bit CMAP,MADAGASC,MADAGASC MADAGASCAR,sashelp.flags,CATALOG
FLAG MANAGEMENT PROJECT,MALAWI,100X60 8-bit CMAP,MALAWI,MALAWI,sashelp.flags,CATALOG
FLAG MANAGEMENT PROJECT,MALAYSIA,100X60 8-bit CMAP,MALAYSIA,MALAYSIA,sashelp.flags,CATALOG
FLAG MANAGEMENT PROJECT,MALDIVES,100X60 8-bit CMAP,MALDIVES,MALDIVES,sashelp.flags,CATALOG
FLAG MANAGEMENT PROJECT,MALI,100X60 8-bit CMAP,MALI,MALI,sashelp.flags,CATALOG
FLAG MANAGEMENT PROJECT,MALTA,100X60 8-bit CMAP,MALTA,MALTA,sashelp.flags,CATALOG
FLAG MANAGEMENT PROJECT,MARSHALL ISLANDS,100X60 8-bit CMAP,MARSHALL,MARSHALL MARSHALL ISLANDS,sashelp.flags,CATALOG
FLAG MANAGEMENT PROJECT,MAURITANIA,100X60 8-bit CMAP,MAURITAN,MAURITAN MAURITANIA,sashelp.flags,CATALOG
FLAG MANAGEMENT PROJECT,MAURITIUS,100X60 8-bit CMAP,MAURITIU,MAURITIU MAURITIUS,sashelp.flags,CATALOG
FLAG MANAGEMENT PROJECT,MEXICO,100X60 8-bit CMAP,MEXICO,MEXICO,sashelp.flags,CATALOG
FLAG MANAGEMENT PROJECT,"MICRONESIA, FED. STATES",100X60 8-bit CMAP,MICRONES,"MICRONES MICRONESIA, FED. STATES",sashelp.flags,CATALOG
FLAG MANAGEMENT PROJECT,MIQUELON,100X60 8-bit CMAP,MIQUELON,MIQUELON,sashelp.flags,CATALOG
FLAG MANAGEMENT PROJECT,MOLDOVA,100X60 8-bit CMAP,MOLDOVA,MOLDOVA,sashelp.flags,CATALOG
FLAG MANAGEMENT PROJECT,MONACO,100X60 8-bit CMAP,MONACO,MONACO,sashelp.flags,CATALOG
FLAG MANAGEMENT PROJECT,MONGOLIA,100X60 8-bit CMAP,MONGOLIA,MONGOLIA,sashelp.flags,CATALOG
FLAG MANAGEMENT PROJECT,MONTSERRAT,100X60 8-bit CMAP,MONTSERR,MONTSERR MONTSERRAT,sashelp.flags,CATALOG
FLAG MANAGEMENT PROJECT,MOROCCO,100X60 8-bit CMAP,MOROCCO,MOROCCO,sashelp.flags,CATALOG
FLAG MANAGEMENT PROJECT,MOZAMBIQUE,100X60 8-bit CMAP,MOZAMBIQ,MOZAMBIQ MOZAMBIQUE,sashelp.flags,CATALOG
FLAG MANAGEMENT PROJECT,MYANMAR,100X60 8-bit CMAP,MYANMAR,MYANMAR,sashelp.flags,CATALOG
FLAG MANAGEMENT PROJECT,NAMIBIA,100X60 8-bit CMAP,NAMIBIA,NAMIBIA,sashelp.flags,CATALOG
FLAG MANAGEMENT PROJECT,NAURU,100X60 8-bit CMAP,NAURU,NAURU,sashelp.flags,CATALOG
FLAG MANAGEMENT PROJECT,NEPAL,100X60 8-bit CMAP,NEPAL,NEPAL,sashelp.flags,CATALOG
FLAG MANAGEMENT PROJECT,NETHERLANDS ANTILLES,100X60 8-bit CMAP,NETHERLA,NETHERLA NETHERLANDS ANTILLES,sashelp.flags,CATALOG
FLAG MANAGEMENT PROJECT,NEW CALEDONIA,100X60 8-bit CMAP,NEWCALED,NEWCALED NEW CALEDONIA,sashelp.flags,CATALOG
FLAG MANAGEMENT PROJECT,NEW ZEALAND,100X60 8-bit CMAP,NEWZEALA,NEWZEALA NEW ZEALAND,sashelp.flags,CATALOG
FLAG MANAGEMENT PROJECT,NICARAGUA,100X60 8-bit CMAP,NICARAGU,NICARAGU NICARAGUA,sashelp.flags,CATALOG
FLAG MANAGEMENT PROJECT,NIGER,100X60 8-bit CMAP,NIGER,NIGER,sashelp.flags,CATALOG
FLAG MANAGEMENT PROJECT,NIGERIA,100X60 8-bit CMAP,NIGERIA,NIGERIA,sashelp.flags,CATALOG
FLAG MANAGEMENT PROJECT,NIUE,100X60 8-bit CMAP,NIUE,NIUE,sashelp.flags,CATALOG
FLAG MANAGEMENT PROJECT,NORTH KOREA,100X60 8-bit CMAP,NORTHKOR,NORTHKOR NORTH KOREA,sashelp.flags,CATALOG
FLAG MANAGEMENT PROJECT,NORTH MARIANA,100X60 8-bit CMAP,NORTHMAR,NORTHMAR NORTH MARIANA,sashelp.flags,CATALOG
FLAG MANAGEMENT PROJECT,NORWAY,100X60 8-bit CMAP,NORWAY,NORWAY,sashelp.flags,CATALOG
FLAG MANAGEMENT PROJECT,NETHERLANDS,100X60 8-bit CMAP,NTLANDS,NTLANDS NETHERLANDS,sashelp.flags,CATALOG
FLAG MANAGEMENT PROJECT,OMAN,100X60 8-bit CMAP,OMAN,OMAN,sashelp.flags,CATALOG
FLAG MANAGEMENT PROJECT,PAKISTAN,100X60 8-bit CMAP,PAKISTAN,PAKISTAN,sashelp.flags,CATALOG
FLAG MANAGEMENT PROJECT,PANAMA,100X60 8-bit CMAP,PANAMA,PANAMA,sashelp.flags,CATALOG
FLAG MANAGEMENT PROJECT,PAPUA NEW GUINEA,100X60 8-bit CMAP,PAPUANEW,PAPUANEW PAPUA NEW GUINEA,sashelp.flags,CATALOG
FLAG MANAGEMENT PROJECT,PARAGUAY,100X60 8-bit CMAP,PARAGUAY,PARAGUAY,sashelp.flags,CATALOG
FLAG MANAGEMENT PROJECT,PERU,100X60 8-bit CMAP,PERU,PERU,sashelp.flags,CATALOG
FLAG MANAGEMENT PROJECT,PHILIPPINES,100X60 8-bit CMAP,PHILIPPI,PHILIPPI PHILIPPINES,sashelp.flags,CATALOG
FLAG MANAGEMENT PROJECT,PITCAIRN,100X60 8-bit CMAP,PITCAIRN,PITCAIRN,sashelp.flags,CATALOG
FLAG MANAGEMENT PROJECT,POLAND,100X60 8-bit CMAP,POLAND,POLAND,sashelp.flags,CATALOG
FLAG MANAGEMENT PROJECT,PORTUGAL,100X60 8-bit CMAP,PORTUGAL,PORTUGAL,sashelp.flags,CATALOG
FLAG MANAGEMENT PROJECT,PUERTO RICO,100X60 8-bit CMAP,PUERTORI,PUERTORI PUERTO RICO,sashelp.flags,CATALOG
FLAG MANAGEMENT PROJECT,QATAR,100X60 8-bit CMAP,QATAR,QATAR,sashelp.flags,CATALOG
FLAG MANAGEMENT PROJECT,ROMANIA,100X60 8-bit CMAP,ROMANIA,ROMANIA,sashelp.flags,CATALOG
FLAG MANAGEMENT PROJECT,RUSSIA,100X60 8-bit CMAP,RUSSIA,RUSSIA,sashelp.flags,CATALOG
FLAG MANAGEMENT PROJECT,RWANDA,100X60 8-bit CMAP,RWANDA,RWANDA,sashelp.flags,CATALOG
FLAG MANAGEMENT PROJECT,SAN MARINO,100X60 8-bit CMAP,SANMARIN,SANMARIN SAN MARINO,sashelp.flags,CATALOG
FLAG MANAGEMENT PROJECT,SAO TOME PRINCIPE,100X60 8-bit CMAP,SAOTOMEP,SAOTOMEP SAO TOME PRINCIPE,sashelp.flags,CATALOG
FLAG MANAGEMENT PROJECT,SAUDI ARABIA,100X60 8-bit CMAP,SAUDIARA,SAUDIARA SAUDI ARABIA,sashelp.flags,CATALOG
FLAG MANAGEMENT PROJECT,SCOTLAND,100X60 8-bit CMAP,SCOTLAND,SCOTLAND,sashelp.flags,CATALOG
FLAG MANAGEMENT PROJECT,SENEGAL,100X60 8-bit CMAP,SENEGAL,SENEGAL,sashelp.flags,CATALOG
FLAG MANAGEMENT PROJECT,SEYCHELLES,100X60 8-bit CMAP,SEYCHELL,SEYCHELL SEYCHELLES,sashelp.flags,CATALOG
FLAG MANAGEMENT PROJECT,SIERRA LEON,100X60 8-bit CMAP,SIERRALE,SIERRALE SIERRA LEON,sashelp.flags,CATALOG
FLAG MANAGEMENT PROJECT,SINGAPORE,100X60 8-bit CMAP,SINGAPOR,SINGAPOR SINGAPORE,sashelp.flags,CATALOG
FLAG MANAGEMENT PROJECT,SLOVAKIA,100X60 8-bit CMAP,SLOVAKIA,SLOVAKIA,sashelp.flags,CATALOG
FLAG MANAGEMENT PROJECT,SLOVENIA,100X60 8-bit CMAP,SLOVENIA,SLOVENIA,sashelp.flags,CATALOG
FLAG MANAGEMENT PROJECT,SOMALIA,100X60 8-bit CMAP,SOMALIA,SOMALIA,sashelp.flags,CATALOG
FLAG MANAGEMENT PROJECT,SOUTH AFRICA,100X60 8-bit CMAP,SOUTHAFR,SOUTHAFR SOUTH AFRICA,sashelp.flags,CATALOG
FLAG MANAGEMENT PROJECT,SOUTH KOREA,100X60 8-bit CMAP,SOUTHKOR,SOUTHKOR SOUTH KOREA,sashelp.flags,CATALOG
FLAG MANAGEMENT PROJECT,SPAIN,100X60 8-bit CMAP,SPAIN,SPAIN,sashelp.flags,CATALOG
FLAG MANAGEMENT PROJECT,SRI LANKA,100X60 8-bit CMAP,SRILANKA,SRILANKA SRI LANKA,sashelp.flags,CATALOG
FLAG MANAGEMENT PROJECT,ST HELENA,100X60 8-bit CMAP,STHELENA,STHELENA ST HELENA,sashelp.flags,CATALOG
FLAG MANAGEMENT PROJECT,ST KITTS/NEVIS,100X60 8-bit CMAP,STKITTNE,STKITTNE ST KITTS/NEVIS,sashelp.flags,CATALOG
FLAG MANAGEMENT PROJECT,ST LUCIA,100X60 8-bit CMAP,STLUCIA,STLUCIA ST LUCIA,sashelp.flags,CATALOG
FLAG MANAGEMENT PROJECT,ST VINCENT/GRENADINES,100X60 8-bit CMAP,STVINCEN,STVINCEN ST VINCENT/GRENADINES,sashelp.flags,CATALOG
FLAG MANAGEMENT PROJECT,SUDAN,100X60 8-bit CMAP,SUDAN,SUDAN,sashelp.flags,CATALOG
FLAG MANAGEMENT PROJECT,SURINAME,100X60 8-bit CMAP,SURINAME,SURINAME,sashelp.flags,CATALOG
FLAG MANAGEMENT PROJECT,SWEDEN,100X60 8-bit CMAP,SWEDEN,SWEDEN,sashelp.flags,CATALOG
FLAG MANAGEMENT PROJECT,SWITZERLAND,100X60 8-bit CMAP,SWITZERL,SWITZERL SWITZERLAND,sashelp.flags,CATALOG
FLAG MANAGEMENT PROJECT,SYRIA,100X60 8-bit CMAP,SYRIA,SYRIA,sashelp.flags,CATALOG
FLAG MANAGEMENT PROJECT,TAIWAN,100X60 8-bit CMAP,TAIWAN,TAIWAN,sashelp.flags,CATALOG
FLAG MANAGEMENT PROJECT,TAJIKISTAN,100X60 8-bit CMAP,TAJIKIST,TAJIKIST TAJIKISTAN,sashelp.flags,CATALOG
FLAG MANAGEMENT PROJECT,TANZANIA,100X60 8-bit CMAP,TANZANIA,TANZANIA,sashelp.flags,CATALOG
FLAG MANAGEMENT PROJECT,THAILAND,100X60 8-bit CMAP,THAILAND,THAILAND,sashelp.flags,CATALOG
FLAG MANAGEMENT PROJECT,TOGO,100X60 8-bit CMAP,TOGO,TOGO,sashelp.flags,CATALOG
FLAG MANAGEMENT PROJECT,TOKELAU,100X60 8-bit CMAP,TOKELAU,TOKELAU,sashelp.flags,CATALOG
FLAG MANAGEMENT PROJECT,TONGA,100X60 8-bit CMAP,TONGA,TONGA,sashelp.flags,CATALOG
FLAG MANAGEMENT PROJECT,TRINIDAD/TOBAGO,100X60 8-bit CMAP,TRINIDAD,TRINIDAD TRINIDAD/TOBAGO,sashelp.flags,CATALOG
FLAG MANAGEMENT PROJECT,TUNISIA,100X60 8-bit CMAP,TUNISIA,TUNISIA,sashelp.flags,CATALOG
FLAG MANAGEMENT PROJECT,TURKEY,100X60 8-bit CMAP,TURKEY,TURKEY,sashelp.flags,CATALOG
FLAG MANAGEMENT PROJECT,TURKMENISTAN,100X60 8-bit CMAP,TURKMENI,TURKMENI TURKMENISTAN,sashelp.flags,CATALOG
FLAG MANAGEMENT PROJECT,TURKS/CAICOS,100X60 8-bit CMAP,TURKSCAI,TURKSCAI TURKS/CAICOS,sashelp.flags,CATALOG
FLAG MANAGEMENT PROJECT,TUVALU,100X60 8-bit CMAP,TUVALU,TUVALU,sashelp.flags,CATALOG
FLAG MANAGEMENT PROJECT,UAE,100X60 8-bit CMAP,UAE,UAE,sashelp.flags,CATALOG
FLAG MANAGEMENT PROJECT,UGANDA,100X60 8-bit CMAP,UGANDA,UGANDA,sashelp.flags,CATALOG
FLAG MANAGEMENT PROJECT,UK,100X60 8-bit CMAP,UK,UK,sashelp.flags,CATALOG
FLAG MANAGEMENT PROJECT,UKRAINE,100X60 8-bit CMAP,UKRAINE,UKRAINE,sashelp.flags,CATALOG
FLAG MANAGEMENT PROJECT,URUGUAY,100X60 8-bit CMAP,URUGUAY,URUGUAY,sashelp.flags,CATALOG
FLAG MANAGEMENT PROJECT,USA,100X60 8-bit CMAP,USA,USA,sashelp.flags,CATALOG
FLAG MANAGEMENT PROJECT,UZBEKISTAN,100X60 8-bit CMAP,UZBEKIST,UZBEKIST UZBEKISTAN,sashelp.flags,CATALOG
FLAG MANAGEMENT PROJECT,VATICAN,100X60 8-bit CMAP,VATICAN,VATICAN,sashelp.flags,CATALOG
FLAG MANAGEMENT PROJECT,VENEZUELA,100X60 8-bit CMAP,VENEZUEL,VENEZUEL VENEZUELA,sashelp.flags,CATALOG
FLAG MANAGEMENT PROJECT,VIETNAM,100X60 8-bit CMAP,VIETNAM,VIETNAM,sashelp.flags,CATALOG
FLAG MANAGEMENT PROJECT,WESTERN SAHARA,100X60 8-bit CMAP,WESTERNS,WESTERNS WESTERN SAHARA,sashelp.flags,CATALOG
FLAG MANAGEMENT PROJECT,YEMEN,100X60 8-bit CMAP,YEMEN,YEMEN,sashelp.flags,CATALOG
FLAG MANAGEMENT PROJECT,YUGOSLAVIA,100X60 8-bit CMAP,YUGOSLAV,YUGOSLAV YUGOSLAVIA,sashelp.flags,CATALOG
FLAG MANAGEMENT PROJECT,ZAIRE,100X60 8-bit CMAP,ZAIRE,ZAIRE,sashelp.flags,CATALOG
FLAG MANAGEMENT PROJECT,ZAMBIA,100X60 8-bit CMAP,ZAMBIA,ZAMBIA,sashelp.flags,CATALOG
FLAG MANAGEMENT PROJECT,ZIMBABWE,100X60 8-bit CMAP,ZIMBABWE,ZIMBABWE,sashelp.flags,CATALOG
