libname,memname,memtype
MAPS,AFGHANI2,DATA
MAPS,AFGHANIS,DATA
MAPS,AFRICA,DATA
MAPS,AFRICA2,DATA
MAPS,ALGERIA,DATA
MAPS,ALGERIA2,DATA
MAPS,ANDORRA,DATA
MAPS,ANDORRA2,DATA
MAPS,ANOMALY,DATA
MAPS,ANTARCT2,DATA
MAPS,ANTARCTI,DATA
MAPS,ARGENTI2,DATA
MAPS,ARGENTIN,DATA
MAPS,ARMENIA,DATA
MAPS,ARMENIA2,DATA
MAPS,ASIA,DATA
MAPS,ASIA2,DATA
MAPS,AUSTRAL,DATA
MAPS,AUSTRAL2,DATA
MAPS,AUSTRIA,DATA
MAPS,AUSTRIA2,DATA
MAPS,AZERBAI2,DATA
MAPS,AZERBAIJ,DATA
MAPS,BANGLAD2,DATA
MAPS,BANGLADE,DATA
MAPS,BELARUS,DATA
MAPS,BELARUS2,DATA
MAPS,BELGIUM,DATA
MAPS,BELGIUM2,DATA
MAPS,BELIZE,DATA
MAPS,BELIZE2,DATA
MAPS,BHUTAN,DATA
MAPS,BHUTAN2,DATA
MAPS,BOLIVIA,DATA
MAPS,BOLIVIA2,DATA
MAPS,BOSNIAH2,DATA
MAPS,BOSNIAHE,DATA
MAPS,BRAZIL,DATA
MAPS,BRAZIL2,DATA
MAPS,BRUNEI,DATA
MAPS,BRUNEI2,DATA
MAPS,BULGARI2,DATA
MAPS,BULGARIA,DATA
MAPS,CAMBODI2,DATA
MAPS,CAMBODIA,DATA
MAPS,CANADA,DATA
MAPS,CANADA2,DATA
MAPS,CANADA3,DATA
MAPS,CANADA4,DATA
MAPS,CANCENS,DATA
MAPS,CHILE,DATA
MAPS,CHILE2,DATA
MAPS,CHINA,DATA
MAPS,CHINA2,DATA
MAPS,CNTYNAME,DATA
MAPS,COLOMBI2,DATA
MAPS,COLOMBIA,DATA
MAPS,COSTRIC2,DATA
MAPS,COSTRICA,DATA
MAPS,COUNTIES,DATA
MAPS,COUNTY,DATA
MAPS,CROATIA,DATA
MAPS,CROATIA2,DATA
MAPS,CUBA,DATA
MAPS,CUBA2,DATA
MAPS,CYPRUS,DATA
MAPS,CYPRUS2,DATA
MAPS,CZECH,DATA
MAPS,CZECH2,DATA
MAPS,DENMARK,DATA
MAPS,DENMARK2,DATA
MAPS,DOMINRE2,DATA
MAPS,DOMINREP,DATA
MAPS,ECUADOR,DATA
MAPS,ECUADOR2,DATA
MAPS,EGYPT,DATA
MAPS,EGYPT2,DATA
MAPS,ERITREA,DATA
MAPS,ERITREA2,DATA
MAPS,ESTONIA,DATA
MAPS,ESTONIA2,DATA
MAPS,ETHIOPI2,DATA
MAPS,ETHIOPIA,DATA
MAPS,EUROPE,DATA
MAPS,EUROPE2,DATA
MAPS,FGUIANA,DATA
MAPS,FGUIANA2,DATA
MAPS,FINLAND,DATA
MAPS,FINLAND2,DATA
MAPS,FRANCE,DATA
MAPS,FRANCE2,DATA
MAPS,GAZASTR2,DATA
MAPS,GAZASTRI,DATA
MAPS,GEORGIA,DATA
MAPS,GEORGIA2,DATA
MAPS,GERMANY,DATA
MAPS,GERMANY2,DATA
MAPS,GREECE,DATA
MAPS,GREECE2,DATA
MAPS,GUATEMA2,DATA
MAPS,GUATEMAL,DATA
MAPS,GUYANA,DATA
MAPS,GUYANA2,DATA
MAPS,HAITI,DATA
MAPS,HAITI2,DATA
MAPS,HKDB1,DATA
MAPS,HKDB2,DATA
MAPS,HKKWDB1,DATA
MAPS,HKKWDB2,DATA
MAPS,HKKWPU1,DATA
MAPS,HKKWPU2,DATA
MAPS,HKNTDB1,DATA
MAPS,HKNTDB2,DATA
MAPS,HKNTPU1,DATA
MAPS,HKNTPU2,DATA
MAPS,HKPU1,DATA
MAPS,HKPU2,DATA
MAPS,HONDURA2,DATA
MAPS,HONDURAS,DATA
MAPS,HUNGARY,DATA
MAPS,HUNGARY2,DATA
MAPS,INDIA,DATA
MAPS,INDIA2,DATA
MAPS,INDONES2,DATA
MAPS,INDONESI,DATA
MAPS,IRAN,DATA
MAPS,IRAN2,DATA
MAPS,IRAQ,DATA
MAPS,IRAQ2,DATA
MAPS,IRAQSAU2,DATA
MAPS,IRAQSAUD,DATA
MAPS,IRELAND,DATA
MAPS,IRELAND2,DATA
MAPS,ISRAEL,DATA
MAPS,ISRAEL2,DATA
MAPS,ITALY,DATA
MAPS,ITALY2,DATA
MAPS,IVORY,DATA
MAPS,IVORY2,DATA
MAPS,JAMAICA,DATA
MAPS,JAMAICA2,DATA
MAPS,JAOSAKA,DATA
MAPS,JAOSAKA2,DATA
MAPS,JAPAN,DATA
MAPS,JAPAN2,DATA
MAPS,JATOKYO,DATA
MAPS,JATOKYO2,DATA
MAPS,JDESC,DATA
MAPS,JDESCE,DATA
MAPS,KAZAKHS2,DATA
MAPS,KAZAKHST,DATA
MAPS,KENYA,DATA
MAPS,KENYA2,DATA
MAPS,KOREANO2,DATA
MAPS,KOREANOR,DATA
MAPS,KOREASO2,DATA
MAPS,KOREASOU,DATA
MAPS,KOSEOUL,DATA
MAPS,KOSEOUL2,DATA
MAPS,KYRGYZS2,DATA
MAPS,KYRGYZST,DATA
MAPS,LAOS,DATA
MAPS,LAOS2,DATA
MAPS,LATVIA,DATA
MAPS,LATVIA2,DATA
MAPS,LEBANON,DATA
MAPS,LEBANON2,DATA
MAPS,LIBYA,DATA
MAPS,LIBYA2,DATA
MAPS,LIECHTE2,DATA
MAPS,LIECHTEN,DATA
MAPS,LITHUAN2,DATA
MAPS,LITHUANI,DATA
MAPS,LUXEMBO2,DATA
MAPS,LUXEMBOU,DATA
MAPS,MACAU,DATA
MAPS,MACAU2,DATA
MAPS,MACEDON2,DATA
MAPS,MACEDONI,DATA
MAPS,MALAYSI2,DATA
MAPS,MALAYSIA,DATA
MAPS,METAMAPS,DATA
MAPS,MEXICO,DATA
MAPS,MEXICO2,DATA
MAPS,MOLDOVA,DATA
MAPS,MOLDOVA2,DATA
MAPS,MONACO,DATA
MAPS,MONACO2,DATA
MAPS,MONGOLI2,DATA
MAPS,MONGOLIA,DATA
MAPS,MONTENE2,DATA
MAPS,MONTENEG,DATA
MAPS,MOROCCO,DATA
MAPS,MOROCCO2,DATA
MAPS,MYANMAR,DATA
MAPS,MYANMAR2,DATA
MAPS,NAMERIC2,DATA
MAPS,NAMERICA,DATA
MAPS,NAMES,DATA
MAPS,NEPAL,DATA
MAPS,NEPAL2,DATA
MAPS,NICARAG2,DATA
MAPS,NICARAGU,DATA
MAPS,NIGERIA,DATA
MAPS,NIGERIA2,DATA
MAPS,NORWAY,DATA
MAPS,NORWAY2,DATA
MAPS,NTLANDS,DATA
MAPS,NTLANDS2,DATA
MAPS,NZ,DATA
MAPS,NZ2,DATA
MAPS,OCEANIA,DATA
MAPS,OCEANIA2,DATA
MAPS,ODESC,DATA
MAPS,ODESCE,DATA
MAPS,OSAKA,DATA
MAPS,PAKISTA2,DATA
MAPS,PAKISTAN,DATA
MAPS,PANAMA,DATA
MAPS,PANAMA2,DATA
MAPS,PARAGUA2,DATA
MAPS,PARAGUAY,DATA
MAPS,PERU,DATA
MAPS,PERU2,DATA
MAPS,PHILIPP2,DATA
MAPS,PHILIPPI,DATA
MAPS,POLAND,DATA
MAPS,POLAND2,DATA
MAPS,PORTUGA2,DATA
MAPS,PORTUGAL,DATA
MAPS,ROMANIA,DATA
MAPS,ROMANIA2,DATA
MAPS,RUSSIA,DATA
MAPS,RUSSIA2,DATA
MAPS,SALVADO2,DATA
MAPS,SALVADOR,DATA
MAPS,SAMERIC2,DATA
MAPS,SAMERICA,DATA
MAPS,SANMARI2,DATA
MAPS,SANMARIN,DATA
MAPS,SAUDIAR2,DATA
MAPS,SAUDIARA,DATA
MAPS,SERBIA,DATA
MAPS,SERBIA2,DATA
MAPS,SINGAPO2,DATA
MAPS,SINGAPOR,DATA
MAPS,SLOVAKI2,DATA
MAPS,SLOVAKIA,DATA
MAPS,SLOVENI2,DATA
MAPS,SLOVENIA,DATA
MAPS,SPACIFIC,DATA
MAPS,SPAIN,DATA
MAPS,SPAIN2,DATA
MAPS,SRILANK2,DATA
MAPS,SRILANKA,DATA
MAPS,STATES,DATA
MAPS,SURINAM2,DATA
MAPS,SURINAME,DATA
MAPS,SWEDEN,DATA
MAPS,SWEDEN2,DATA
MAPS,SWITZER2,DATA
MAPS,SWITZERL,DATA
MAPS,SYRIA,DATA
MAPS,SYRIA2,DATA
MAPS,TAIWAN,DATA
MAPS,TAIWAN2,DATA
MAPS,TAJIKIS2,DATA
MAPS,TAJIKIST,DATA
MAPS,TDESC,DATA
MAPS,TDESCE,DATA
MAPS,THAILAN2,DATA
MAPS,THAILAND,DATA
MAPS,TOKYO,DATA
MAPS,TRINIDA2,DATA
MAPS,TRINIDAD,DATA
MAPS,TUNISIA,DATA
MAPS,TUNISIA2,DATA
MAPS,TURKEY,DATA
MAPS,TURKEY2,DATA
MAPS,TURKMEN2,DATA
MAPS,TURKMENI,DATA
MAPS,UK,DATA
MAPS,UK2,DATA
MAPS,UKRAINE,DATA
MAPS,UKRAINE2,DATA
MAPS,URUGUAY,DATA
MAPS,URUGUAY2,DATA
MAPS,US,DATA
MAPS,US2,DATA
MAPS,USCENTER,DATA
MAPS,USCITY,DATA
MAPS,USCOUNTY,DATA
MAPS,UZBEKIS2,DATA
MAPS,UZBEKIST,DATA
MAPS,VENEZUE2,DATA
MAPS,VENEZUEL,DATA
MAPS,VIETNAM,DATA
MAPS,VIETNAM2,DATA
MAPS,WESTBAN2,DATA
MAPS,WESTBANK,DATA
MAPS,WORLD,DATA
MAPS,ZAIRE,DATA
MAPS,ZAIRE2,DATA
MAPSGFK,AFGHANISTAN,DATA
MAPSGFK,AFGHANISTAN_ATTR,DATA
MAPSGFK,AFRICA,DATA
MAPSGFK,AFRICA1,DATA
MAPSGFK,AFRICA1_ATTR,DATA
MAPSGFK,AFRICA2,DATA
MAPSGFK,AFRICA2_ATTR,DATA
MAPSGFK,AFRICA_ATTR,DATA
MAPSGFK,ALBANIA,DATA
MAPSGFK,ALBANIA_ATTR,DATA
MAPSGFK,ALGERIA,DATA
MAPSGFK,ALGERIA_ATTR,DATA
MAPSGFK,ANDORRA,DATA
MAPSGFK,ANDORRA_ATTR,DATA
MAPSGFK,ANGOLA,DATA
MAPSGFK,ANGOLA_ATTR,DATA
MAPSGFK,ANTARCTICA,DATA
MAPSGFK,ANTARCTICA1,DATA
MAPSGFK,ANTARCTICA1_ATTR,DATA
MAPSGFK,ANTARCTICA_ATTR,DATA
MAPSGFK,ARGENTINA,DATA
MAPSGFK,ARGENTINA_ATTR,DATA
MAPSGFK,ARMENIA,DATA
MAPSGFK,ARMENIA_ATTR,DATA
MAPSGFK,ASIA,DATA
MAPSGFK,ASIA1,DATA
MAPSGFK,ASIA1_ATTR,DATA
MAPSGFK,ASIA2,DATA
MAPSGFK,ASIA2_ATTR,DATA
MAPSGFK,ASIA3,DATA
MAPSGFK,ASIA3_ATTR,DATA
MAPSGFK,ASIA_ATTR,DATA
MAPSGFK,AUSTRALIA,DATA
MAPSGFK,AUSTRALIA_ALL,DATA
MAPSGFK,AUSTRALIA_ALL_ATTR,DATA
MAPSGFK,AUSTRALIA_ATTR,DATA
MAPSGFK,AUSTRIA,DATA
MAPSGFK,AUSTRIA_ATTR,DATA
MAPSGFK,AZERBAIJAN,DATA
MAPSGFK,AZERBAIJAN_ATTR,DATA
MAPSGFK,BAHRAIN,DATA
MAPSGFK,BAHRAIN_ATTR,DATA
MAPSGFK,BANGLADESH,DATA
MAPSGFK,BANGLADESH_ATTR,DATA
MAPSGFK,BELARUS,DATA
MAPSGFK,BELARUS_ATTR,DATA
MAPSGFK,BELGIUM,DATA
MAPSGFK,BELGIUM_ATTR,DATA
MAPSGFK,BELIZE,DATA
MAPSGFK,BELIZE_ATTR,DATA
MAPSGFK,BENIN,DATA
MAPSGFK,BENIN_ATTR,DATA
MAPSGFK,BERMUDA,DATA
MAPSGFK,BERMUDA_ATTR,DATA
MAPSGFK,BHUTAN,DATA
MAPSGFK,BHUTAN_ATTR,DATA
MAPSGFK,BOLIVIA,DATA
MAPSGFK,BOLIVIA_ATTR,DATA
MAPSGFK,BOSNIA_HERZEGOVINA,DATA
MAPSGFK,BOSNIA_HERZEGOVINA_ATTR,DATA
MAPSGFK,BOTSWANA,DATA
MAPSGFK,BOTSWANA_ATTR,DATA
MAPSGFK,BRAZIL,DATA
MAPSGFK,BRAZIL_ATTR,DATA
MAPSGFK,BRUNEI_DARUSSALAM,DATA
MAPSGFK,BRUNEI_DARUSSALAM_ATTR,DATA
MAPSGFK,BULGARIA,DATA
MAPSGFK,BULGARIA_ATTR,DATA
MAPSGFK,BURKINA_FASO,DATA
MAPSGFK,BURKINA_FASO_ATTR,DATA
MAPSGFK,BURUNDI,DATA
MAPSGFK,BURUNDI_ATTR,DATA
MAPSGFK,CAMBODIA,DATA
MAPSGFK,CAMBODIA_ATTR,DATA
MAPSGFK,CAMEROON,DATA
MAPSGFK,CAMEROON_ATTR,DATA
MAPSGFK,CANADA,DATA
MAPSGFK,CANADA_ATTR,DATA
MAPSGFK,CAPE_VERDE,DATA
MAPSGFK,CAPE_VERDE_ATTR,DATA
MAPSGFK,CARIBBEAN,DATA
MAPSGFK,CARIBBEAN_ATTR,DATA
MAPSGFK,CENTRAL_AFRICAN_REPUBLIC,DATA
MAPSGFK,CENTRAL_AFRICAN_REPUBLIC_ATTR,DATA
MAPSGFK,CHAD,DATA
MAPSGFK,CHAD_ATTR,DATA
MAPSGFK,CHILE,DATA
MAPSGFK,CHILE_ATTR,DATA
MAPSGFK,CHINA,DATA
MAPSGFK,CHINA_ATTR,DATA
MAPSGFK,COLOMBIA,DATA
MAPSGFK,COLOMBIA_ATTR,DATA
MAPSGFK,COMOROS,DATA
MAPSGFK,COMOROS_ATTR,DATA
MAPSGFK,CONGO,DATA
MAPSGFK,CONGO_ATTR,DATA
MAPSGFK,COSTA_RICA,DATA
MAPSGFK,COSTA_RICA_ATTR,DATA
MAPSGFK,CROATIA,DATA
MAPSGFK,CROATIA_ATTR,DATA
MAPSGFK,CYPRUS,DATA
MAPSGFK,CYPRUS_ATTR,DATA
MAPSGFK,CZECH_REPUBLIC,DATA
MAPSGFK,CZECH_REPUBLIC_ATTR,DATA
MAPSGFK,DENMARK,DATA
MAPSGFK,DENMARK_ALL,DATA
MAPSGFK,DENMARK_ALL_ATTR,DATA
MAPSGFK,DENMARK_ATTR,DATA
MAPSGFK,DJIBOUTI,DATA
MAPSGFK,DJIBOUTI_ATTR,DATA
MAPSGFK,DR_CONGO,DATA
MAPSGFK,DR_CONGO_ATTR,DATA
MAPSGFK,ECUADOR,DATA
MAPSGFK,ECUADOR_ATTR,DATA
MAPSGFK,EGYPT,DATA
MAPSGFK,EGYPT_ATTR,DATA
MAPSGFK,EL_SALVADOR,DATA
MAPSGFK,EL_SALVADOR_ATTR,DATA
MAPSGFK,EQUATORIAL_GUINEA,DATA
MAPSGFK,EQUATORIAL_GUINEA_ATTR,DATA
MAPSGFK,ERITREA,DATA
MAPSGFK,ERITREA_ATTR,DATA
MAPSGFK,ESTONIA,DATA
MAPSGFK,ESTONIA_ATTR,DATA
MAPSGFK,ETHIOPIA,DATA
MAPSGFK,ETHIOPIA_ATTR,DATA
MAPSGFK,EUROPE,DATA
MAPSGFK,EUROPE1,DATA
MAPSGFK,EUROPE1_ATTR,DATA
MAPSGFK,EUROPE2,DATA
MAPSGFK,EUROPE2_ATTR,DATA
MAPSGFK,EUROPE3,DATA
MAPSGFK,EUROPE3_ATTR,DATA
MAPSGFK,EUROPENUTS0,DATA
MAPSGFK,EUROPENUTS0_ATTR,DATA
MAPSGFK,EUROPENUTS1,DATA
MAPSGFK,EUROPENUTS1_ATTR,DATA
MAPSGFK,EUROPENUTS2,DATA
MAPSGFK,EUROPENUTS2_ATTR,DATA
MAPSGFK,EUROPENUTS3,DATA
MAPSGFK,EUROPENUTS3_ATTR,DATA
MAPSGFK,EUROPE_ATTR,DATA
MAPSGFK,FALKLAND_ISLANDS,DATA
MAPSGFK,FALKLAND_ISLANDS_ATTR,DATA
MAPSGFK,FAROE_ISLANDS,DATA
MAPSGFK,FAROE_ISLANDS_ATTR,DATA
MAPSGFK,FINLAND,DATA
MAPSGFK,FINLAND_ATTR,DATA
MAPSGFK,FRANCE,DATA
MAPSGFK,FRANCE_ALL,DATA
MAPSGFK,FRANCE_ALL_ATTR,DATA
MAPSGFK,FRANCE_ATTR,DATA
MAPSGFK,FRENCH_GUIANA,DATA
MAPSGFK,FRENCH_GUIANA_ATTR,DATA
MAPSGFK,GABON,DATA
MAPSGFK,GABON_ATTR,DATA
MAPSGFK,GAMBIA,DATA
MAPSGFK,GAMBIA_ATTR,DATA
MAPSGFK,GEORGIA,DATA
MAPSGFK,GEORGIA_ATTR,DATA
MAPSGFK,GERMANY,DATA
MAPSGFK,GERMANY_ATTR,DATA
MAPSGFK,GHANA,DATA
MAPSGFK,GHANA_ATTR,DATA
MAPSGFK,GIBRALTAR,DATA
MAPSGFK,GIBRALTAR_ATTR,DATA
MAPSGFK,GREECE,DATA
MAPSGFK,GREECE_ATTR,DATA
MAPSGFK,GREENLAND,DATA
MAPSGFK,GREENLAND_ATTR,DATA
MAPSGFK,GUATEMALA,DATA
MAPSGFK,GUATEMALA_ATTR,DATA
MAPSGFK,GUERNSEY,DATA
MAPSGFK,GUERNSEY_ATTR,DATA
MAPSGFK,GUINEA,DATA
MAPSGFK,GUINEA_ATTR,DATA
MAPSGFK,GUINEA_BISSAU,DATA
MAPSGFK,GUINEA_BISSAU_ATTR,DATA
MAPSGFK,GUYANA,DATA
MAPSGFK,GUYANA_ATTR,DATA
MAPSGFK,HONDURAS,DATA
MAPSGFK,HONDURAS_ATTR,DATA
MAPSGFK,HUNGARY,DATA
MAPSGFK,HUNGARY_ATTR,DATA
MAPSGFK,ICELAND,DATA
MAPSGFK,ICELAND_ATTR,DATA
MAPSGFK,INDIA,DATA
MAPSGFK,INDIA_ATTR,DATA
MAPSGFK,INDONESIA,DATA
MAPSGFK,INDONESIA_ATTR,DATA
MAPSGFK,IRAN,DATA
MAPSGFK,IRAN_ATTR,DATA
MAPSGFK,IRAQ,DATA
MAPSGFK,IRAQ_ATTR,DATA
MAPSGFK,IRELAND,DATA
MAPSGFK,IRELAND_ATTR,DATA
MAPSGFK,ISLE_OF_MAN,DATA
MAPSGFK,ISLE_OF_MAN_ATTR,DATA
MAPSGFK,ISRAEL,DATA
MAPSGFK,ISRAEL_ATTR,DATA
MAPSGFK,ITALY,DATA
MAPSGFK,ITALY_ATTR,DATA
MAPSGFK,IVORY_COAST,DATA
MAPSGFK,IVORY_COAST_ATTR,DATA
MAPSGFK,JAPAN,DATA
MAPSGFK,JAPAN_ATTR,DATA
MAPSGFK,JERSEY,DATA
MAPSGFK,JERSEY_ATTR,DATA
MAPSGFK,JORDAN,DATA
MAPSGFK,JORDAN_ATTR,DATA
MAPSGFK,KAZAKHSTAN,DATA
MAPSGFK,KAZAKHSTAN_ATTR,DATA
MAPSGFK,KENYA,DATA
MAPSGFK,KENYA_ATTR,DATA
MAPSGFK,KOSOVO,DATA
MAPSGFK,KOSOVO_ATTR,DATA
MAPSGFK,KUWAIT,DATA
MAPSGFK,KUWAIT_ATTR,DATA
MAPSGFK,KYRGYZSTAN,DATA
MAPSGFK,KYRGYZSTAN_ATTR,DATA
MAPSGFK,LAOS,DATA
MAPSGFK,LAOS_ATTR,DATA
MAPSGFK,LATVIA,DATA
MAPSGFK,LATVIA_ATTR,DATA
MAPSGFK,LEBANON,DATA
MAPSGFK,LEBANON_ATTR,DATA
MAPSGFK,LESOTHO,DATA
MAPSGFK,LESOTHO_ATTR,DATA
MAPSGFK,LIBERIA,DATA
MAPSGFK,LIBERIA_ATTR,DATA
MAPSGFK,LIBYA,DATA
MAPSGFK,LIBYA_ATTR,DATA
MAPSGFK,LIECHTENSTEIN,DATA
MAPSGFK,LIECHTENSTEIN_ATTR,DATA
MAPSGFK,LITHUANIA,DATA
MAPSGFK,LITHUANIA_ATTR,DATA
MAPSGFK,LUXEMBOURG,DATA
MAPSGFK,LUXEMBOURG_ATTR,DATA
MAPSGFK,MACEDONIA,DATA
MAPSGFK,MACEDONIA_ATTR,DATA
MAPSGFK,MADAGASCAR,DATA
MAPSGFK,MADAGASCAR_ATTR,DATA
MAPSGFK,MALAWI,DATA
MAPSGFK,MALAWI_ATTR,DATA
MAPSGFK,MALAYSIA,DATA
MAPSGFK,MALAYSIA_ATTR,DATA
MAPSGFK,MALDIVES,DATA
MAPSGFK,MALDIVES_ATTR,DATA
MAPSGFK,MALI,DATA
MAPSGFK,MALI_ATTR,DATA
MAPSGFK,MALTA,DATA
MAPSGFK,MALTA_ATTR,DATA
MAPSGFK,MAURITANIA,DATA
MAPSGFK,MAURITANIA_ATTR,DATA
MAPSGFK,MAURITIUS,DATA
MAPSGFK,MAURITIUS_ATTR,DATA
MAPSGFK,MAYOTTE,DATA
MAPSGFK,MAYOTTE_ATTR,DATA
MAPSGFK,MEXICO,DATA
MAPSGFK,MEXICO_ATTR,DATA
MAPSGFK,MOLDOVA,DATA
MAPSGFK,MOLDOVA_ATTR,DATA
MAPSGFK,MONACO,DATA
MAPSGFK,MONACO_ATTR,DATA
MAPSGFK,MONGOLIA,DATA
MAPSGFK,MONGOLIA_ATTR,DATA
MAPSGFK,MONTENEGRO,DATA
MAPSGFK,MONTENEGRO_ATTR,DATA
MAPSGFK,MOROCCO,DATA
MAPSGFK,MOROCCO_ATTR,DATA
MAPSGFK,MOZAMBIQUE,DATA
MAPSGFK,MOZAMBIQUE_ATTR,DATA
MAPSGFK,MYANMAR,DATA
MAPSGFK,MYANMAR_ATTR,DATA
MAPSGFK,NAMERICA,DATA
MAPSGFK,NAMERICA1,DATA
MAPSGFK,NAMERICA1_ATTR,DATA
MAPSGFK,NAMERICA2,DATA
MAPSGFK,NAMERICA2_ATTR,DATA
MAPSGFK,NAMERICA_ATTR,DATA
MAPSGFK,NAMIBIA,DATA
MAPSGFK,NAMIBIA_ATTR,DATA
MAPSGFK,NEPAL,DATA
MAPSGFK,NEPAL_ATTR,DATA
MAPSGFK,NETHERLANDS,DATA
MAPSGFK,NETHERLANDS_ALL,DATA
MAPSGFK,NETHERLANDS_ALL_ATTR,DATA
MAPSGFK,NETHERLANDS_ATTR,DATA
MAPSGFK,NICARAGUA,DATA
MAPSGFK,NICARAGUA_ATTR,DATA
MAPSGFK,NIGER,DATA
MAPSGFK,NIGERIA,DATA
MAPSGFK,NIGERIA_ATTR,DATA
MAPSGFK,NIGER_ATTR,DATA
MAPSGFK,NORTH_KOREA,DATA
MAPSGFK,NORTH_KOREA_ATTR,DATA
MAPSGFK,NORWAY,DATA
MAPSGFK,NORWAY_ALL,DATA
MAPSGFK,NORWAY_ALL_ATTR,DATA
MAPSGFK,NORWAY_ATTR,DATA
MAPSGFK,NZ,DATA
MAPSGFK,NZ_ATTR,DATA
MAPSGFK,OCEANIA,DATA
MAPSGFK,OCEANIA1,DATA
MAPSGFK,OCEANIA1_ATTR,DATA
MAPSGFK,OCEANIA2,DATA
MAPSGFK,OCEANIA2_ATTR,DATA
MAPSGFK,OCEANIA_ATTR,DATA
MAPSGFK,OMAN,DATA
MAPSGFK,OMAN_ATTR,DATA
MAPSGFK,PAKISTAN,DATA
MAPSGFK,PAKISTAN_ATTR,DATA
MAPSGFK,PANAMA,DATA
MAPSGFK,PANAMA_ATTR,DATA
MAPSGFK,PAPUA_NEW_GUINEA,DATA
MAPSGFK,PAPUA_NEW_GUINEA_ATTR,DATA
MAPSGFK,PARAGUAY,DATA
MAPSGFK,PARAGUAY_ATTR,DATA
MAPSGFK,PERU,DATA
MAPSGFK,PERU_ATTR,DATA
MAPSGFK,PHILIPPINES,DATA
MAPSGFK,PHILIPPINES_ATTR,DATA
MAPSGFK,POLAND,DATA
MAPSGFK,POLAND_ATTR,DATA
MAPSGFK,PORTUGAL,DATA
MAPSGFK,PORTUGAL_ATTR,DATA
MAPSGFK,PROJPARM,DATA
MAPSGFK,QATAR,DATA
MAPSGFK,QATAR_ATTR,DATA
MAPSGFK,README,DATA
MAPSGFK,REUNION,DATA
MAPSGFK,REUNION_ATTR,DATA
MAPSGFK,ROMANIA,DATA
MAPSGFK,ROMANIA_ATTR,DATA
MAPSGFK,RUSSIA,DATA
MAPSGFK,RUSSIA_ATTR,DATA
MAPSGFK,RWANDA,DATA
MAPSGFK,RWANDA_ATTR,DATA
MAPSGFK,SAMERICA,DATA
MAPSGFK,SAMERICA1,DATA
MAPSGFK,SAMERICA1_ATTR,DATA
MAPSGFK,SAMERICA2,DATA
MAPSGFK,SAMERICA2_ATTR,DATA
MAPSGFK,SAMERICA_ATTR,DATA
MAPSGFK,SAN_MARINO,DATA
MAPSGFK,SAN_MARINO_ATTR,DATA
MAPSGFK,SAO_TOME_PRINCIPE,DATA
MAPSGFK,SAO_TOME_PRINCIPE_ATTR,DATA
MAPSGFK,SAUDI_ARABIA,DATA
MAPSGFK,SAUDI_ARABIA_ATTR,DATA
MAPSGFK,SENEGAL,DATA
MAPSGFK,SENEGAL_ATTR,DATA
MAPSGFK,SERBIA,DATA
MAPSGFK,SERBIA_ATTR,DATA
MAPSGFK,SEYCHELLES,DATA
MAPSGFK,SEYCHELLES_ATTR,DATA
MAPSGFK,SIERRA_LEONE,DATA
MAPSGFK,SIERRA_LEONE_ATTR,DATA
MAPSGFK,SINGAPORE,DATA
MAPSGFK,SINGAPORE_ATTR,DATA
MAPSGFK,SLOVAKIA,DATA
MAPSGFK,SLOVAKIA_ATTR,DATA
MAPSGFK,SLOVENIA,DATA
MAPSGFK,SLOVENIA_ATTR,DATA
MAPSGFK,SOMALIA,DATA
MAPSGFK,SOMALIA_ATTR,DATA
MAPSGFK,SOUTH_AFRICA,DATA
MAPSGFK,SOUTH_AFRICA_ATTR,DATA
MAPSGFK,SOUTH_GEORGIA_ISLANDS,DATA
MAPSGFK,SOUTH_GEORGIA_ISLANDS_ATTR,DATA
MAPSGFK,SOUTH_KOREA,DATA
MAPSGFK,SOUTH_KOREA_ATTR,DATA
MAPSGFK,SOUTH_SUDAN,DATA
MAPSGFK,SOUTH_SUDAN_ATTR,DATA
MAPSGFK,SPAIN,DATA
MAPSGFK,SPAIN_ATTR,DATA
MAPSGFK,SRI_LANKA,DATA
MAPSGFK,SRI_LANKA_ATTR,DATA
MAPSGFK,SUDAN,DATA
MAPSGFK,SUDAN_ATTR,DATA
MAPSGFK,SURINAME,DATA
MAPSGFK,SURINAME_ATTR,DATA
MAPSGFK,SVALBARD_JAN_MAYEN_ISLANDS,DATA
MAPSGFK,SVALBARD_JAN_MAYEN_ISLANDS_ATTR,DATA
MAPSGFK,SWAZILAND,DATA
MAPSGFK,SWAZILAND_ATTR,DATA
MAPSGFK,SWEDEN,DATA
MAPSGFK,SWEDEN_ATTR,DATA
MAPSGFK,SWITZERLAND,DATA
MAPSGFK,SWITZERLAND_ATTR,DATA
MAPSGFK,SYRIA,DATA
MAPSGFK,SYRIA_ATTR,DATA
MAPSGFK,TAIWAN,DATA
MAPSGFK,TAIWAN_ATTR,DATA
MAPSGFK,TAJIKISTAN,DATA
MAPSGFK,TAJIKISTAN_ATTR,DATA
MAPSGFK,TANZANIA,DATA
MAPSGFK,TANZANIA_ATTR,DATA
MAPSGFK,THAILAND,DATA
MAPSGFK,THAILAND_ATTR,DATA
MAPSGFK,TIMOR_LESTE,DATA
MAPSGFK,TIMOR_LESTE_ATTR,DATA
MAPSGFK,TOGO,DATA
MAPSGFK,TOGO_ATTR,DATA
MAPSGFK,TUNISIA,DATA
MAPSGFK,TUNISIA_ATTR,DATA
MAPSGFK,TURKEY,DATA
MAPSGFK,TURKEY_ATTR,DATA
MAPSGFK,TURKMENISTAN,DATA
MAPSGFK,TURKMENISTAN_ATTR,DATA
MAPSGFK,UGANDA,DATA
MAPSGFK,UGANDA_ATTR,DATA
MAPSGFK,UK,DATA
MAPSGFK,UKRAINE,DATA
MAPSGFK,UKRAINE_ATTR,DATA
MAPSGFK,UK_ALL,DATA
MAPSGFK,UK_ALL_ATTR,DATA
MAPSGFK,UK_ATTR,DATA
MAPSGFK,UNITED_ARAB_EMIRATES,DATA
MAPSGFK,UNITED_ARAB_EMIRATES_ATTR,DATA
MAPSGFK,URUGUAY,DATA
MAPSGFK,URUGUAY_ATTR,DATA
MAPSGFK,US,DATA
MAPSGFK,USCENTER,DATA
MAPSGFK,USCENTER_ALL,DATA
MAPSGFK,USCITY,DATA
MAPSGFK,USCITY_ALL,DATA
MAPSGFK,US_ALL,DATA
MAPSGFK,US_ALL_ATTR,DATA
MAPSGFK,US_COUNTIES,DATA
MAPSGFK,US_COUNTIES_ATTR,DATA
MAPSGFK,US_STATES,DATA
MAPSGFK,US_STATES_ATTR,DATA
MAPSGFK,UZBEKISTAN,DATA
MAPSGFK,UZBEKISTAN_ATTR,DATA
MAPSGFK,VATICAN_CITY,DATA
MAPSGFK,VATICAN_CITY_ATTR,DATA
MAPSGFK,VENEZUELA,DATA
MAPSGFK,VENEZUELA_ATTR,DATA
MAPSGFK,VIET_NAM,DATA
MAPSGFK,VIET_NAM_ATTR,DATA
MAPSGFK,WESTERN_SAHARA,DATA
MAPSGFK,WESTERN_SAHARA_ATTR,DATA
MAPSGFK,WORLD,DATA
MAPSGFK,WORLD_ATTR,DATA
MAPSGFK,WORLD_CITIES,DATA
MAPSGFK,YEMEN,DATA
MAPSGFK,YEMEN_ATTR,DATA
MAPSGFK,ZAMBIA,DATA
MAPSGFK,ZAMBIA_ATTR,DATA
MAPSGFK,ZIMBABWE,DATA
MAPSGFK,ZIMBABWE_ATTR,DATA
MAPSSAS,AFGHANI2,DATA
MAPSSAS,AFGHANIS,DATA
MAPSSAS,AFRICA,DATA
MAPSSAS,AFRICA2,DATA
MAPSSAS,ALGERIA,DATA
MAPSSAS,ALGERIA2,DATA
MAPSSAS,ANDORRA,DATA
MAPSSAS,ANDORRA2,DATA
MAPSSAS,ANOMALY,DATA
MAPSSAS,ANTARCT2,DATA
MAPSSAS,ANTARCTI,DATA
MAPSSAS,ARGENTI2,DATA
MAPSSAS,ARGENTIN,DATA
MAPSSAS,ARMENIA,DATA
MAPSSAS,ARMENIA2,DATA
MAPSSAS,ASIA,DATA
MAPSSAS,ASIA2,DATA
MAPSSAS,AUSTRAL,DATA
MAPSSAS,AUSTRAL2,DATA
MAPSSAS,AUSTRIA,DATA
MAPSSAS,AUSTRIA2,DATA
MAPSSAS,AZERBAI2,DATA
MAPSSAS,AZERBAIJ,DATA
MAPSSAS,BANGLAD2,DATA
MAPSSAS,BANGLADE,DATA
MAPSSAS,BELARUS,DATA
MAPSSAS,BELARUS2,DATA
MAPSSAS,BELGIUM,DATA
MAPSSAS,BELGIUM2,DATA
MAPSSAS,BELIZE,DATA
MAPSSAS,BELIZE2,DATA
MAPSSAS,BHUTAN,DATA
MAPSSAS,BHUTAN2,DATA
MAPSSAS,BOLIVIA,DATA
MAPSSAS,BOLIVIA2,DATA
MAPSSAS,BOSNIAH2,DATA
MAPSSAS,BOSNIAHE,DATA
MAPSSAS,BRAZIL,DATA
MAPSSAS,BRAZIL2,DATA
MAPSSAS,BRUNEI,DATA
MAPSSAS,BRUNEI2,DATA
MAPSSAS,BULGARI2,DATA
MAPSSAS,BULGARIA,DATA
MAPSSAS,CAMBODI2,DATA
MAPSSAS,CAMBODIA,DATA
MAPSSAS,CANADA,DATA
MAPSSAS,CANADA2,DATA
MAPSSAS,CANADA3,DATA
MAPSSAS,CANADA4,DATA
MAPSSAS,CANCENS,DATA
MAPSSAS,CHILE,DATA
MAPSSAS,CHILE2,DATA
MAPSSAS,CHINA,DATA
MAPSSAS,CHINA2,DATA
MAPSSAS,CNTYNAME,DATA
MAPSSAS,COLOMBI2,DATA
MAPSSAS,COLOMBIA,DATA
MAPSSAS,COSTRIC2,DATA
MAPSSAS,COSTRICA,DATA
MAPSSAS,COUNTIES,DATA
MAPSSAS,COUNTY,DATA
MAPSSAS,CROATIA,DATA
MAPSSAS,CROATIA2,DATA
MAPSSAS,CUBA,DATA
MAPSSAS,CUBA2,DATA
MAPSSAS,CYPRUS,DATA
MAPSSAS,CYPRUS2,DATA
MAPSSAS,CZECH,DATA
MAPSSAS,CZECH2,DATA
MAPSSAS,DENMARK,DATA
MAPSSAS,DENMARK2,DATA
MAPSSAS,DOMINRE2,DATA
MAPSSAS,DOMINREP,DATA
MAPSSAS,ECUADOR,DATA
MAPSSAS,ECUADOR2,DATA
MAPSSAS,EGYPT,DATA
MAPSSAS,EGYPT2,DATA
MAPSSAS,ERITREA,DATA
MAPSSAS,ERITREA2,DATA
MAPSSAS,ESTONIA,DATA
MAPSSAS,ESTONIA2,DATA
MAPSSAS,ETHIOPI2,DATA
MAPSSAS,ETHIOPIA,DATA
MAPSSAS,EUROPE,DATA
MAPSSAS,EUROPE2,DATA
MAPSSAS,FGUIANA,DATA
MAPSSAS,FGUIANA2,DATA
MAPSSAS,FINLAND,DATA
MAPSSAS,FINLAND2,DATA
MAPSSAS,FRANCE,DATA
MAPSSAS,FRANCE2,DATA
MAPSSAS,GAZASTR2,DATA
MAPSSAS,GAZASTRI,DATA
MAPSSAS,GEORGIA,DATA
MAPSSAS,GEORGIA2,DATA
MAPSSAS,GERMANY,DATA
MAPSSAS,GERMANY2,DATA
MAPSSAS,GREECE,DATA
MAPSSAS,GREECE2,DATA
MAPSSAS,GUATEMA2,DATA
MAPSSAS,GUATEMAL,DATA
MAPSSAS,GUYANA,DATA
MAPSSAS,GUYANA2,DATA
MAPSSAS,HAITI,DATA
MAPSSAS,HAITI2,DATA
MAPSSAS,HKDB1,DATA
MAPSSAS,HKDB2,DATA
MAPSSAS,HKKWDB1,DATA
MAPSSAS,HKKWDB2,DATA
MAPSSAS,HKKWPU1,DATA
MAPSSAS,HKKWPU2,DATA
MAPSSAS,HKNTDB1,DATA
MAPSSAS,HKNTDB2,DATA
MAPSSAS,HKNTPU1,DATA
MAPSSAS,HKNTPU2,DATA
MAPSSAS,HKPU1,DATA
MAPSSAS,HKPU2,DATA
MAPSSAS,HONDURA2,DATA
MAPSSAS,HONDURAS,DATA
MAPSSAS,HUNGARY,DATA
MAPSSAS,HUNGARY2,DATA
MAPSSAS,INDIA,DATA
MAPSSAS,INDIA2,DATA
MAPSSAS,INDONES2,DATA
MAPSSAS,INDONESI,DATA
MAPSSAS,IRAN,DATA
MAPSSAS,IRAN2,DATA
MAPSSAS,IRAQ,DATA
MAPSSAS,IRAQ2,DATA
MAPSSAS,IRAQSAU2,DATA
MAPSSAS,IRAQSAUD,DATA
MAPSSAS,IRELAND,DATA
MAPSSAS,IRELAND2,DATA
MAPSSAS,ISRAEL,DATA
MAPSSAS,ISRAEL2,DATA
MAPSSAS,ITALY,DATA
MAPSSAS,ITALY2,DATA
MAPSSAS,IVORY,DATA
MAPSSAS,IVORY2,DATA
MAPSSAS,JAMAICA,DATA
MAPSSAS,JAMAICA2,DATA
MAPSSAS,JAOSAKA,DATA
MAPSSAS,JAOSAKA2,DATA
MAPSSAS,JAPAN,DATA
MAPSSAS,JAPAN2,DATA
MAPSSAS,JATOKYO,DATA
MAPSSAS,JATOKYO2,DATA
MAPSSAS,JDESC,DATA
MAPSSAS,JDESCE,DATA
MAPSSAS,KAZAKHS2,DATA
MAPSSAS,KAZAKHST,DATA
MAPSSAS,KENYA,DATA
MAPSSAS,KENYA2,DATA
MAPSSAS,KOREANO2,DATA
MAPSSAS,KOREANOR,DATA
MAPSSAS,KOREASO2,DATA
MAPSSAS,KOREASOU,DATA
MAPSSAS,KOSEOUL,DATA
MAPSSAS,KOSEOUL2,DATA
MAPSSAS,KYRGYZS2,DATA
MAPSSAS,KYRGYZST,DATA
MAPSSAS,LAOS,DATA
MAPSSAS,LAOS2,DATA
MAPSSAS,LATVIA,DATA
MAPSSAS,LATVIA2,DATA
MAPSSAS,LEBANON,DATA
MAPSSAS,LEBANON2,DATA
MAPSSAS,LIBYA,DATA
MAPSSAS,LIBYA2,DATA
MAPSSAS,LIECHTE2,DATA
MAPSSAS,LIECHTEN,DATA
MAPSSAS,LITHUAN2,DATA
MAPSSAS,LITHUANI,DATA
MAPSSAS,LUXEMBO2,DATA
MAPSSAS,LUXEMBOU,DATA
MAPSSAS,MACAU,DATA
MAPSSAS,MACAU2,DATA
MAPSSAS,MACEDON2,DATA
MAPSSAS,MACEDONI,DATA
MAPSSAS,MALAYSI2,DATA
MAPSSAS,MALAYSIA,DATA
MAPSSAS,METAMAPS,DATA
MAPSSAS,MEXICO,DATA
MAPSSAS,MEXICO2,DATA
MAPSSAS,MOLDOVA,DATA
MAPSSAS,MOLDOVA2,DATA
MAPSSAS,MONACO,DATA
MAPSSAS,MONACO2,DATA
MAPSSAS,MONGOLI2,DATA
MAPSSAS,MONGOLIA,DATA
MAPSSAS,MONTENE2,DATA
MAPSSAS,MONTENEG,DATA
MAPSSAS,MOROCCO,DATA
MAPSSAS,MOROCCO2,DATA
MAPSSAS,MYANMAR,DATA
MAPSSAS,MYANMAR2,DATA
MAPSSAS,NAMERIC2,DATA
MAPSSAS,NAMERICA,DATA
MAPSSAS,NAMES,DATA
MAPSSAS,NEPAL,DATA
MAPSSAS,NEPAL2,DATA
MAPSSAS,NICARAG2,DATA
MAPSSAS,NICARAGU,DATA
MAPSSAS,NIGERIA,DATA
MAPSSAS,NIGERIA2,DATA
MAPSSAS,NORWAY,DATA
MAPSSAS,NORWAY2,DATA
MAPSSAS,NTLANDS,DATA
MAPSSAS,NTLANDS2,DATA
MAPSSAS,NZ,DATA
MAPSSAS,NZ2,DATA
MAPSSAS,OCEANIA,DATA
MAPSSAS,OCEANIA2,DATA
MAPSSAS,ODESC,DATA
MAPSSAS,ODESCE,DATA
MAPSSAS,OSAKA,DATA
MAPSSAS,PAKISTA2,DATA
MAPSSAS,PAKISTAN,DATA
MAPSSAS,PANAMA,DATA
MAPSSAS,PANAMA2,DATA
MAPSSAS,PARAGUA2,DATA
MAPSSAS,PARAGUAY,DATA
MAPSSAS,PERU,DATA
MAPSSAS,PERU2,DATA
MAPSSAS,PHILIPP2,DATA
MAPSSAS,PHILIPPI,DATA
MAPSSAS,POLAND,DATA
MAPSSAS,POLAND2,DATA
MAPSSAS,PORTUGA2,DATA
MAPSSAS,PORTUGAL,DATA
MAPSSAS,ROMANIA,DATA
MAPSSAS,ROMANIA2,DATA
MAPSSAS,RUSSIA,DATA
MAPSSAS,RUSSIA2,DATA
MAPSSAS,SALVADO2,DATA
MAPSSAS,SALVADOR,DATA
MAPSSAS,SAMERIC2,DATA
MAPSSAS,SAMERICA,DATA
MAPSSAS,SANMARI2,DATA
MAPSSAS,SANMARIN,DATA
MAPSSAS,SAUDIAR2,DATA
MAPSSAS,SAUDIARA,DATA
MAPSSAS,SERBIA,DATA
MAPSSAS,SERBIA2,DATA
MAPSSAS,SINGAPO2,DATA
MAPSSAS,SINGAPOR,DATA
MAPSSAS,SLOVAKI2,DATA
MAPSSAS,SLOVAKIA,DATA
MAPSSAS,SLOVENI2,DATA
MAPSSAS,SLOVENIA,DATA
MAPSSAS,SPACIFIC,DATA
MAPSSAS,SPAIN,DATA
MAPSSAS,SPAIN2,DATA
MAPSSAS,SRILANK2,DATA
MAPSSAS,SRILANKA,DATA
MAPSSAS,STATES,DATA
MAPSSAS,SURINAM2,DATA
MAPSSAS,SURINAME,DATA
MAPSSAS,SWEDEN,DATA
MAPSSAS,SWEDEN2,DATA
MAPSSAS,SWITZER2,DATA
MAPSSAS,SWITZERL,DATA
MAPSSAS,SYRIA,DATA
MAPSSAS,SYRIA2,DATA
MAPSSAS,TAIWAN,DATA
MAPSSAS,TAIWAN2,DATA
MAPSSAS,TAJIKIS2,DATA
MAPSSAS,TAJIKIST,DATA
MAPSSAS,TDESC,DATA
MAPSSAS,TDESCE,DATA
MAPSSAS,THAILAN2,DATA
MAPSSAS,THAILAND,DATA
MAPSSAS,TOKYO,DATA
MAPSSAS,TRINIDA2,DATA
MAPSSAS,TRINIDAD,DATA
MAPSSAS,TUNISIA,DATA
MAPSSAS,TUNISIA2,DATA
MAPSSAS,TURKEY,DATA
MAPSSAS,TURKEY2,DATA
MAPSSAS,TURKMEN2,DATA
MAPSSAS,TURKMENI,DATA
MAPSSAS,UK,DATA
MAPSSAS,UK2,DATA
MAPSSAS,UKRAINE,DATA
MAPSSAS,UKRAINE2,DATA
MAPSSAS,URUGUAY,DATA
MAPSSAS,URUGUAY2,DATA
MAPSSAS,US,DATA
MAPSSAS,US2,DATA
MAPSSAS,USCENTER,DATA
MAPSSAS,USCITY,DATA
MAPSSAS,USCOUNTY,DATA
MAPSSAS,UZBEKIS2,DATA
MAPSSAS,UZBEKIST,DATA
MAPSSAS,VENEZUE2,DATA
MAPSSAS,VENEZUEL,DATA
MAPSSAS,VIETNAM,DATA
MAPSSAS,VIETNAM2,DATA
MAPSSAS,WESTBAN2,DATA
MAPSSAS,WESTBANK,DATA
MAPSSAS,WORLD,DATA
MAPSSAS,ZAIRE,DATA
MAPSSAS,ZAIRE2,DATA
SASHELP,AACOMP,DATA
SASHELP,AARFM,DATA
SASHELP,ADSMSG,DATA
SASHELP,AFMSG,DATA
SASHELP,AIR,DATA
SASHELP,AIRLINE,DATA
SASHELP,APPLIANC,DATA
SASHELP,ASSCMGR,DATA
SASHELP,BASEBALL,DATA
SASHELP,BEI,DATA
SASHELP,BIRTHWGT,DATA
SASHELP,BMIMEN,DATA
SASHELP,BMT,DATA
SASHELP,BURROWS,DATA
SASHELP,BUY,DATA
SASHELP,BWEIGHT,DATA
SASHELP,CARS,DATA
SASHELP,CITIDAY,DATA
SASHELP,CITIMON,DATA
SASHELP,CITIQTR,DATA
SASHELP,CITIWK,DATA
SASHELP,CITIYR,DATA
SASHELP,CLASS,DATA
SASHELP,CLASSFIT,DATA
SASHELP,CLNMSG,DATA
SASHELP,CNTAINER,DATA
SASHELP,COLUMN,DATA
SASHELP,COMET,DATA
SASHELP,COUNTSERIES,DATA
SASHELP,CP951,DATA
SASHELP,CREDIT,DATA
SASHELP,CSSTOP,DATA
SASHELP,DASTOP,DATA
SASHELP,DEMOGRAPHICS,DATA
SASHELP,DESKACT,DATA
SASHELP,DESKFD,DATA
SASHELP,DESKOBJ,DATA
SASHELP,DESTOP,DATA
SASHELP,DFTDICT,DATA
SASHELP,DMCAS,DATA
SASHELP,DMGMSG,DATA
SASHELP,DMINE,DATA
SASHELP,DMTOOLS,DATA
SASHELP,DMWBTOOL,DATA
SASHELP,DPLOG,DATA
SASHELP,DYNATTR,DATA
SASHELP,EISMBRP,DATA
SASHELP,EISMSG,DATA
SASHELP,ELECTRIC,DATA
SASHELP,ELSTOP,DATA
SASHELP,EMSASCOD,DATA
SASHELP,EMTOOL,DATA
SASHELP,ENGSTOP,DATA
SASHELP,ENGSYNMS,DATA
SASHELP,ENG_MULTI,DATA
SASHELP,ENSO,DATA
SASHELP,ENSTOP,DATA
SASHELP,ESSTOP,DATA
SASHELP,ETSMSG,DATA
SASHELP,FAILURE,DATA
SASHELP,FEEDDET,DATA
SASHELP,FEEDER,DATA
SASHELP,FISH,DATA
SASHELP,FISTOP,DATA
SASHELP,FLAGS,DATA
SASHELP,FONTDATA,DATA
SASHELP,FORECASTBAT,DATA
SASHELP,FRCHSTOP,DATA
SASHELP,FRNCH_MULTI,DATA
SASHELP,FRSTOP,DATA
SASHELP,FSAUTH,DATA
SASHELP,FSHEAD,DATA
SASHELP,GAS,DATA
SASHELP,GCDIRECT,DATA
SASHELP,GCSTATE,DATA
SASHELP,GCTYPE,DATA
SASHELP,GEOEXM,DATA
SASHELP,GEOEXP,DATA
SASHELP,GEOEXS,DATA
SASHELP,GERM_MULTI,DATA
SASHELP,GNGMSG,DATA
SASHELP,GNGSMP1,DATA
SASHELP,GNGSMP2,DATA
SASHELP,GNP,DATA
SASHELP,GRIDDED,DATA
SASHELP,GRMNSTOP,DATA
SASHELP,GULFOIL,DATA
SASHELP,HEART,DATA
SASHELP,HESTOP,DATA
SASHELP,HISTOP,DATA
SASHELP,HKSCS01,DATA
SASHELP,HOLIDAY,DATA
SASHELP,HRSTOP,DATA
SASHELP,HUMID,DATA
SASHELP,HUSTOP,DATA
SASHELP,IDSTOP,DATA
SASHELP,IMAGERW,DATA
SASHELP,IMGMSG,DATA
SASHELP,IRIS,DATA
SASHELP,ITAL_MULTI,DATA
SASHELP,ITSTOP,DATA
SASHELP,JAC,DATA
SASHELP,JUNKMAIL,DATA
SASHELP,KOC,DATA
SASHELP,LAKE,DATA
SASHELP,LEUTEST,DATA
SASHELP,LEUTRAIN,DATA
SASHELP,LIBRARY,DATA
SASHELP,LOC,DATA
SASHELP,LSWMSG,DATA
SASHELP,MACRS10,DATA
SASHELP,MACRS15,DATA
SASHELP,MACRS20,DATA
SASHELP,MACRS3,DATA
SASHELP,MACRS5,DATA
SASHELP,MACRS7,DATA
SASHELP,MANAGE,DATA
SASHELP,MARGARIN,DATA
SASHELP,MDASSOC,DATA
SASHELP,MDBMSG,DATA
SASHELP,METAIMDB,DATA
SASHELP,METAMSG,DATA
SASHELP,MILEAGES,DATA
SASHELP,MIXDSTOP,DATA
SASHELP,MON1001,DATA
SASHELP,MON111,DATA
SASHELP,MONIKER,DATA
SASHELP,MRRGSTRY,DATA
SASHELP,MWELECT,DATA
SASHELP,NLSTOP,DATA
SASHELP,NOSTOP,DATA
SASHELP,NVST1,DATA
SASHELP,NVST2,DATA
SASHELP,NVST3,DATA
SASHELP,NVST4,DATA
SASHELP,NVST5,DATA
SASHELP,OMAASSC,DATA
SASHELP,OMAVERB,DATA
SASHELP,ORSALES,DATA
SASHELP,PLFIPS,DATA
SASHELP,PLSTOP,DATA
SASHELP,PORT_MULTI,DATA
SASHELP,PRDSAL2,DATA
SASHELP,PRDSAL3,DATA
SASHELP,PRDSALE,DATA
SASHELP,PRICEDATA,DATA
SASHELP,PROJ4DEF,DATA
SASHELP,PTSTOP,DATA
SASHELP,QSEEDS,DATA
SASHELP,QTR1001,DATA
SASHELP,QTR111,DATA
SASHELP,QUAKES,DATA
SASHELP,RENT,DATA
SASHELP,RETAIL,DATA
SASHELP,REVHUB2,DATA
SASHELP,ROCKPIT,DATA
SASHELP,ROSTOP,DATA
SASHELP,RUSTOP,DATA
SASHELP,SASMBC,DATA
SASHELP,SASMSG,DATA
SASHELP,SHELL,DATA
SASHELP,SHOES,DATA
SASHELP,SKSTOP,DATA
SASHELP,SLKWXL,DATA
SASHELP,SLSTOP,DATA
SASHELP,SMEMSG,DATA
SASHELP,SNACKS,DATA
SASHELP,SPAN_MULTI,DATA
SASHELP,SPRINGS,DATA
SASHELP,STEEL,DATA
SASHELP,STOCKS,DATA
SASHELP,STOPLST,DATA
SASHELP,STTMSG,DATA
SASHELP,SVRTDIST,DATA
SASHELP,SVSTOP,DATA
SASHELP,SYR1001,DATA
SASHELP,TABLE,DATA
SASHELP,THICK,DATA
SASHELP,TIMEDATA,DATA
SASHELP,TMINE,DATA
SASHELP,TOURISM,DATA
SASHELP,TRSTOP,DATA
SASHELP,TSXBAT,DATA
SASHELP,TSXFNC,DATA
SASHELP,USECON,DATA
SASHELP,US_DATA,DATA
SASHELP,VALLOPT,VIEW
SASHELP,VBPLAYRS,DATA
SASHELP,VCATALG,VIEW
SASHELP,VCFORMAT,VIEW
SASHELP,VCHKCON,VIEW
SASHELP,VCNCOLU,VIEW
SASHELP,VCNTABU,VIEW
SASHELP,VCOLUMN,VIEW
SASHELP,VDATAIT,VIEW
SASHELP,VDCTNRY,VIEW
SASHELP,VDEST,VIEW
SASHELP,VENGINE,VIEW
SASHELP,VERBMGR,DATA
SASHELP,VEXTFL,VIEW
SASHELP,VFILTER,VIEW
SASHELP,VFORMAT,VIEW
SASHELP,VFUNC,VIEW
SASHELP,VGOPT,VIEW
SASHELP,VIDMSG,DATA
SASHELP,VINDEX,VIEW
SASHELP,VINFOMP,VIEW
SASHELP,VLIBNAM,VIEW
SASHELP,VLOCALE,VIEW
SASHELP,VMACRO,VIEW
SASHELP,VMEMBER,VIEW
SASHELP,VOPTION,VIEW
SASHELP,VOTE1980,DATA
SASHELP,VPRMXML,VIEW
SASHELP,VPROMPT,VIEW
SASHELP,VREFCON,VIEW
SASHELP,VREMEMB,VIEW
SASHELP,VSACCES,VIEW
SASHELP,VSCATLG,VIEW
SASHELP,VSLIB,VIEW
SASHELP,VSTABLE,VIEW
SASHELP,VSTABVW,VIEW
SASHELP,VSTYLE,VIEW
SASHELP,VSVIEW,VIEW
SASHELP,VTABCON,VIEW
SASHELP,VTABLE,VIEW
SASHELP,VTITLE,VIEW
SASHELP,VVIEW,VIEW
SASHELP,VXATTR,VIEW
SASHELP,WEBMSG,DATA
SASHELP,WORKERS,DATA
SASHELP,YR1001,DATA
SASHELP,YR111,DATA
SASHELP,ZHC,DATA
SASHELP,ZIPCODE,DATA
SASHELP,ZIPMIL,DATA
SASHELP,ZTC,DATA
SASHELP,_CMPIDX_,DATA
STPSAMP,ODSSTYLE,VIEW
STPSAMP,STPBGT,DATA
STPSAMP,STPEURO,DATA
STPSAMP,STPSALE,DATA
WORK,__JUPYTERSASKERNEL__,DATA
