libname,memname,style,crdate
SASHELP,TMPL_EN,Base.Template.Style,2020-08-05 20:54:04.598901
SASHELP,TMPL_EN,Styles.Analysis,2020-08-05 20:54:04.685528
SASHELP,TMPL_EN,Styles.BarrettsBlue,2020-08-05 20:54:04.649911
SASHELP,TMPL_EN,Styles.DTree,2020-08-05 20:54:04.786322
SASHELP,TMPL_EN,Styles.Daisy,2020-08-05 20:54:04.884910
SASHELP,TMPL_EN,Styles.Default,2020-08-05 20:54:04.621083
SASHELP,TMPL_EN,Styles.Dove,2020-08-05 20:54:04.877305
SASHELP,TMPL_EN,Styles.EGDefault,2020-08-05 20:54:05.866815
SASHELP,TMPL_EN,Styles.Excel,2020-08-05 20:54:04.850136
SASHELP,TMPL_EN,Styles.FancyPrinter,2020-08-05 20:54:04.641392
SASHELP,TMPL_EN,Styles.Festival,2020-08-05 20:54:04.765894
SASHELP,TMPL_EN,Styles.FestivalPrinter,2020-08-05 20:54:04.772125
SASHELP,TMPL_EN,Styles.Gantt,2020-08-05 20:54:04.784300
SASHELP,TMPL_EN,Styles.GrayscalePrinter,2020-08-05 20:54:04.779961
SASHELP,TMPL_EN,Styles.HTMLBlue,2020-08-05 20:54:04.793022
SASHELP,TMPL_EN,Styles.HTMLEncore,2020-08-05 20:54:04.913895
SASHELP,TMPL_EN,Styles.Harvest,2020-08-05 20:54:04.739060
SASHELP,TMPL_EN,Styles.HighContrast,2020-08-05 20:54:04.775007
SASHELP,TMPL_EN,Styles.HighContrastLarge,2020-08-05 20:54:04.775943
SASHELP,TMPL_EN,Styles.Ignite,2020-08-05 20:54:04.924449
SASHELP,TMPL_EN,Styles.Illuminate,2020-08-05 20:54:04.919056
SASHELP,TMPL_EN,Styles.Journal,2020-08-05 20:54:04.636996
SASHELP,TMPL_EN,Styles.Journal1a,2020-08-05 20:54:04.891647
SASHELP,TMPL_EN,Styles.Journal2,2020-08-05 20:54:04.776425
SASHELP,TMPL_EN,Styles.Journal2a,2020-08-05 20:54:04.893244
SASHELP,TMPL_EN,Styles.Journal3,2020-08-05 20:54:04.776902
SASHELP,TMPL_EN,Styles.Journal3a,2020-08-05 20:54:04.894154
SASHELP,TMPL_EN,Styles.Listing,2020-08-05 20:54:04.610801
SASHELP,TMPL_EN,Styles.Meadow,2020-08-05 20:54:04.760993
SASHELP,TMPL_EN,Styles.MeadowPrinter,2020-08-05 20:54:04.771902
SASHELP,TMPL_EN,Styles.Minimal,2020-08-05 20:54:04.625890
SASHELP,TMPL_EN,Styles.MonochromePrinter,2020-08-05 20:54:04.782332
SASHELP,TMPL_EN,Styles.Monospace,2020-08-05 20:54:04.611801
SASHELP,TMPL_EN,Styles.Moonflower,2020-08-05 20:54:04.890528
SASHELP,TMPL_EN,Styles.Netdraw,2020-08-05 20:54:04.790375
SASHELP,TMPL_EN,Styles.NoFontDefault,2020-08-05 20:54:04.603583
SASHELP,TMPL_EN,Styles.Normal,2020-08-05 20:54:04.755206
SASHELP,TMPL_EN,Styles.NormalPrinter,2020-08-05 20:54:04.771618
SASHELP,TMPL_EN,Styles.Ocean,2020-08-05 20:54:04.735620
SASHELP,TMPL_EN,Styles.Pearl,2020-08-05 20:54:04.797589
SASHELP,TMPL_EN,Styles.PearlJ,2020-08-05 20:54:04.798149
SASHELP,TMPL_EN,Styles.Plateau,2020-08-05 20:54:04.771017
SASHELP,TMPL_EN,Styles.PowerPointDark,2020-08-05 20:54:04.847018
SASHELP,TMPL_EN,Styles.PowerPointLight,2020-08-05 20:54:04.832334
SASHELP,TMPL_EN,Styles.Printer,2020-08-05 20:54:04.640514
SASHELP,TMPL_EN,Styles.Raven,2020-08-05 20:54:04.870484
SASHELP,TMPL_EN,Styles.Rtf,2020-08-05 20:54:04.650765
SASHELP,TMPL_EN,Styles.Sapphire,2020-08-05 20:54:04.798775
SASHELP,TMPL_EN,Styles.SasDocPrinter,2020-08-05 20:54:04.642953
SASHELP,TMPL_EN,Styles.SasWeb,2020-08-05 20:54:04.658034
SASHELP,TMPL_EN,Styles.Seaside,2020-08-05 20:54:04.756942
SASHELP,TMPL_EN,Styles.SeasidePrinter,2020-08-05 20:54:04.771705
SASHELP,TMPL_EN,Styles.Snow,2020-08-05 20:54:04.913080
SASHELP,TMPL_EN,Styles.StatDoc,2020-08-05 20:54:04.632641
SASHELP,TMPL_EN,Styles.Statistical,2020-08-05 20:54:04.733156
SASHELP,TMPL_EN,Styles.Word,2020-08-05 20:54:04.862431
SASHELP,TMPL_EN,Styles.vaDark,2020-08-05 20:54:04.908292
SASHELP,TMPL_EN,Styles.vaHighContrast,2020-08-05 20:54:04.909001
SASHELP,TMPL_EN,Styles.vaLight,2020-08-05 20:54:04.902248
SASHELP,TMPLMST,Base.Template.Style,2020-08-05 22:08:40.611912
SASHELP,TMPLMST,Styles.Analysis,2020-08-05 22:08:40.697560
SASHELP,TMPLMST,Styles.BarrettsBlue,2020-08-05 22:08:40.661792
SASHELP,TMPLMST,Styles.DTree,2020-08-05 22:08:40.816212
SASHELP,TMPLMST,Styles.Daisy,2020-08-05 22:08:41.046644
SASHELP,TMPLMST,Styles.Default,2020-08-05 22:08:40.628297
SASHELP,TMPLMST,Styles.Dove,2020-08-05 22:08:41.038813
SASHELP,TMPLMST,Styles.EGDefault,2020-08-05 22:08:42.032651
SASHELP,TMPLMST,Styles.Excel,2020-08-05 22:08:41.009947
SASHELP,TMPLMST,Styles.FancyPrinter,2020-08-05 22:08:40.651983
SASHELP,TMPLMST,Styles.Festival,2020-08-05 22:08:40.794581
SASHELP,TMPLMST,Styles.FestivalPrinter,2020-08-05 22:08:40.801730
SASHELP,TMPLMST,Styles.Gantt,2020-08-05 22:08:40.814049
SASHELP,TMPLMST,Styles.GrayscalePrinter,2020-08-05 22:08:40.810131
SASHELP,TMPLMST,Styles.HTMLBlue,2020-08-05 22:08:40.823611
SASHELP,TMPLMST,Styles.HTMLEncore,2020-08-05 22:08:41.073901
SASHELP,TMPLMST,Styles.Harvest,2020-08-05 22:08:40.766089
SASHELP,TMPLMST,Styles.HighContrast,2020-08-05 22:08:40.804897
SASHELP,TMPLMST,Styles.HighContrastLarge,2020-08-05 22:08:40.805920
SASHELP,TMPLMST,Styles.Ignite,2020-08-05 22:08:41.085562
SASHELP,TMPLMST,Styles.Illuminate,2020-08-05 22:08:41.079431
SASHELP,TMPLMST,Styles.Journal,2020-08-05 22:08:40.647198
SASHELP,TMPLMST,Styles.Journal1a,2020-08-05 22:08:41.053844
SASHELP,TMPLMST,Styles.Journal2,2020-08-05 22:08:40.806546
SASHELP,TMPLMST,Styles.Journal2a,2020-08-05 22:08:41.054333
SASHELP,TMPLMST,Styles.Journal3,2020-08-05 22:08:40.807064
SASHELP,TMPLMST,Styles.Journal3a,2020-08-05 22:08:41.054878
SASHELP,TMPLMST,Styles.Listing,2020-08-05 22:08:40.618668
SASHELP,TMPLMST,Styles.Meadow,2020-08-05 22:08:40.788958
SASHELP,TMPLMST,Styles.MeadowPrinter,2020-08-05 22:08:40.801479
SASHELP,TMPLMST,Styles.Minimal,2020-08-05 22:08:40.634632
SASHELP,TMPLMST,Styles.MonochromePrinter,2020-08-05 22:08:40.812372
SASHELP,TMPLMST,Styles.Monospace,2020-08-05 22:08:40.619539
SASHELP,TMPLMST,Styles.Moonflower,2020-08-05 22:08:41.052655
SASHELP,TMPLMST,Styles.Netdraw,2020-08-05 22:08:40.821121
SASHELP,TMPLMST,Styles.NoFontDefault,2020-08-05 22:08:40.613733
SASHELP,TMPLMST,Styles.Normal,2020-08-05 22:08:40.782345
SASHELP,TMPLMST,Styles.NormalPrinter,2020-08-05 22:08:40.801153
SASHELP,TMPLMST,Styles.Ocean,2020-08-05 22:08:40.761241
SASHELP,TMPLMST,Styles.Pearl,2020-08-05 22:08:40.827868
SASHELP,TMPLMST,Styles.PearlJ,2020-08-05 22:08:40.828435
SASHELP,TMPLMST,Styles.Plateau,2020-08-05 22:08:40.800455
SASHELP,TMPLMST,Styles.PowerPointDark,2020-08-05 22:08:41.007738
SASHELP,TMPLMST,Styles.PowerPointLight,2020-08-05 22:08:40.993113
SASHELP,TMPLMST,Styles.Printer,2020-08-05 22:08:40.651048
SASHELP,TMPLMST,Styles.Raven,2020-08-05 22:08:41.031950
SASHELP,TMPLMST,Styles.Rtf,2020-08-05 22:08:40.662715
SASHELP,TMPLMST,Styles.Sapphire,2020-08-05 22:08:40.828994
SASHELP,TMPLMST,Styles.SasDocPrinter,2020-08-05 22:08:40.653623
SASHELP,TMPLMST,Styles.SasWeb,2020-08-05 22:08:40.670680
SASHELP,TMPLMST,Styles.Seaside,2020-08-05 22:08:40.784357
SASHELP,TMPLMST,Styles.SeasidePrinter,2020-08-05 22:08:40.801268
SASHELP,TMPLMST,Styles.Snow,2020-08-05 22:08:41.073083
SASHELP,TMPLMST,Styles.StatDoc,2020-08-05 22:08:40.642392
SASHELP,TMPLMST,Styles.Statistical,2020-08-05 22:08:40.758319
SASHELP,TMPLMST,Styles.Word,2020-08-05 22:08:41.024703
SASHELP,TMPLMST,Styles.vaDark,2020-08-05 22:08:41.067950
SASHELP,TMPLMST,Styles.vaHighContrast,2020-08-05 22:08:41.068759
SASHELP,TMPLMST,Styles.vaLight,2020-08-05 22:08:41.061633
