role,Term,numdocs
Prep,a cagione della,2.0
Adv,a caso,138.0
Prep,a causa d',1.0
Prep,a causa degli,92.0
Prep,a causa dei,211.0
Prep,a causa del,458.0
Prep,a causa dell',332.0
Prep,a causa della,771.0
Prep,a causa delle,546.0
Prep,a causa dello,32.0
Prep,a causa dell’,126.0
Prep,a causa di,746.0
Prep,a causa d’,1.0
Conj,a condizione che,2844.0
Adv,a destra,150.0
Adv,a dosso,4.0
Prep,a favore d',2.0
Prep,a favore degli,295.0
Prep,a favore dei,619.0
Prep,a favore del,352.0
Prep,a favore dell',474.0
Prep,a favore della,599.0
Prep,a favore delle,683.0
Prep,a favore dello,116.0
Prep,a favore dell’,155.0
Prep,a favore di,873.0
Prep,a favore d’,1.0
Adv,a fianco,55.0
Adv,a malapena,4.0
Adv,a mano a mano,37.0
Conj,a meno che,1443.0
Prep,a meno dei,2.0
Prep,a meno del,46.0
Prep,a meno dell',5.0
Prep,a meno della,8.0
Prep,a meno delle,1.0
Prep,a meno dello,7.0
Prep,a meno dell’,4.0
Prep,a meno di,180.0
Conj,a patto che,74.0
Adv,a piacere,4.0
Adv,a poco a poco,5.0
Adv,a posteriori,364.0
Adv,a priori,121.0
Prep,a proposito,4.0
Prep,a proposito degli,8.0
Prep,a proposito dei,21.0
Prep,a proposito del,20.0
Prep,a proposito dell',11.0
Prep,a proposito della,25.0
Prep,a proposito delle,15.0
Prep,a proposito dello,1.0
Prep,a proposito dell’,6.0
Prep,a proposito di,22.0
Adv,a ridosso,2.0
Prep,a scapito degli,13.0
Prep,a scapito dei,24.0
Prep,a scapito del,13.0
Prep,a scapito dell',11.0
Prep,a scapito della,33.0
Prep,a scapito delle,37.0
Prep,a scapito dello,7.0
Prep,a scapito dell’,3.0
Prep,a scapito di,31.0
Adv,a sinistra,128.0
Adv,a tutt'oggi,47.0
Adv,a tutt’oggi,36.0
Adv,a volontà,5.0
Adv,ab intestato,4.0
Prep,accanto a,47.0
Prep,accanto ad,24.0
Prep,accanto agli,13.0
Prep,accanto ai,26.0
Prep,accanto al,72.0
Prep,accanto all',23.0
Prep,accanto alla,50.0
Prep,accanto alle,22.0
Prep,accanto allo,3.0
Prep,accanto all’,2.0
Adv,ad abundantiam,2.0
Prep,ad es.,308.0
Adv,ad esempio,2634.0
Adv,ad hoc,481.0
Adv,ad libitum,7.0
Adv,ad referendum,3.0
Adv,al contrario,276.0
Prep,al di fuori d',1.0
Prep,al di fuori da,2.0
Prep,al di fuori dagli,6.0
Prep,al di fuori dal,2.0
Prep,al di fuori dalla,3.0
Prep,al di fuori dalle,3.0
Prep,al di fuori degli,38.0
Prep,al di fuori dei,150.0
Prep,al di fuori del,416.0
Prep,al di fuori dell',168.0
Prep,al di fuori della,400.0
Prep,al di fuori delle,243.0
Prep,al di fuori dello,40.0
Prep,al di fuori dell’,66.0
Prep,al di fuori di,213.0
Prep,al di là degli,29.0
Prep,al di là dei,92.0
Prep,al di là del,139.0
Prep,al di là dell',37.0
Prep,al di là della,103.0
Prep,al di là delle,142.0
Prep,al di là dello,5.0
Prep,al di là dell’,14.0
Prep,al di là di,370.0
Prep,al di sopra degli,7.0
Prep,al di sopra dei,36.0
Prep,al di sopra del,164.0
Prep,al di sopra dell',12.0
Prep,al di sopra della,74.0
Prep,al di sopra delle,17.0
Prep,al di sopra dello,6.0
Prep,al di sopra dell’,2.0
Prep,al di sopra di,95.0
Prep,al di sotto degli,8.0
Prep,al di sotto dei,129.0
Prep,al di sotto del,361.0
Prep,al di sotto dell',46.0
Prep,al di sotto della,161.0
Prep,al di sotto delle,55.0
Prep,al di sotto dello,9.0
Prep,al di sotto dell’,8.0
Prep,al di sotto di,191.0
Conj,al fine di,5556.0
Prep,all'infuori di,7.0
Prep,all’infuori di,3.0
Conj,altrimenti che,10.0
Conj,ammesso che,85.0
Conj,anche se,1498.0
Prep,assieme a,41.0
Prep,assieme ad,45.0
Prep,assieme agli,22.0
Prep,assieme ai,37.0
Prep,assieme al,55.0
Prep,assieme all',12.0
Prep,assieme alla,58.0
Prep,assieme alle,41.0
Prep,assieme allo,2.0
Prep,assieme all’,6.0
Prep,attorno a,57.0
Prep,attorno ad,32.0
Prep,attorno agli,7.0
Prep,attorno ai,32.0
Prep,attorno al,87.0
Prep,attorno all',28.0
Prep,attorno alla,25.0
Prep,attorno alle,18.0
Prep,attorno allo,5.0
Prep,attorno all’,18.0
Prep,attraverso di,12.0
Prep,avanti a,6.0
Prep,avanti ad,5.0
Prep,avanti ai,2.0
Prep,avanti al,6.0
Prep,avanti all',2.0
Prep,avanti alla,8.0
Prep,avanti all’,2.0
Pron,ce ne,8.0
Pron,che cosa,89.0
Prep,contro ai,2.0
Prep,contro al,1.0
Prep,contro dell',2.0
Prep,contro dell’,4.0
Prep,contro di,40.0
Adv,così come,804.0
Adv,d'altra parte,186.0
Adv,d'ora in avanti,18.0
Adv,d'ora in poi,43.0
Conj,da che,2.0
Prep,davanti a,50.0
Prep,davanti ad,32.0
Prep,davanti agli,8.0
Prep,davanti ai,26.0
Prep,davanti al,102.0
Prep,davanti all',17.0
Prep,davanti alla,55.0
Prep,davanti alle,9.0
Prep,davanti allo,4.0
Prep,davanti all’,3.0
Adv,de jure,29.0
Adv,de visu,3.0
Adv,di buon grado,7.0
Adv,di certo,14.0
Adv,di colpo,4.0
Adv,di continuo,29.0
Adv,di corsa,20.0
Adv,di frequente,34.0
Prep,di fronte,14.0
Prep,di fronte a,112.0
Prep,di fronte ad,38.0
Prep,di fronte agli,6.0
Prep,di fronte ai,27.0
Prep,di fronte al,53.0
Prep,di fronte all',24.0
Prep,di fronte alla,69.0
Prep,di fronte alle,70.0
Prep,di fronte allo,4.0
Prep,di fronte all’,4.0
Adv,di là,15.0
Adv,di più,1109.0
Adv,di quando in quando,12.0
Adv,di rado,27.0
Adv,di sicuro,2.0
Adv,di solito,276.0
Prep,dietro a,8.0
Prep,dietro ad,1.0
Prep,dietro agli,4.0
Prep,dietro ai,3.0
Prep,dietro al,15.0
Prep,dietro all',3.0
Prep,dietro alla,6.0
Prep,dietro alle,3.0
Prep,dietro allo,1.0
Prep,dietro all’,1.0
Prep,dietro di,2.0
Prep,dinanzi a,92.0
Prep,dinanzi ad,104.0
Prep,dinanzi agli,10.0
Prep,dinanzi ai,59.0
Prep,dinanzi al,194.0
Prep,dinanzi all',49.0
Prep,dinanzi alla,391.0
Prep,dinanzi alle,49.0
Prep,dinanzi allo,2.0
Prep,dinanzi all’,7.0
Conj,dopo che,1121.0
Prep,dopo d',1.0
Prep,dopo di,41.0
Adv,d’altra parte,88.0
Adv,d’ora in avanti,2.0
Adv,d’ora in poi,10.0
Adv,e così via,30.0
Conj,eccetto che,37.0
Adv,ex aequo,10.0
Adj,ex amministratore,3.0
Adv,fin d'ora,39.0
Adv,fin d’ora,11.0
Prep,fino a,1944.0
Prep,fino ad,716.0
Prep,fino agli,35.0
Prep,fino ai,115.0
Prep,fino al,3383.0
Prep,fino all',605.0
Prep,fino alla,1162.0
Prep,fino alle,76.0
Prep,fino allo,134.0
Prep,fino all’,160.0
Conj,fintanto che,160.0
Prep,fuori d',1.0
Prep,fuori dell',31.0
Prep,fuori dell’,5.0
Prep,fuori di,58.0
Prep,grazie a,397.0
Prep,grazie ad,255.0
Prep,grazie agli,57.0
Prep,grazie ai,141.0
Prep,grazie al,357.0
Prep,grazie all',231.0
Prep,grazie alla,438.0
Prep,grazie alle,209.0
Prep,grazie allo,39.0
Prep,grazie all’,127.0
Adv,in assoluto,33.0
Adv,in genere,589.0
Prep,in luogo degli,2.0
Prep,in luogo dei,11.0
Prep,in luogo del,24.0
Prep,in luogo dell',12.0
Prep,in luogo della,25.0
Prep,in luogo delle,33.0
Prep,in luogo dell’,1.0
Prep,in luogo di,46.0
Conj,in modo che,1539.0
Conj,in modo da,3051.0
Adv,in ogni,1875.0
Adv,in particolare,18533.0
Adv,in privato,5.0
Prep,in proporzione a,7.0
Prep,in proporzione agli,1.0
Prep,in proporzione ai,48.0
Prep,in proporzione al,82.0
Prep,in proporzione all',13.0
Prep,in proporzione alla,84.0
Prep,in proporzione alle,25.0
Prep,in proporzione allo,2.0
Prep,in proporzione all’,3.0
Adv,in qualsiasi,1363.0
Adv,in qualunque,192.0
Conj,in quanto,3355.0
Prep,in rapporto a,54.0
Prep,in rapporto ad,42.0
Prep,in rapporto agli,38.0
Prep,in rapporto ai,88.0
Prep,in rapporto al,118.0
Prep,in rapporto all',51.0
Prep,in rapporto alla,121.0
Prep,in rapporto alle,106.0
Prep,in rapporto allo,6.0
Prep,in rapporto all’,18.0
Adv,in realtà,333.0
Prep,in relazione a,559.0
Prep,in relazione ad,230.0
Prep,in relazione agli,210.0
Prep,in relazione ai,647.0
Prep,in relazione al,800.0
Prep,in relazione all',420.0
Prep,in relazione alla,960.0
Prep,in relazione alle,643.0
Prep,in relazione allo,45.0
Prep,in relazione all’,164.0
Adv,in verità,4.0
Prep,incontro a,13.0
Prep,incontro ad,6.0
Prep,incontro agli,4.0
Prep,incontro ai,8.0
Prep,incontro al,3.0
Prep,incontro all',1.0
Prep,incontro alla,9.0
Prep,incontro alle,35.0
Prep,innanzi a,3.0
Prep,innanzi ad,3.0
Prep,innanzi ai,2.0
Prep,innanzi al,5.0
Prep,innanzi all',1.0
Prep,innanzi alla,3.0
Prep,innanzi alle,1.0
Prep,innanzi all’,1.0
Conj,intanto che,3.0
Prep,intorno a,112.0
Prep,intorno ad,44.0
Prep,intorno agli,13.0
Prep,intorno ai,66.0
Prep,intorno al,110.0
Prep,intorno all',36.0
Prep,intorno alla,47.0
Prep,intorno alle,47.0
Prep,intorno allo,5.0
Prep,intorno all’,16.0
Prep,invece d',1.0
Prep,invece degli,8.0
Prep,invece dei,32.0
Prep,invece del,70.0
Prep,invece dell',27.0
Prep,invece della,34.0
Prep,invece delle,23.0
Prep,invece dello,4.0
Prep,invece dell’,6.0
Prep,invece di,241.0
Adv,ipso facto,22.0
Adv,ipso jure,5.0
Adj,irlanda del nord,39.0
Prep,lontano da,22.0
Prep,lontano dagli,4.0
Prep,lontano dai,10.0
Prep,lontano dal,35.0
Prep,lontano dall',8.0
Prep,lontano dalla,9.0
Prep,lontano dalle,12.0
Prep,lontano dall’,4.0
Prep,lungi da,2.0
Prep,lungi dai,1.0
Prep,lungi dal,24.0
Prep,lungi dall',31.0
Prep,lungi dalla,1.0
Prep,lungi dall’,16.0
Conj,ma anche,1278.0
Adv,man mano,100.0
Adj,mar nero,4.0
Adv,mutatis mutandis,435.0
Adv,nel contempo,834.0
Conj,nel modo che,21.0
Conj,non solo,951.0
Adv,ogni tanto,8.0
Adj,on line,75.0
Adv,per certo,3.0
Adv,per forza,22.0
Adv,per l'appunto,16.0
Adv,per lo meno,122.0
Adv,per lo più,214.0
Adv,per l’appunto,11.0
Prep,per mezzo degli,7.0
Prep,per mezzo dei,28.0
Prep,per mezzo del,82.0
Prep,per mezzo dell',27.0
Prep,per mezzo della,72.0
Prep,per mezzo delle,28.0
Prep,per mezzo dello,14.0
Prep,per mezzo dell’,7.0
Prep,per mezzo di,487.0
Conj,per quanto,8883.0
Adv,per se,60.0
Adv,per sempre,5.0
Conj,piuttosto che,399.0
Prep,presso di,27.0
Prep,prima d',7.0
Prep,prima de,4.0
Prep,prima degli,24.0
Prep,prima dei,66.0
Prep,prima del,1664.0
Prep,prima dell',1556.0
Prep,prima della,2440.0
Prep,prima delle,202.0
Prep,prima dello,215.0
Prep,prima dell’,511.0
Prep,prima di,2154.0
Prep,prima d’,6.0
Conj,pur di,5.0
Prep,quanto agli,54.0
Prep,quanto ai,118.0
Prep,quanto al,258.0
Prep,quanto all',128.0
Prep,quanto alla,375.0
Prep,quanto alle,189.0
Prep,quanto allo,11.0
Prep,quanto all’,78.0
Adv,quanto meno,201.0
Adv,quanto più,460.0
Conj,salvo che,438.0
Pron,se la,2576.0
Pron,se le,1914.0
Pron,se li,6.0
Pron,se lo,667.0
Pron,se ne,400.0
Pron,se stessa,22.0
Pron,se stesse,5.0
Pron,se stessi,11.0
Pron,se stesso,19.0
Conj,secondo che,19.0
Adv,sempre più,724.0
Conj,senza che,816.0
Adv,senza dubbio,50.0
Conj,sia pure,47.0
Adv,sine die,2.0
Adv,sine qua non,29.0
Prep,sopra d',1.0
Prep,sopra di,12.0
Prep,sotto di,11.0
Adv,statu quo,12.0
Prep,su di,344.0
Adv,sui generis,21.0
Adv,tanto meno,26.0
Adv,tanto più,179.0
Conj,tranne che,188.0
Det,un certo,1063.0
Adv,un giorno,265.0
Adv,un po',47.0
Adv,un po’,18.0
Det,una certa,786.0
Adj,valle d’aosta,2.0
Pron,ve le,2.0
Pron,ve li,20.0
Pron,ve ne,54.0
