DELFLAG,SOURCEID,ATTRTYPE,CVALUE,FORMAT,INFORMAT,NVALUE,CLASNAME,DEFCREDT,DEFMODDT,DELETED,EXPLABEL,ID,LDESC,MRACCESS,PRODFLAG,USEDFLAG,VERSION,OBJNAME
0.0,A5GFGYAU.A20A0001,C,INTERNAL,,,,SASHELP.OBJPOOL.DYNATTR,1210009360.23349,1210009360.23349,,,A5GFGYAU.A30A0001,,0.0,128.0,0.0,1.0,MDDB
1.0,A5GFGYAU.A20A0001,C,SASHELP.SLIST.H4.SLIST,,,,SASHELP.OBJPOOL.DYNATTR,1210009361.13756,1210009361.13756,,,A5GFGYAU.A30A0002,,0.0,128.0,0.0,1.0,HIERARCH
0.0,A5GFGYAU.A20A0001,C,SASHELP.PRDSALE,,,,SASHELP.OBJPOOL.DYNATTR,1210009362.09785,1210009362.09785,,,A5GFGYAU.A30A0003,,0.0,128.0,0.0,1.0,BASETABL
0.0,A5GFGYAU.A50A0001,C,NMISS N SUM MIN MAX USS RANGE AVG CSS VAR STD STDERR CV T PRT LCLM UCLM PCTSUM PCTN,,,,SASHELP.OBJPOOL.DYNATTR,1210009377.42095,1210009377.42095,,,A5GFGYAU.A30A0004,,0.0,128.0,0.0,1.0,ANALYSIS
0.0,A5GFGYAU.A50A0001,C,DOLLAR12.2,,,,SASHELP.OBJPOOL.DYNATTR,1210009378.34196,1210009378.34196,,,A5GFGYAU.A30A0005,,0.0,128.0,0.0,1.0,MDDBFMT
0.0,A5GFGYAU.A50A0001,C,N,,,,SASHELP.OBJPOOL.DYNATTR,1210009379.25719,1210009379.25719,,,A5GFGYAU.A30A0006,,0.0,128.0,0.0,1.0,MDDBTYPE
0.0,A5GFGYAU.A50A0002,C,,,,,SASHELP.OBJPOOL.DYNATTR,1210009385.38676,1210009385.38676,,,A5GFGYAU.A30A0007,,0.0,128.0,0.0,1.0,CATEGORY
0.0,A5GFGYAU.A50A0002,C,$CHAR10.,,,,SASHELP.OBJPOOL.DYNATTR,1210009386.29267,1210009386.29267,,,A5GFGYAU.A30A0008,,0.0,128.0,0.0,1.0,MDDBFMT
0.0,A5GFGYAU.A50A0002,C,C,,,,SASHELP.OBJPOOL.DYNATTR,1210009387.29054,1210009387.29054,,,A5GFGYAU.A30A0009,,0.0,128.0,0.0,1.0,MDDBTYPE
1.0,A5GFGYAU.A50A0003,C,SASHELP.SLIST.C6.SLIST,,,,SASHELP.OBJPOOL.DYNATTR,1210009392.45429,1210009392.45429,,,A5GFGYAU.A30A000A,,0.0,128.0,0.0,1.0,COMPUTED
0.0,A5GFGYAU.A50A0004,C,,,,,SASHELP.OBJPOOL.DYNATTR,1210009397.74539,1210009397.74539,,,A5GFGYAU.A30A000B,,0.0,128.0,0.0,1.0,CATEGORY
0.0,A5GFGYAU.A50A0004,C,$CHAR10.,,,,SASHELP.OBJPOOL.DYNATTR,1210009398.68571,1210009398.68571,,,A5GFGYAU.A30A000C,,0.0,128.0,0.0,1.0,MDDBFMT
0.0,A5GFGYAU.A50A0004,C,C,,,,SASHELP.OBJPOOL.DYNATTR,1210009399.65097,1210009399.65097,,,A5GFGYAU.A30A000D,,0.0,128.0,0.0,1.0,MDDBTYPE
0.0,A5GFGYAU.A50A0005,C,,,,,SASHELP.OBJPOOL.DYNATTR,1210009404.99306,1210009404.99306,,,A5GFGYAU.A30A000E,,0.0,128.0,0.0,1.0,CATEGORY
0.0,A5GFGYAU.A50A0005,C,MONNAME3.,,,,SASHELP.OBJPOOL.DYNATTR,1210009405.89649,1210009405.89649,,,A5GFGYAU.A30A000F,,0.0,128.0,0.0,1.0,MDDBFMT
0.0,A5GFGYAU.A50A0005,C,N,,,,SASHELP.OBJPOOL.DYNATTR,1210009406.80545,1210009406.80545,,,A5GFGYAU.A30A000G,,0.0,128.0,0.0,1.0,MDDBTYPE
0.0,A5GFGYAU.A50A0006,C,NMISS N SUM MIN MAX USS RANGE AVG CSS VAR STD STDERR CV T PRT LCLM UCLM PCTSUM PCTN,,,,SASHELP.OBJPOOL.DYNATTR,1210009412.24022,1210009412.24022,,,A5GFGYAU.A30A000H,,0.0,128.0,0.0,1.0,ANALYSIS
0.0,A5GFGYAU.A50A0006,C,DOLLAR12.2,,,,SASHELP.OBJPOOL.DYNATTR,1210009413.15528,1210009413.15528,,,A5GFGYAU.A30A000I,,0.0,128.0,0.0,1.0,MDDBFMT
0.0,A5GFGYAU.A50A0006,C,N,,,,SASHELP.OBJPOOL.DYNATTR,1210009414.04427,1210009414.04427,,,A5GFGYAU.A30A000J,,0.0,128.0,0.0,1.0,MDDBTYPE
0.0,A5GFGYAU.A50A0007,C,,,,,SASHELP.OBJPOOL.DYNATTR,1210009419.16778,1210009419.16778,,,A5GFGYAU.A30A000K,,0.0,128.0,0.0,1.0,CATEGORY
0.0,A5GFGYAU.A50A0007,C,$CHAR10.,,,,SASHELP.OBJPOOL.DYNATTR,1210009420.16544,1210009420.16544,,,A5GFGYAU.A30A000L,,0.0,128.0,0.0,1.0,MDDBFMT
0.0,A5GFGYAU.A50A0007,C,C,,,,SASHELP.OBJPOOL.DYNATTR,1210009421.14794,1210009421.14794,,,A5GFGYAU.A30A000M,,0.0,128.0,0.0,1.0,MDDBTYPE
0.0,A5GFGYAU.A50A0008,C,,,,,SASHELP.OBJPOOL.DYNATTR,1210009426.34455,1210009426.34455,,,A5GFGYAU.A30A000N,,0.0,128.0,0.0,1.0,CATEGORY
0.0,A5GFGYAU.A50A0008,C,$CHAR10.,,,,SASHELP.OBJPOOL.DYNATTR,1210009427.38028,1210009427.38028,,,A5GFGYAU.A30A000O,,0.0,128.0,0.0,1.0,MDDBFMT
0.0,A5GFGYAU.A50A0008,C,C,,,,SASHELP.OBJPOOL.DYNATTR,1210009428.4415,1210009428.4415,,,A5GFGYAU.A30A000P,,0.0,128.0,0.0,1.0,MDDBTYPE
0.0,A5GFGYAU.A50A0009,C,,,,,SASHELP.OBJPOOL.DYNATTR,1210009433.71569,1210009433.71569,,,A5GFGYAU.A30A000Q,,0.0,128.0,0.0,1.0,CATEGORY
0.0,A5GFGYAU.A50A0009,C,8.,,,,SASHELP.OBJPOOL.DYNATTR,1210009434.71808,1210009434.71808,,,A5GFGYAU.A30A000R,,0.0,128.0,0.0,1.0,MDDBFMT
0.0,A5GFGYAU.A50A0009,C,N,,,,SASHELP.OBJPOOL.DYNATTR,1210009435.70671,1210009435.70671,,,A5GFGYAU.A30A000S,,0.0,128.0,0.0,1.0,MDDBTYPE
0.0,A5GFGYAU.A50A000A,C,,,,,SASHELP.OBJPOOL.DYNATTR,1210009441.07004,1210009441.07004,,,A5GFGYAU.A30A000T,,0.0,128.0,0.0,1.0,CATEGORY
0.0,A5GFGYAU.A50A000A,C,$CHAR10.,,,,SASHELP.OBJPOOL.DYNATTR,1210009442.09471,1210009442.09471,,,A5GFGYAU.A30A000U,,0.0,128.0,0.0,1.0,MDDBFMT
0.0,A5GFGYAU.A50A000A,C,C,,,,SASHELP.OBJPOOL.DYNATTR,1210009443.34312,1210009443.34312,,,A5GFGYAU.A30A000V,,0.0,128.0,0.0,1.0,MDDBTYPE
1.0,A5GFGYAU.A50A000B,C,SASHELP.SLIST.C7.SLIST,,,,SASHELP.OBJPOOL.DYNATTR,1210009447.64971,1210009447.64971,,,A5GFGYAU.A30A000W,,0.0,128.0,0.0,1.0,COMPUTED
0.0,A5GFGYAU.A50A000C,C,,,,,SASHELP.OBJPOOL.DYNATTR,1210009453.25659,1210009453.25659,,,A5GFGYAU.A30A000X,,0.0,128.0,0.0,1.0,CATEGORY
0.0,A5GFGYAU.A50A000C,C,4.,,,,SASHELP.OBJPOOL.DYNATTR,1210009454.35929,1210009454.35929,,,A5GFGYAU.A30A000Y,,0.0,128.0,0.0,1.0,MDDBFMT
0.0,A5GFGYAU.A50A000C,C,N,,,,SASHELP.OBJPOOL.DYNATTR,1210009455.39611,1210009455.39611,,,A5GFGYAU.A30A000Z,,0.0,128.0,0.0,1.0,MDDBTYPE
1.0,A5GFGYAU.A20A0002,C,SASHELP.SLIST.H1.SLIST,,,,SASHELP.OBJPOOL.DYNATTR,1210009461.89165,1210009461.89165,,,A5GFGYAU.A30A0010,,0.0,128.0,0.0,1.0,HIERARCH
1.0,A5GFGYAU.A20A0002,C,SASHELP.SLIST.MAP.SLIST,,,,SASHELP.OBJPOOL.DYNATTR,1210009463.10454,1210009463.10454,,,A5GFGYAU.A30A0011,,0.0,128.0,0.0,1.0,MAPINFO
0.0,A5GFGYAU.A50A000D,C,,,,,SASHELP.OBJPOOL.DYNATTR,1210009473.24346,1210009473.24346,,,A5GFGYAU.A30A0012,,0.0,128.0,0.0,1.0,ACTUAL
0.0,A5GFGYAU.A50A000D,C,SUM,,,,SASHELP.OBJPOOL.DYNATTR,1210009474.27469,1210009474.27469,,,A5GFGYAU.A30A0013,,0.0,128.0,0.0,1.0,ANALYSIS
0.0,A5GFGYAU.A50A000E,C,,,,,SASHELP.OBJPOOL.DYNATTR,1210009478.31619,1210009478.31619,,,A5GFGYAU.A30A0014,,0.0,128.0,0.0,1.0,CATEGORY
0.0,A5GFGYAU.A50A000F,C,,,,,SASHELP.OBJPOOL.DYNATTR,1210009482.27875,1210009482.27875,,,A5GFGYAU.A30A0015,,0.0,128.0,0.0,1.0,CATEGORY
1.0,A5GFGYAU.A50A000G,C,SASHELP.SLIST.C3.SLIST,,,,SASHELP.OBJPOOL.DYNATTR,1210009486.69869,1210009486.69869,,,A5GFGYAU.A30A0016,,0.0,128.0,0.0,1.0,COMPUTED
0.0,A5GFGYAU.A50A000H,C,,,,,SASHELP.OBJPOOL.DYNATTR,1210009490.74447,1210009490.74447,,,A5GFGYAU.A30A0017,,0.0,128.0,0.0,1.0,CATEGORY
0.0,A5GFGYAU.A50A000I,C,SUM,,,,SASHELP.OBJPOOL.DYNATTR,1210009495.42612,1210009495.42612,,,A5GFGYAU.A30A0018,,0.0,128.0,0.0,1.0,ANALYSIS
0.0,A5GFGYAU.A50A000I,C,,,,,SASHELP.OBJPOOL.DYNATTR,1210009496.41625,1210009496.41625,,,A5GFGYAU.A30A0019,,0.0,128.0,0.0,1.0,BUDGET
0.0,A5GFGYAU.A50A000J,C,,,,,SASHELP.OBJPOOL.DYNATTR,1210009500.42151,1210009500.42151,,,A5GFGYAU.A30A001A,,0.0,128.0,0.0,1.0,CATEGORY
0.0,A5GFGYAU.A50A000K,C,,,,,SASHELP.OBJPOOL.DYNATTR,1210009504.77627,1210009504.77627,,,A5GFGYAU.A30A001B,,0.0,128.0,0.0,1.0,CATEGORY
0.0,A5GFGYAU.A50A000L,C,,,,,SASHELP.OBJPOOL.DYNATTR,1210009509.18906,1210009509.18906,,,A5GFGYAU.A30A001C,,0.0,128.0,0.0,1.0,CATEGORY
1.0,A5GFGYAU.A50A000M,C,SASHELP.SLIST.C2.SLIST,,,,SASHELP.OBJPOOL.DYNATTR,1210009514.13221,1210009514.13221,,,A5GFGYAU.A30A001D,,0.0,128.0,0.0,1.0,COMPUTED
0.0,A5GFGYAU.A50A000N,C,,,,,SASHELP.OBJPOOL.DYNATTR,1210009519.02336,1210009519.02336,,,A5GFGYAU.A30A001E,,0.0,128.0,0.0,1.0,CATEGORY
0.0,A5GFGYAU.A50A000O,C,,,,,SASHELP.OBJPOOL.DYNATTR,1210009523.13552,1210009523.13552,,,A5GFGYAU.A30A001F,,0.0,128.0,0.0,1.0,CATEGORY
1.0,A5GFGYAU.A20A0003,C,SASHELP.SLIST.H2.SLIST,,,,SASHELP.OBJPOOL.DYNATTR,1210009529.01074,1210009529.01074,,,A5GFGYAU.A30A001G,,0.0,128.0,0.0,1.0,HIERARCH
0.0,A5GFGYAU.A50A000P,C,,,,,SASHELP.OBJPOOL.DYNATTR,1210009538.57192,1210009538.57192,,,A5GFGYAU.A30A001H,,0.0,128.0,0.0,1.0,ACTUAL
0.0,A5GFGYAU.A50A000P,C,SUM,,,,SASHELP.OBJPOOL.DYNATTR,1210009539.60169,1210009539.60169,,,A5GFGYAU.A30A001I,,0.0,128.0,0.0,1.0,ANALYSIS
0.0,A5GFGYAU.A50A000Q,C,,,,,SASHELP.OBJPOOL.DYNATTR,1210009543.74902,1210009543.74902,,,A5GFGYAU.A30A001J,,0.0,128.0,0.0,1.0,CATEGORY
1.0,A5GFGYAU.A50A000R,C,SASHELP.SLIST.C.SLIST,,,,SASHELP.OBJPOOL.DYNATTR,1210009548.14431,1210009548.14431,,,A5GFGYAU.A30A001K,,0.0,128.0,0.0,1.0,COMPUTED
0.0,A5GFGYAU.A50A000S,C,,,,,SASHELP.OBJPOOL.DYNATTR,1210009552.18523,1210009552.18523,,,A5GFGYAU.A30A001L,,0.0,128.0,0.0,1.0,CATEGORY
0.0,A5GFGYAU.A50A000T,C,,,,,SASHELP.OBJPOOL.DYNATTR,1210009556.3276,1210009556.3276,,,A5GFGYAU.A30A001M,,0.0,128.0,0.0,1.0,CATEGORY
0.0,A5GFGYAU.A50A000U,C,SUM,,,,SASHELP.OBJPOOL.DYNATTR,1210009561.00268,1210009561.00268,,,A5GFGYAU.A30A001N,,0.0,128.0,0.0,1.0,ANALYSIS
0.0,A5GFGYAU.A50A000U,C,,,,,SASHELP.OBJPOOL.DYNATTR,1210009562.03232,1210009562.03232,,,A5GFGYAU.A30A001O,,0.0,128.0,0.0,1.0,BUDGET
0.0,A5GFGYAU.A50A000V,C,,,,,SASHELP.OBJPOOL.DYNATTR,1210009566.50869,1210009566.50869,,,A5GFGYAU.A30A001P,,0.0,128.0,0.0,1.0,CATEGORY
0.0,A5GFGYAU.A50A000W,C,,,,,SASHELP.OBJPOOL.DYNATTR,1210009570.90944,1210009570.90944,,,A5GFGYAU.A30A001Q,,0.0,128.0,0.0,1.0,CATEGORY
0.0,A5GFGYAU.A50A000X,C,,,,,SASHELP.OBJPOOL.DYNATTR,1210009575.17314,1210009575.17314,,,A5GFGYAU.A30A001R,,0.0,128.0,0.0,1.0,CATEGORY
0.0,A5GFGYAU.A50A000Y,C,,,,,SASHELP.OBJPOOL.DYNATTR,1210009579.5864,1210009579.5864,,,A5GFGYAU.A30A001S,,0.0,128.0,0.0,1.0,CATEGORY
1.0,A5GFGYAU.A50A000Z,C,SASHELP.SLIST.C1.SLIST,,,,SASHELP.OBJPOOL.DYNATTR,1210009584.39227,1210009584.39227,,,A5GFGYAU.A30A001T,,0.0,128.0,0.0,1.0,COMPUTED
0.0,A5GFGYAU.A50A0010,C,,,,,SASHELP.OBJPOOL.DYNATTR,1210009588.64563,1210009588.64563,,,A5GFGYAU.A30A001U,,0.0,128.0,0.0,1.0,CATEGORY
0.0,A5GFGYAU.A50A0011,C,SUM,,,,SASHELP.OBJPOOL.DYNATTR,1210009600.84296,1210009600.84296,,,A5GFGYAU.A30A001V,,0.0,128.0,0.0,1.0,ANALYSIS
0.0,A5GFGYAU.A50A0012,C,SUM,,,,SASHELP.OBJPOOL.DYNATTR,1210009605.14097,1210009605.14097,,,A5GFGYAU.A30A001W,,0.0,128.0,0.0,1.0,ANALYSIS
1.0,A5GFGYAU.A2000005,C,SASHELP.SLIST.H.SLIST,,,,SASHELP.OBJPOOL.DYNATTR,1229876994.42658,1229876994.42658,,,A5GFGYAU.A300001X,,0.0,128.0,0.0,1.0,HIERARCH
1.0,A5GFGYAU.A2000005,C,SASHELP.SLIST.MAP1.SLIST,,,,SASHELP.OBJPOOL.DYNATTR,1229876994.71799,1229876994.71799,,,A5GFGYAU.A300001Y,,0.0,128.0,0.0,1.0,MAPINFO
0.0,A5GFGYAU.A5000013,C,MAX SUM,,,,SASHELP.OBJPOOL.DYNATTR,1229876995.51688,1229876995.51688,,,A5GFGYAU.A300001Z,,0.0,128.0,0.0,1.0,ANALYSIS
0.0,A5GFGYAU.A5000013,C,,,,,SASHELP.OBJPOOL.DYNATTR,1229876995.82014,1229876995.82014,,,A5GFGYAU.A3000020,,0.0,128.0,0.0,1.0,FORECAST
0.0,A5GFGYAU.A5000014,C,,,,,SASHELP.OBJPOOL.DYNATTR,1229876996.54665,1229876996.54665,,,A5GFGYAU.A3000021,,0.0,128.0,0.0,1.0,CATEGORY
0.0,A5GFGYAU.A5000015,C,,,,,SASHELP.OBJPOOL.DYNATTR,1229876997.27611,1229876997.27611,,,A5GFGYAU.A3000022,,0.0,128.0,0.0,1.0,CATEGORY
0.0,A5GFGYAU.A5000016,C,,,,,SASHELP.OBJPOOL.DYNATTR,1229876998.00268,1229876998.00268,,,A5GFGYAU.A3000023,,0.0,128.0,0.0,1.0,TIMEPER
0.0,A5GFGYAU.A5000017,C,,,,,SASHELP.OBJPOOL.DYNATTR,1229876998.72789,1229876998.72789,,,A5GFGYAU.A3000024,,0.0,128.0,0.0,1.0,CATEGORY
0.0,A5GFGYAU.A5000018,C,MAX SUM,,,,SASHELP.OBJPOOL.DYNATTR,1229876999.54766,1229876999.54766,,,A5GFGYAU.A3000025,,0.0,128.0,0.0,1.0,ANALYSIS
0.0,A5GFGYAU.A5000018,C,,,,,SASHELP.OBJPOOL.DYNATTR,1229876999.83518,1229876999.83518,,,A5GFGYAU.A3000026,,0.0,128.0,0.0,1.0,FORECAST
0.0,A5GFGYAU.A5000019,C,,,,,SASHELP.OBJPOOL.DYNATTR,1229877000.56966,1229877000.56966,,,A5GFGYAU.A3000027,,0.0,128.0,0.0,1.0,CATEGORY
0.0,A5GFGYAU.A500001A,C,,,,,SASHELP.OBJPOOL.DYNATTR,1229877001.32085,1229877001.32085,,,A5GFGYAU.A3000028,,0.0,128.0,0.0,1.0,CATEGORY
0.0,A5GFGYAU.A500001B,C,,,,,SASHELP.OBJPOOL.DYNATTR,1229877002.08764,1229877002.08764,,,A5GFGYAU.A3000029,,0.0,128.0,0.0,1.0,CATEGORY
0.0,A5GFGYAU.A500001C,C,,,,,SASHELP.OBJPOOL.DYNATTR,1229877002.81562,1229877002.81562,,,A5GFGYAU.A300002A,,0.0,128.0,0.0,1.0,CATEGORY
0.0,A5GFGYAU.A500001D,C,,,,,SASHELP.OBJPOOL.DYNATTR,1229877003.56516,1229877003.56516,,,A5GFGYAU.A300002B,,0.0,128.0,0.0,1.0,CATEGORY
1.0,A5GFGYAU.A500001E,C,SASHELP.SLIST.C4.SLIST,,,,SASHELP.OBJPOOL.DYNATTR,1229877004.72439,1229877004.72439,,,A5GFGYAU.A300002C,,0.0,128.0,0.0,1.0,COMPUTED
1.0,A5GFGYAU.A500001F,C,SASHELP.SLIST.C5.SLIST,,,,SASHELP.OBJPOOL.DYNATTR,1229877005.84526,1229877005.84526,,,A5GFGYAU.A300002D,,0.0,128.0,0.0,1.0,COMPUTED
0.0,A5GFGYAU.A2000006,C,EXTERNAL,,,,SASHELP.OBJPOOL.DYNATTR,1229877036.42652,1229877036.42652,1231411857.36541,,A5GFGYAU.A300002E,,0.0,128.0,0.0,1.0,MDDB
1.0,A5GFGYAU.A2000006,C,SASHELP.SLIST.H3.SLIST,,,,SASHELP.OBJPOOL.DYNATTR,1229877036.73702,1229877036.73702,1231411697.70692,,A5GFGYAU.A300002F,,0.0,128.0,0.0,1.0,HIERARCH
0.0,A5GFGYAU.A2000006,C,SASHELP.PRDSAL3,,,,SASHELP.OBJPOOL.DYNATTR,,1229877578.06004,1231411857.39952,,A5GFGYAU.A300002G,,0.0,128.0,0.0,1.0,BASETABL
0.0,A5GFGYAU.A500001G,C,$CHAR10.,,,,SASHELP.OBJPOOL.DYNATTR,1229877037.98357,1229877037.98357,1231411865.81267,,A5GFGYAU.A300002H,,0.0,128.0,0.0,1.0,MDDBFMT
0.0,A5GFGYAU.A500001G,C,C,,,,SASHELP.OBJPOOL.DYNATTR,1229877038.29364,1229877038.29364,1231411865.8459,,A5GFGYAU.A300002I,,0.0,128.0,0.0,1.0,MDDBTYPE
0.0,A5GFGYAU.A500001G,C,,,,,SASHELP.OBJPOOL.DYNATTR,1229877038.60309,1229877038.60309,1231411865.85642,,A5GFGYAU.A300002J,,0.0,128.0,0.0,1.0,CATEGORY
0.0,A5GFGYAU.A500001H,C,$CHAR22.,,,,SASHELP.OBJPOOL.DYNATTR,1229877039.52572,1229877039.52572,1231411867.94346,,A5GFGYAU.A300002K,,0.0,128.0,0.0,1.0,MDDBFMT
0.0,A5GFGYAU.A500001H,C,C,,,,SASHELP.OBJPOOL.DYNATTR,1229877039.83315,1229877039.83315,1231411867.97794,,A5GFGYAU.A300002L,,0.0,128.0,0.0,1.0,MDDBTYPE
0.0,A5GFGYAU.A500001H,C,,,,,SASHELP.OBJPOOL.DYNATTR,1229877040.14338,1229877040.14338,1231411867.97838,,A5GFGYAU.A300002M,,0.0,128.0,0.0,1.0,CATEGORY
0.0,A5GFGYAU.A500001I,C,$CHAR20.,,,,SASHELP.OBJPOOL.DYNATTR,1229877041.05554,1229877041.05554,1231411870.24248,,A5GFGYAU.A300002N,,0.0,128.0,0.0,1.0,MDDBFMT
0.0,A5GFGYAU.A500001I,C,C,,,,SASHELP.OBJPOOL.DYNATTR,1229877041.36545,1229877041.36545,1231411870.27512,,A5GFGYAU.A300002O,,0.0,128.0,0.0,1.0,MDDBTYPE
0.0,A5GFGYAU.A500001I,C,,,,,SASHELP.OBJPOOL.DYNATTR,1229877041.67555,1229877041.67555,1231411870.27556,,A5GFGYAU.A300002P,,0.0,128.0,0.0,1.0,CATEGORY
0.0,A5GFGYAU.A500001J,C,$CHAR10.,,,,SASHELP.OBJPOOL.DYNATTR,1229877042.5955,1229877042.5955,1231411874.2977,,A5GFGYAU.A300002Q,,0.0,128.0,0.0,1.0,MDDBFMT
0.0,A5GFGYAU.A500001J,C,C,,,,SASHELP.OBJPOOL.DYNATTR,1229877042.90355,1229877042.90355,1231411874.33063,,A5GFGYAU.A300002R,,0.0,128.0,0.0,1.0,MDDBTYPE
0.0,A5GFGYAU.A500001J,C,,,,,SASHELP.OBJPOOL.DYNATTR,1229877043.22556,1229877043.22556,1231411874.33107,,A5GFGYAU.A300002S,,0.0,128.0,0.0,1.0,CATEGORY
0.0,A5GFGYAU.A500001K,C,$CHAR10.,,,,SASHELP.OBJPOOL.DYNATTR,1229877044.14444,1229877044.14444,1231411876.24898,,A5GFGYAU.A300002T,,0.0,128.0,0.0,1.0,MDDBFMT
0.0,A5GFGYAU.A500001K,C,C,,,,SASHELP.OBJPOOL.DYNATTR,1229877044.46287,1229877044.46287,1231411876.28356,,A5GFGYAU.A300002U,,0.0,128.0,0.0,1.0,MDDBTYPE
0.0,A5GFGYAU.A500001K,C,,,,,SASHELP.OBJPOOL.DYNATTR,1229877044.77446,1229877044.77446,1231411876.284,,A5GFGYAU.A300002V,,0.0,128.0,0.0,1.0,CATEGORY
0.0,A5GFGYAU.A500001L,C,,,,,SASHELP.OBJPOOL.DYNATTR,1229877045.70805,1229877045.70805,1231411878.32341,,A5GFGYAU.A300002W,,0.0,128.0,0.0,1.0,MDDBFMT
0.0,A5GFGYAU.A500001L,C,C,,,,SASHELP.OBJPOOL.DYNATTR,1229877046.02832,1229877046.02832,1231411878.35797,,A5GFGYAU.A300002X,,0.0,128.0,0.0,1.0,MDDBTYPE
0.0,A5GFGYAU.A500001L,C,,,,,SASHELP.OBJPOOL.DYNATTR,1229877046.34465,1229877046.34465,1231411878.35842,,A5GFGYAU.A300002Y,,0.0,128.0,0.0,1.0,CATEGORY
0.0,A5GFGYAU.A500001M,C,,,,,SASHELP.OBJPOOL.DYNATTR,1229877047.29366,1229877047.29366,1231411880.8713,,A5GFGYAU.A300002Z,,0.0,128.0,0.0,1.0,MDDBFMT
0.0,A5GFGYAU.A500001M,C,C,,,,SASHELP.OBJPOOL.DYNATTR,1229877047.63566,1229877047.63566,1231411880.90691,,A5GFGYAU.A3000030,,0.0,128.0,0.0,1.0,MDDBTYPE
0.0,A5GFGYAU.A500001M,C,,,,,SASHELP.OBJPOOL.DYNATTR,1229877047.95068,1229877047.95068,1231411880.90735,,A5GFGYAU.A3000031,,0.0,128.0,0.0,1.0,CATEGORY
0.0,A5GFGYAU.A500001N,C,,,,,SASHELP.OBJPOOL.DYNATTR,1229877048.87503,1229877048.87503,1231411883.64684,,A5GFGYAU.A3000032,,0.0,128.0,0.0,1.0,MDDBFMT
0.0,A5GFGYAU.A500001N,C,C,,,,SASHELP.OBJPOOL.DYNATTR,1229877049.19294,1229877049.19294,1231411883.80059,,A5GFGYAU.A3000033,,0.0,128.0,0.0,1.0,MDDBTYPE
0.0,A5GFGYAU.A500001N,C,,,,,SASHELP.OBJPOOL.DYNATTR,1229877049.50335,1229877049.50335,1231411883.80104,,A5GFGYAU.A3000034,,0.0,128.0,0.0,1.0,CATEGORY
0.0,A5GFGYAU.A500001O,C,DOLLAR12.2,,,,SASHELP.OBJPOOL.DYNATTR,1229877050.41565,1229877050.41565,1231411890.85906,,A5GFGYAU.A3000035,,0.0,128.0,0.0,1.0,MDDBFMT
0.0,A5GFGYAU.A500001O,C,N,,,,SASHELP.OBJPOOL.DYNATTR,1229877050.73225,1229877050.73225,1231411890.89414,,A5GFGYAU.A3000036,,0.0,128.0,0.0,1.0,MDDBTYPE
0.0,A5GFGYAU.A500001O,C,NMISS N SUM MIN MAX USS RANGE AVG CSS VAR STD STDERR CV T PRT LCLM UCLM PCTSUM PCTN,,,,SASHELP.OBJPOOL.DYNATTR,1229877051.04486,1229877051.04486,1231411890.89459,,A5GFGYAU.A3000037,,0.0,128.0,0.0,1.0,ANALYSIS
0.0,A5GFGYAU.A500001P,C,DOLLAR12.2,,,,SASHELP.OBJPOOL.DYNATTR,1229877051.96238,1229877051.96238,1231411893.26919,,A5GFGYAU.A3000038,,0.0,128.0,0.0,1.0,MDDBFMT
0.0,A5GFGYAU.A500001P,C,N,,,,SASHELP.OBJPOOL.DYNATTR,1229877052.27467,1229877052.27467,1231411893.30618,,A5GFGYAU.A3000039,,0.0,128.0,0.0,1.0,MDDBTYPE
0.0,A5GFGYAU.A500001P,C,NMISS N SUM MIN MAX USS RANGE AVG CSS VAR STD STDERR CV T PRT LCLM UCLM PCTSUM PCTN,,,,SASHELP.OBJPOOL.DYNATTR,1229877052.59282,1229877052.59282,1231411893.31657,,A5GFGYAU.A300003A,,0.0,128.0,0.0,1.0,ANALYSIS
0.0,A5GFGYAU.A500001Q,C,SUM PCTSUM,,,,SASHELP.OBJPOOL.DYNATTR,1229941586.93371,1229941586.93371,1231411895.08301,,A5GFGYAU.A300003B,,0.0,128.0,0.0,1.0,ANALYSIS
0.0,A5GFGYAU.A500001Q,C,,,,,SASHELP.OBJPOOL.DYNATTR,1229941636.41911,1229941636.41911,1231411895.11864,,A5GFGYAU.A300003C,,0.0,128.0,0.0,1.0,TIMEPER
1.0,A5GFGYAU.A500001R,C,SASHELP.SLIST.C8.SLIST,,,,SASHELP.OBJPOOL.DYNATTR,1229941869.59265,1229941869.59265,1231411793.2949,,A5GFGYAU.A300003D,,0.0,128.0,0.0,1.0,COMPUTED
1.0,A5GFGYAU.A500001S,C,SASHELP.SLIST.C9.SLIST,,,,SASHELP.OBJPOOL.DYNATTR,1229941920.16967,1229941920.16967,1231411828.90638,,A5GFGYAU.A300003E,,0.0,128.0,0.0,1.0,COMPUTED
1.0,A5GFGYAU.A2000006,C,SASHELP.SLIST.MAP2.SLIST,,,,SASHELP.OBJPOOL.DYNATTR,1229942827.78947,1229942827.78947,1231411697.20102,,A5GFGYAU.A300003F,,0.0,128.0,0.0,1.0,MAPINFO
0.0,A5GFGYAU.A500001P,C,,,,,SASHELP.OBJPOOL.DYNATTR,1229947805.57372,1229947805.57372,1231411893.31774,,A5GFGYAU.A300003G,,0.0,128.0,0.0,1.0,FORECAST
0.0,A5GFGYAU.A500001O,C,,,,,SASHELP.OBJPOOL.DYNATTR,1229947819.19338,1229947819.19338,1231411890.89591,,A5GFGYAU.A300003H,,0.0,128.0,0.0,1.0,FORECAST
0.0,A5GFGYAU.A500001T,C,$CHAR10.,,,,SASHELP.OBJPOOL.DYNATTR,1231412719.0367,1231412719.0367,1231415424.98713,,A5GFGYAU.A300003U,,0.0,128.0,0.0,1.0,MDDBFMT
0.0,A5GFGYAU.A500001T,C,C,,,,SASHELP.OBJPOOL.DYNATTR,1231412719.36473,1231412719.36473,1231415425.03477,,A5GFGYAU.A300003V,,0.0,128.0,0.0,1.0,MDDBTYPE
0.0,A5GFGYAU.A500001T,C,,,,,SASHELP.OBJPOOL.DYNATTR,1231412719.95402,1231412719.95402,1231415425.03523,,A5GFGYAU.A300003W,,0.0,128.0,0.0,1.0,CATEGORY
0.0,A5GFGYAU.A500001U,C,$CHAR22.,,,,SASHELP.OBJPOOL.DYNATTR,1231412720.81207,1231412720.81207,1231415427.6736,,A5GFGYAU.A300003X,,0.0,128.0,0.0,1.0,MDDBFMT
0.0,A5GFGYAU.A500001U,C,C,,,,SASHELP.OBJPOOL.DYNATTR,1231412721.15354,1231412721.15354,1231415427.70835,,A5GFGYAU.A300003Y,,0.0,128.0,0.0,1.0,MDDBTYPE
0.0,A5GFGYAU.A500001U,C,,,,,SASHELP.OBJPOOL.DYNATTR,1231412721.92726,1231412721.92726,1231415427.70881,,A5GFGYAU.A300003Z,,0.0,128.0,0.0,1.0,CATEGORY
0.0,A5GFGYAU.A500001V,C,$CHAR20.,,,,SASHELP.OBJPOOL.DYNATTR,1231412722.84744,1231412722.84744,1231415429.93205,,A5GFGYAU.A3000040,,0.0,128.0,0.0,1.0,MDDBFMT
0.0,A5GFGYAU.A500001V,C,C,,,,SASHELP.OBJPOOL.DYNATTR,1231412723.17515,1231412723.17515,1231415429.96891,,A5GFGYAU.A3000041,,0.0,128.0,0.0,1.0,MDDBTYPE
0.0,A5GFGYAU.A500001V,C,,,,,SASHELP.OBJPOOL.DYNATTR,1231412723.86875,1231412723.86875,1231415429.96936,,A5GFGYAU.A3000042,,0.0,128.0,0.0,1.0,CATEGORY
0.0,A5GFGYAU.A500001W,C,$CHAR10.,,,,SASHELP.OBJPOOL.DYNATTR,1231412724.95559,1231412724.95559,1231415432.28531,,A5GFGYAU.A3000043,,0.0,128.0,0.0,1.0,MDDBFMT
0.0,A5GFGYAU.A500001W,C,C,,,,SASHELP.OBJPOOL.DYNATTR,1231412725.28746,1231412725.28746,1231415432.32051,,A5GFGYAU.A3000044,,0.0,128.0,0.0,1.0,MDDBTYPE
0.0,A5GFGYAU.A500001W,C,,,,,SASHELP.OBJPOOL.DYNATTR,1231412726.08645,1231412726.08645,1231415432.32096,,A5GFGYAU.A3000045,,0.0,128.0,0.0,1.0,CATEGORY
0.0,A5GFGYAU.A500001X,C,$CHAR10.,,,,SASHELP.OBJPOOL.DYNATTR,1231412727.14734,1231412727.14734,1231415434.61379,,A5GFGYAU.A3000046,,0.0,128.0,0.0,1.0,MDDBFMT
0.0,A5GFGYAU.A500001X,C,C,,,,SASHELP.OBJPOOL.DYNATTR,1231412728.20682,1231412728.20682,1231415434.64995,,A5GFGYAU.A3000047,,0.0,128.0,0.0,1.0,MDDBTYPE
0.0,A5GFGYAU.A500001X,C,,,,,SASHELP.OBJPOOL.DYNATTR,1231412728.53695,1231412728.53695,1231415434.6504,,A5GFGYAU.A3000048,,0.0,128.0,0.0,1.0,CATEGORY
0.0,A5GFGYAU.A500001Y,C,4.,,,,SASHELP.OBJPOOL.DYNATTR,1231412729.28007,1231412729.28007,1231415437.03655,,A5GFGYAU.A3000049,,0.0,128.0,0.0,1.0,MDDBFMT
0.0,A5GFGYAU.A500001Y,C,N,,,,SASHELP.OBJPOOL.DYNATTR,1231412731.03595,1231412731.03595,1231415437.0696,,A5GFGYAU.A300004A,,0.0,128.0,0.0,1.0,MDDBTYPE
0.0,A5GFGYAU.A500001Y,C,,,,,SASHELP.OBJPOOL.DYNATTR,1231412731.41676,1231412731.41676,1231415437.07005,,A5GFGYAU.A300004B,,0.0,128.0,0.0,1.0,CATEGORY
0.0,A5GFGYAU.A500001Z,C,8.,,,,SASHELP.OBJPOOL.DYNATTR,1231412732.17732,1231412732.17732,1231415439.4114,,A5GFGYAU.A300004C,,0.0,128.0,0.0,1.0,MDDBFMT
0.0,A5GFGYAU.A500001Z,C,N,,,,SASHELP.OBJPOOL.DYNATTR,1231412732.49967,1231412732.49967,1231415439.44445,,A5GFGYAU.A300004D,,0.0,128.0,0.0,1.0,MDDBTYPE
0.0,A5GFGYAU.A500001Z,C,,,,,SASHELP.OBJPOOL.DYNATTR,1231412733.00893,1231412733.00893,1231415439.4449,,A5GFGYAU.A300004E,,0.0,128.0,0.0,1.0,CATEGORY
0.0,A5GFGYAU.A5000020,C,MONNAME3.,,,,SASHELP.OBJPOOL.DYNATTR,1231412733.79585,1231412733.79585,1231415441.74388,,A5GFGYAU.A300004F,,0.0,128.0,0.0,1.0,MDDBFMT
0.0,A5GFGYAU.A5000020,C,N,,,,SASHELP.OBJPOOL.DYNATTR,1231412734.22356,1231412734.22356,1231415441.77946,,A5GFGYAU.A300004G,,0.0,128.0,0.0,1.0,MDDBTYPE
0.0,A5GFGYAU.A5000020,C,,,,,SASHELP.OBJPOOL.DYNATTR,1231412734.54695,1231412734.54695,1231415441.77991,,A5GFGYAU.A300004H,,0.0,128.0,0.0,1.0,CATEGORY
0.0,A5GFGYAU.A5000021,C,MONYY.,,,,SASHELP.OBJPOOL.DYNATTR,1231412735.46642,1231412735.46642,1231415444.44708,,A5GFGYAU.A300004I,,0.0,128.0,0.0,1.0,MDDBFMT
0.0,A5GFGYAU.A5000021,C,N,,,,SASHELP.OBJPOOL.DYNATTR,1231412736.10665,1231412736.10665,1231415444.47927,,A5GFGYAU.A300004J,,0.0,128.0,0.0,1.0,MDDBTYPE
0.0,A5GFGYAU.A5000021,C,,,,,SASHELP.OBJPOOL.DYNATTR,1231412736.45629,1231412736.45629,1231415444.47972,,A5GFGYAU.A300004K,,0.0,128.0,0.0,1.0,CATEGORY
0.0,A5GFGYAU.A5000022,C,DOLLAR12.2,,,,SASHELP.OBJPOOL.DYNATTR,1231412737.80619,1231412737.80619,1231415447.17454,,A5GFGYAU.A300004L,,0.0,128.0,0.0,1.0,MDDBFMT
0.0,A5GFGYAU.A5000022,C,N,,,,SASHELP.OBJPOOL.DYNATTR,1231412738.12634,1231412738.12634,1231415447.21097,,A5GFGYAU.A300004M,,0.0,128.0,0.0,1.0,MDDBTYPE
0.0,A5GFGYAU.A5000022,C,NMISS N SUM MIN MAX USS RANGE AVG CSS VAR STD STDERR CV T PRT LCLM UCLM PCTSUM PCTN,,,,SASHELP.OBJPOOL.DYNATTR,1231412739.00431,1231412739.00431,1231415447.21143,,A5GFGYAU.A300004N,,0.0,128.0,0.0,1.0,ANALYSIS
0.0,A5GFGYAU.A5000023,C,DOLLAR12.2,,,,SASHELP.OBJPOOL.DYNATTR,1231412739.9964,1231412739.9964,1231415449.9067,,A5GFGYAU.A300004O,,0.0,128.0,0.0,1.0,MDDBFMT
0.0,A5GFGYAU.A5000023,C,N,,,,SASHELP.OBJPOOL.DYNATTR,1231412740.31759,1231412740.31759,1231415449.93891,,A5GFGYAU.A300004P,,0.0,128.0,0.0,1.0,MDDBTYPE
0.0,A5GFGYAU.A5000023,C,NMISS N SUM MIN MAX USS RANGE AVG CSS VAR STD STDERR CV T PRT LCLM UCLM PCTSUM PCTN,,,,SASHELP.OBJPOOL.DYNATTR,1231412740.99375,1231412740.99375,1231415449.93937,,A5GFGYAU.A300004Q,,0.0,128.0,0.0,1.0,ANALYSIS
0.0,A5GFGYAU.A2000007,C,EXTERNAL,,,,SASHELP.OBJPOOL.DYNATTR,1231412744.32665,1231412744.32665,1231415419.13235,,A5GFGYAU.A300004R,,0.0,128.0,0.0,1.0,MDDB
1.0,A5GFGYAU.A2000007,C,SASHELP.SLIST.H3.SLIST,,,,SASHELP.OBJPOOL.DYNATTR,1231412745.02744,1231412745.02744,1231415191.37916,,A5GFGYAU.A300004S,,0.0,128.0,0.0,1.0,HIERARCH
0.0,A5GFGYAU.A2000007,C,EXTERNAL,,,,SASHELP.OBJPOOL.DYNATTR,1231412746.31339,1231412746.31339,1231415419.16331,,A5GFGYAU.A300004T,,0.0,128.0,0.0,1.0,MDDB
1.0,A5GFGYAU.A2000007,C,SASHELP.SLIST.H3.SLIST,,,,SASHELP.OBJPOOL.DYNATTR,1231412746.99415,1231412746.99415,1231415177.3039,,A5GFGYAU.A300004U,,0.0,128.0,0.0,1.0,HIERARCH
0.0,A5GFGYAU.A2000007,C,SASHELP.PRDSAL3,,,,SASHELP.OBJPOOL.DYNATTR,1231412747.81787,1231412747.81787,1231415419.16386,,A5GFGYAU.A300004V,,0.0,128.0,0.0,1.0,BASETABL
1.0,A5GFGYAU.A2000007,C,SASHELP.SLIST.MAP2.SLIST,,,,SASHELP.OBJPOOL.DYNATTR,1231414201.856,1231414201.856,1231415176.88239,,A5GFGYAU.A300004W,,0.0,128.0,0.0,1.0,MAPINFO
0.0,A5GFGYAU.A5000023,C,,,,,SASHELP.OBJPOOL.DYNATTR,1231414314.01427,1231414314.01427,1231415449.94038,,A5GFGYAU.A300004X,,0.0,128.0,0.0,1.0,FORECAST
0.0,A5GFGYAU.A5000021,C,,,,,SASHELP.OBJPOOL.DYNATTR,1231414415.51531,1231414415.51531,1231415444.48142,,A5GFGYAU.A300004Y,,0.0,128.0,0.0,1.0,TIMEPER
0.0,A5GFGYAU.A5000022,C,,,,,SASHELP.OBJPOOL.DYNATTR,1231414548.57339,1231414548.57339,1231415447.21293,,A5GFGYAU.A300004Z,,0.0,128.0,0.0,1.0,FORECAST
0.0,A5GFGYAU.A5000024,C,$CHAR10.,,,,SASHELP.OBJPOOL.DYNATTR,1231415491.87335,1231415491.87335,,,A5GFGYAU.A300005C,,0.0,128.0,0.0,1.0,MDDBFMT
0.0,A5GFGYAU.A5000024,C,C,,,,SASHELP.OBJPOOL.DYNATTR,1231415492.18406,1231415492.18406,,,A5GFGYAU.A300005D,,0.0,128.0,0.0,1.0,MDDBTYPE
0.0,A5GFGYAU.A5000024,C,,,,,SASHELP.OBJPOOL.DYNATTR,1231415492.50969,1231415492.50969,,,A5GFGYAU.A300005E,,0.0,128.0,0.0,1.0,CATEGORY
0.0,A5GFGYAU.A5000025,C,$CHAR22.,,,,SASHELP.OBJPOOL.DYNATTR,1231415493.30204,1231415493.30204,,,A5GFGYAU.A300005F,,0.0,128.0,0.0,1.0,MDDBFMT
0.0,A5GFGYAU.A5000025,C,C,,,,SASHELP.OBJPOOL.DYNATTR,1231415493.64542,1231415493.64542,,,A5GFGYAU.A300005G,,0.0,128.0,0.0,1.0,MDDBTYPE
0.0,A5GFGYAU.A5000025,C,,,,,SASHELP.OBJPOOL.DYNATTR,1231415494.01232,1231415494.01232,,,A5GFGYAU.A300005H,,0.0,128.0,0.0,1.0,CATEGORY
0.0,A5GFGYAU.A5000026,C,$CHAR20.,,,,SASHELP.OBJPOOL.DYNATTR,1231415494.53062,1231415494.53062,,,A5GFGYAU.A300005I,,0.0,128.0,0.0,1.0,MDDBFMT
0.0,A5GFGYAU.A5000026,C,C,,,,SASHELP.OBJPOOL.DYNATTR,1231415494.83087,1231415494.83087,,,A5GFGYAU.A300005J,,0.0,128.0,0.0,1.0,MDDBTYPE
0.0,A5GFGYAU.A5000026,C,,,,,SASHELP.OBJPOOL.DYNATTR,1231415495.1795,1231415495.1795,,,A5GFGYAU.A300005K,,0.0,128.0,0.0,1.0,CATEGORY
0.0,A5GFGYAU.A5000027,C,$CHAR10.,,,,SASHELP.OBJPOOL.DYNATTR,1231415495.81314,1231415495.81314,,,A5GFGYAU.A300005L,,0.0,128.0,0.0,1.0,MDDBFMT
0.0,A5GFGYAU.A5000027,C,C,,,,SASHELP.OBJPOOL.DYNATTR,1231415496.12866,1231415496.12866,,,A5GFGYAU.A300005M,,0.0,128.0,0.0,1.0,MDDBTYPE
0.0,A5GFGYAU.A5000027,C,,,,,SASHELP.OBJPOOL.DYNATTR,1231415496.4501,1231415496.4501,,,A5GFGYAU.A300005N,,0.0,128.0,0.0,1.0,CATEGORY
0.0,A5GFGYAU.A5000028,C,$CHAR10.,,,,SASHELP.OBJPOOL.DYNATTR,1231415497.15694,1231415497.15694,,,A5GFGYAU.A300005O,,0.0,128.0,0.0,1.0,MDDBFMT
0.0,A5GFGYAU.A5000028,C,C,,,,SASHELP.OBJPOOL.DYNATTR,1231415497.46083,1231415497.46083,,,A5GFGYAU.A300005P,,0.0,128.0,0.0,1.0,MDDBTYPE
0.0,A5GFGYAU.A5000028,C,,,,,SASHELP.OBJPOOL.DYNATTR,1231415497.8503,1231415497.8503,,,A5GFGYAU.A300005Q,,0.0,128.0,0.0,1.0,CATEGORY
0.0,A5GFGYAU.A5000029,C,4.,,,,SASHELP.OBJPOOL.DYNATTR,1231415498.40309,1231415498.40309,,,A5GFGYAU.A300005R,,0.0,128.0,0.0,1.0,MDDBFMT
0.0,A5GFGYAU.A5000029,C,N,,,,SASHELP.OBJPOOL.DYNATTR,1231415498.75753,1231415498.75753,,,A5GFGYAU.A300005S,,0.0,128.0,0.0,1.0,MDDBTYPE
0.0,A5GFGYAU.A5000029,C,,,,,SASHELP.OBJPOOL.DYNATTR,1231415499.0892,1231415499.0892,,,A5GFGYAU.A300005T,,0.0,128.0,0.0,1.0,CATEGORY
0.0,A5GFGYAU.A500002A,C,8.,,,,SASHELP.OBJPOOL.DYNATTR,1231415499.6226,1231415499.6226,,,A5GFGYAU.A300005U,,0.0,128.0,0.0,1.0,MDDBFMT
0.0,A5GFGYAU.A500002A,C,N,,,,SASHELP.OBJPOOL.DYNATTR,1231415499.97651,1231415499.97651,,,A5GFGYAU.A300005V,,0.0,128.0,0.0,1.0,MDDBTYPE
0.0,A5GFGYAU.A500002A,C,,,,,SASHELP.OBJPOOL.DYNATTR,1231415500.33336,1231415500.33336,,,A5GFGYAU.A300005W,,0.0,128.0,0.0,1.0,CATEGORY
0.0,A5GFGYAU.A500002B,C,MONNAME3.,,,,SASHELP.OBJPOOL.DYNATTR,1231415501.04288,1231415501.04288,,,A5GFGYAU.A300005X,,0.0,128.0,0.0,1.0,MDDBFMT
0.0,A5GFGYAU.A500002B,C,N,,,,SASHELP.OBJPOOL.DYNATTR,1231415501.35264,1231415501.35264,,,A5GFGYAU.A300005Y,,0.0,128.0,0.0,1.0,MDDBTYPE
0.0,A5GFGYAU.A500002B,C,,,,,SASHELP.OBJPOOL.DYNATTR,1231415501.66309,1231415501.66309,,,A5GFGYAU.A300005Z,,0.0,128.0,0.0,1.0,CATEGORY
0.0,A5GFGYAU.A500002C,C,MONYY.,,,,SASHELP.OBJPOOL.DYNATTR,1231415502.26786,1231415502.26786,,,A5GFGYAU.A3000060,,0.0,128.0,0.0,1.0,MDDBFMT
0.0,A5GFGYAU.A500002C,C,N,,,,SASHELP.OBJPOOL.DYNATTR,1231415502.60889,1231415502.60889,,,A5GFGYAU.A3000061,,0.0,128.0,0.0,1.0,MDDBTYPE
0.0,A5GFGYAU.A500002C,C,,,,,SASHELP.OBJPOOL.DYNATTR,1231415503.0081,1231415503.0081,,,A5GFGYAU.A3000062,,0.0,128.0,0.0,1.0,CATEGORY
0.0,A5GFGYAU.A500002D,C,DOLLAR12.2,,,,SASHELP.OBJPOOL.DYNATTR,1231415503.5784,1231415503.5784,,,A5GFGYAU.A3000063,,0.0,128.0,0.0,1.0,MDDBFMT
0.0,A5GFGYAU.A500002D,C,N,,,,SASHELP.OBJPOOL.DYNATTR,1231415504.01014,1231415504.01014,,,A5GFGYAU.A3000064,,0.0,128.0,0.0,1.0,MDDBTYPE
0.0,A5GFGYAU.A500002D,C,NMISS N SUM MIN MAX USS RANGE AVG CSS VAR STD STDERR CV T PRT LCLM UCLM PCTSUM PCTN,,,,SASHELP.OBJPOOL.DYNATTR,1231415504.32239,1231415504.32239,,,A5GFGYAU.A3000065,,0.0,128.0,0.0,1.0,ANALYSIS
0.0,A5GFGYAU.A500002E,C,DOLLAR12.2,,,,SASHELP.OBJPOOL.DYNATTR,1231415504.94802,1231415504.94802,,,A5GFGYAU.A3000066,,0.0,128.0,0.0,1.0,MDDBFMT
0.0,A5GFGYAU.A500002E,C,N,,,,SASHELP.OBJPOOL.DYNATTR,1231415505.25838,1231415505.25838,,,A5GFGYAU.A3000067,,0.0,128.0,0.0,1.0,MDDBTYPE
0.0,A5GFGYAU.A500002E,C,NMISS N SUM MIN MAX USS RANGE AVG CSS VAR STD STDERR CV T PRT LCLM UCLM PCTSUM PCTN,,,,SASHELP.OBJPOOL.DYNATTR,1231415505.59462,1231415505.59462,,,A5GFGYAU.A3000068,,0.0,128.0,0.0,1.0,ANALYSIS
0.0,A5GFGYAU.A2000008,C,EXTERNAL,,,,SASHELP.OBJPOOL.DYNATTR,1231415506.98725,1231415506.98725,,,A5GFGYAU.A3000069,,0.0,128.0,0.0,1.0,MDDB
1.0,A5GFGYAU.A2000008,C,SASHELP.SLIST.H3.SLIST,,,,SASHELP.OBJPOOL.DYNATTR,1231415507.29909,1231415507.29909,,,A5GFGYAU.A300006A,,0.0,128.0,0.0,1.0,HIERARCH
0.0,A5GFGYAU.A2000008,C,EXTERNAL,,,,SASHELP.OBJPOOL.DYNATTR,1231415508.03405,1231415508.03405,,,A5GFGYAU.A300006B,,0.0,128.0,0.0,1.0,MDDB
1.0,A5GFGYAU.A2000008,C,SASHELP.SLIST.H3.SLIST,,,,SASHELP.OBJPOOL.DYNATTR,1231415508.34058,1231415508.34058,,,A5GFGYAU.A300006C,,0.0,128.0,0.0,1.0,HIERARCH
0.0,A5GFGYAU.A2000008,C,SASHELP.PRDSAL3,,,,SASHELP.OBJPOOL.DYNATTR,1231415508.74159,1231415508.74159,,,A5GFGYAU.A300006D,,0.0,128.0,0.0,1.0,BASETABL
1.0,A5GFGYAU.A500002F,C,SASHELP.SLIST.C8.SLIST,,,,SASHELP.OBJPOOL.DYNATTR,1231415617.05764,1231415617.05764,,,A5GFGYAU.A300006E,,0.0,128.0,0.0,1.0,COMPUTED
1.0,A5GFGYAU.A500002G,C,SASHELP.SLIST.C9.SLIST,,,,SASHELP.OBJPOOL.DYNATTR,1231415937.57653,1231415937.57653,,,A5GFGYAU.A300006F,,0.0,128.0,0.0,1.0,COMPUTED
0.0,A5GFGYAU.A500002E,C,,,,,SASHELP.OBJPOOL.DYNATTR,1231416033.31337,1231416033.31337,,,A5GFGYAU.A300006G,,0.0,128.0,0.0,1.0,FORECAST
0.0,A5GFGYAU.A500002C,C,,,,,SASHELP.OBJPOOL.DYNATTR,1231416069.85156,1231416069.85156,,,A5GFGYAU.A300006H,,0.0,128.0,0.0,1.0,TIMEPER
0.0,A5GFGYAU.A500002D,C,,,,,SASHELP.OBJPOOL.DYNATTR,1231416091.31535,1231416091.31535,,,A5GFGYAU.A300006I,,0.0,128.0,0.0,1.0,FORECAST
1.0,A5GFGYAU.A2000008,C,SASHELP.SLIST.MAP2.SLIST,,,,SASHELP.OBJPOOL.DYNATTR,1231416479.12686,1231416479.12686,,,A5GFGYAU.A300006J,,0.0,128.0,0.0,1.0,MAPINFO
