Term,Role
abdomino,Pref
abiéto,Pref
académico,Pref
achromo,Pref
acido,Pref
acro,Pref
acrobatico,Pref
acromio,Pref
acry,Pref
acryl,Pref
acti,Pref
acéto,Pref
adiabatico,Pref
adiposo,Pref
administrativo,Pref
adéno,Pref
afro,Pref
agro,Pref
ah,Interj
alcalo,Pref
alco,Pref
alcoyl,Pref
algorithmico,Pref
algébro,Pref
algéro,Pref
allergico,Pref
allo,Pref
allô,Interj
alphabético,Pref
alumino,Pref
alvéolo,Pref
amito,Pref
amnio,Pref
amphé,Pref
andro,Pref
anglo,Pref
anilino,Pref
aniso,Pref
ano,Pref
anthropo,Pref
anti,Pref
anté,Pref
antéro,Pref
aphaso,Pref
apico,Pref
après,Prep
aqua,Pref
arabo,Pref
aralo,Pref
archi,Pref
archéo,Pref
argilo,Pref
arithmo,Pref
arménio,Pref
aromatico,Pref
arsinico,Pref
arsonico,Pref
arsénico,Pref
arthro,Pref
artistico,Pref
artério,Pref
aréo,Pref
ascitico,Pref
ascorbico,Pref
ascético,Pref
aseptico,Pref
asiatico,Pref
astro,Pref
atlantico,Pref
atomico,Pref
atrio,Pref
attendu,Prep
au,Prep
aucun,Det
aucun,Pron
aucuns,Det
audi,Pref
auquel,Pron
auro,Pref
aussi,Conj
australo,Pref
austro,Pref
autistico,Pref
autour,Prep
autre,Det
autrui,Pron
avant,Prep
avec,Prep
avio,Pref
avoir,Verb
azéro,Pref
aéro,Pref
aïe,Interj
bacho,Pref
baco,Pref
bactério,Pref
badaboum,Interj
bah,Interj
balistico,Pref
balkano,Pref
balto,Pref
baro,Pref
basalto,Pref
basico,Pref
basta,Interj
bathy,Pref
because,Conj
because,Prep
belgo,Pref
bentho,Pref
benzo,Pref
berbéro,Pref
berk,Interj
beurk,Interj
bi,Pref
biblico,Pref
biblio,Pref
bicause,Conj
bicause,Prep
bigre,Interj
bio,Pref
biélo,Pref
bof,Interj
brachio,Pref
bravissimo,Interj
bronchiolo,Pref
broum,Interj
brrr,Interj
bye,Interj
caco,Pref
calci,Pref
calcio,Pref
calli,Pref
cancéro,Pref
car,Conj
carbo,Pref
cardio,Pref
carto,Pref
caryo,Pref
ce,Det
ce,Pron
ceci,Pron
cela,Pron
cellulo,Pref
celtico,Pref
celui,Pron
cent,Det
centi,Pref
cependant,Conj
certain,Det
certains,Det
certains,Pron
chacun,Det
chacun,Pron
chalco,Pref
chamito,Pref
chaque,Det
chez,Prep
chimico,Pref
chimio,Pref
chiro,Pref
chloro,Pref
chori,Pref
choro,Pref
christo,Pref
chryso,Pref
chut,Interj
ciao,Interj
cinq,Det
cinquante,Det
cinématico,Pref
cinémato,Pref
clac,Interj
classico,Pref
claustro,Pref
climato,Pref
clinico,Pref
clino,Pref
co,Pref
cobalto,Pref
cocaïno,Pref
comico,Pref
comme,Conj
comment,Conj
concernant,Prep
consisto,Pref
contre,Prep
corbleu,Interj
cortico,Pref
cosmo,Pref
cosméto,Pref
couic,Interj
coxo,Pref
cranio,Pref
cristallo,Pref
cristi,Interj
critico,Pref
cryo,Pref
crénom,Interj
cubico,Pref
cyano,Pref
cylindrico,Pref
cylindro,Pref
céphalo,Pref
céramico,Pref
cérébello,Pref
cérébro,Pref
cézigue,Pron
côté,Prep
da,Interj
dano,Pref
dans,Prep
de,Det
de,Prep
debout,Interj
dedans,Prep
dehors,Prep
dendro,Pref
densi,Pref
dento,Pref
depuis,Prep
dermato,Pref
derrière,Prep
dessous,Prep
dessus,Prep
deux,Det
devant,Prep
devers,Prep
devoir,Verb
di,Pref
dia,Interj
dia,Pref
diabolico,Pref
diabéto,Pref
dialecto,Pref
diantre,Interj
dichloro,Pref
différents,Det
diméthyl,Pref
ding,Interj
diphényl,Pref
diplomatico,Pref
divers,Det
dix,Det
diélectro,Pref
domestico,Pref
donc,Conj
dong,Interj
dont,Pron
dorso,Pref
douze,Det
dramatico,Pref
du,Prep
duquel,Pron
durant,Prep
dès,Prep
déhydro,Pref
démago,Pref
désertico,Pref
désoxy,Pref
ecclésio,Pref
ecto,Pref
eh,Interj
elle,Pron
elles,Pron
embryo,Pref
empirico,Pref
en,Prep
en,Pron
encyclo,Pref
encéphalo,Pref
endo,Pref
endéans,Prep
endémo,Pref
ento,Pref
entre,Prep
entéro,Pref
envers,Prep
enzymo,Pref
ergo,Pref
esthético,Pref
et,Conj
ethno,Pref
eucharistico,Pref
euh,Interj
eupho,Pref
eurêka,Interj
eux,Pron
ex,Pref
excentro,Pref
excepté,Prep
extra,Pref
fantastico,Pref
ferri,Pref
ferro,Pref
fibro,Pref
fichtre,Interj
filmo,Pref
finno,Pref
flac,Interj
fluvio,Pref
foeto,Pref
folklo,Pref
force,Det
fors,Prep
fouchtra,Interj
franco,Pref
fronto,Pref
fuso,Pref
futuro,Pref
fémoro,Pref
galactico,Pref
galacto,Pref
gastro,Pref
gazo,Pref
gaélico,Pref
germano,Pref
giga,Pref
glosso,Pref
gluco,Pref
glyco,Pref
glycéro,Pref
granulo,Pref
grapho,Pref
gréco,Pref
gyno,Pref
gyro,Pref
géniculo,Pref
génito,Pref
géorgeo,Pref
géronto,Pref
ha,Interj
hagio,Pref
hein,Interj
hello,Interj
helléno,Pref
helvético,Pref
hem,Interj
hep,Interj
heuristico,Pref
hexa,Pref
hip,Interj
hippo,Pref
hispanico,Pref
hispano,Pref
hista,Pref
histo,Pref
historico,Pref
hitléro,Pref
holo,Pref
homéo,Pref
hop,Interj
hormis,Prep
horo,Pref
hors,Prep
hospitalo,Pref
hou,Interj
houp,Interj
houst,Interj
hue,Interj
huit,Det
huitante,Det
humoristico,Pref
hydra,Pref
hydro,Pref
hygiéno,Pref
hygro,Pref
hyper,Pref
hypno,Pref
hypo,Pref
hystérico,Pref
hystéro,Pref
hé,Interj
hélas,Interj
hémato,Pref
hémi,Pref
hémo,Pref
hépato,Pref
hérético,Pref
ibérico,Pref
ibéro,Pref
icelui,Pron
icono,Pref
ictéro,Pref
idio,Pref
idéo,Pref
il,Pron
ilio,Pref
ils,Pron
iléo,Pref
immuno,Pref
indo,Pref
infanto,Pref
informatico,Pref
infra,Pref
inguino,Pref
insulino,Pref
intestino,Pref
intra,Pref
iodo,Pref
irako,Pref
irano,Pref
irido,Pref
irlando,Pref
ischio,Pref
islamo,Pref
iso,Pref
israélo,Pref
italico,Pref
italo,Pref
jarnicoton,Interj
jazzistico,Pref
je,Pron
jordano,Pref
journalistico,Pref
jouxte,Prep
judéo,Pref
juridico,Pref
jusque,Prep
jusques,Prep
kabbalistico,Pref
kazakho,Pref
khméro,Pref
kirghizo,Pref
kérato,Pref
la,Pron
labio,Pref
lacrymo,Pref
lacto,Pref
lanlaire,Interj
latéro,Pref
le,Det
le,Pron
lequel,Det
lequel,Pron
les,Pron
leur,Det
leur,Pron
leurszigues,Pron
lexico,Pref
lez,Prep
libéro,Pref
ligamento,Pref
linguistico,Pref
logico,Pref
lombo,Pref
lorsque,Conj
ludo,Pref
lui,Pron
luso,Pref
lybico,Pref
là,Interj
lès,Prep
macédo,Pref
maint,Det
mais,Conj
mais,Interj
malayo,Pref
malgré,Prep
maniaco,Pref
maroco,Pref
mathématico,Pref
me,Pron
mi,Pref
mien,Pron
militaro,Pref
mille,Det
milli,Pref
moi,Pron
moldavo,Pref
mon,Det
mongolo,Pref
morbleu,Interj
mordieu,Interj
morguenne,Interj
morguienne,Interj
morgué,Interj
motus,Interj
moyennant,Prep
multi,Pref
musculo,Pref
musico,Pref
myco,Pref
mytho,Pref
médiatico,Pref
médico,Pref
médio,Pref
médullo,Pref
méga,Pref
méso,Pref
méta,Pref
métacarpo,Pref
méthyl,Pref
mézigue,Pron
na,Interj
naevo,Pref
nano,Pref
naso,Pref
neuf,Det
neuro,Pref
ni,Conj
nigro,Pref
nigéro,Pref
nilo,Pref
nippo,Pref
nitro,Pref
nonante,Det
nonobstant,Prep
noszigues,Pron
notre,Det
nous,Pron
nucléo,Pref
nul,Det
nul,Pron
nécro,Pref
nôtre,Pron
occidentalo,Pref
occipito,Pref
octante,Det
octo,Pref
oculo,Pref
océano,Pref
oh,Interj
ohé,Interj
ola,Interj
oligo,Pref
olivo,Pref
ollé,Interj
olo,Pref
olé,Interj
oléo,Pref
on,Pref
on,Pron
onto,Pref
onze,Det
ophtalmo,Pref
optico,Pref
opto,Pref
or,Conj
orchi,Pref
ore,Conj
organo,Pref
ortho,Pref
osco,Pref
ostéo,Pref
oto,Pref
ou,Conj
ouais,Interj
ouf,Interj
ouille,Interj
ouralo,Pref
oust,Interj
ouste,Interj
outre,Prep
oxalo,Pref
oxydo,Pref
où,Pron
paf,Interj
pakistano,Pref
palsambleu,Interj
paléo,Pref
pancréatico,Pref
papulo,Pref
par,Prep
paraître,Verb
parbleu,Interj
pardi,Interj
pardieu,Interj
pardine,Interj
parmi,Prep
partant,Conj
passé,Prep
patatra,Interj
patatras,Interj
patho,Pref
pathético,Pref
pechère,Interj
pendant,Prep
penta,Pref
permo,Pref
personne,Pron
peuchère,Interj
peuh,Interj
pff,Interj
pfft,Interj
pfut,Interj
pharmaco,Pref
pharyngo,Pref
phospho,Pref
physico,Pref
physio,Pref
phyto,Pref
phéno,Pref
phényl,Pref
pico,Pref
pilo,Pref
piézo,Pref
ploc,Interj
plouf,Interj
plusieurs,Det
plusieurs,Pron
pluvio,Pref
politico,Pref
polono,Pref
poly,Pref
ponto,Pref
post,Pref
pouah,Interj
pour,Prep
pourquoi,Conj
pouvoir,Verb
pratico,Pref
primo,Pref
proche,Prep
pseudo,Pref
psitt,Interj
pst,Interj
publi,Pref
publico,Pref
puisque,Conj
pyro,Pref
pécaïre,Interj
pédago,Pref
pénicillo,Pref
périnéo,Pref
péronéo,Pref
pétro,Pref
quadri,Pref
quand,Conj
quarante,Det
quatorze,Det
quatre,Det
que,Conj
que,Pron
quel,Det
quel,Pron
quelque,Det
quelques,Det
qui,Pron
quiconque,Pron
quinze,Det
quoi,Pron
quoique,Conj
raca,Interj
rataplan,Interj
re,Pref
rebonjour,Interj
rester,Verb
revoici,Prep
revoilà,Prep
rhéo,Pref
rhéto,Pref
rien,Pron
romantico,Pref
russo,Pref
rythmo,Pref
ré,Pref
rétino,Pref
sacrebleu,Interj
sacredieu,Interj
sacristi,Interj
sacro,Pref
sans,Prep
saperlipopette,Interj
saperlotte,Interj
sapristi,Interj
sauf,Prep
scandinavo,Pref
scapulo,Pref
scientifico,Pref
scrogneugneu,Interj
scéno,Pref
se,Pron
seize,Det
selon,Prep
sembler,Verb
semi,Pref
sensori,Pref
sept,Det
septante,Det
serbo,Pref
seul,Det
sexo,Pref
si,Conj
sien,Pron
silico,Pref
sino,Pref
sinon,Conj
sismo,Pref
six,Det
sniff,Interj
socio,Pref
soi,Pron
soit,Conj
soit,Prep
soixante,Det
somato,Pref
son,Det
sous,Pref
sous,Prep
soviéto,Pref
spatio,Pref
spectro,Pref
sphéno,Pref
spino,Pref
stamino,Pref
stato,Pref
sterno,Pref
stomato,Pref
structuralo,Pref
structuro,Pref
sub,Pref
subéro,Pref
suivant,Prep
sulfo,Pref
suméro,Pref
supra,Pref
sur,Prep
sus,Pref
syndicalo,Pref
syntactico,Pref
syntaxico,Pref
séco,Pref
séismo,Pref
séléno,Pref
sémantico,Pref
sémio,Pref
sémitico,Pref
séméiotico,Pref
séro,Pref
sézigue,Pron
tadjiko,Pref
taratata,Interj
tarso,Pref
tayaut,Interj
taïaut,Interj
tchao,Interj
tchéco,Pref
te,Pron
technico,Pref
techno,Pref
tel,Det
tel,Pron
temporo,Pref
thermo,Pref
thoraco,Pref
théo,Pref
tibio,Pref
tibéto,Pref
tien,Pron
tintin,Interj
toi,Pron
ton,Det
tope,Interj
touchant,Prep
tous,Pron
tout,Det
tout,Pron
trachéo,Pref
trans,Pref
trapézo,Pref
treize,Det
trente,Det
trois,Det
tu,Pron
tubéro,Pref
tudieu,Interj
tungsto,Pref
tuniso,Pref
turlututu,Interj
téra,Pref
tézigue,Pron
ulcéro,Pref
un,Det
uns,Det
uro,Pref
urétro,Pref
urétéro,Pref
utéro,Pref
va,Interj
vasculo,Pref
vaso,Pref
ventrebleu,Interj
vers,Prep
versus,Conj
versus,Prep
vertubleu,Interj
vertuchou,Interj
vertudieu,Interj
vertébro,Pref
via,Prep
vietnamo,Pref
vingt,Det
viro,Pref
visco,Pref
vlan,Interj
voici,Prep
voilà,Prep
volcano,Pref
voszigues,Pron
votre,Det
vous,Pron
vu,Prep
vulvo,Pref
vésico,Pref
vésiculo,Pref
vôtre,Pron
xylo,Pref
xéro,Pref
y,Pron
youp,Interj
zou,Interj
zut,Interj
zzz,Interj
zéro,Det
à,Prep
ça,Pron
ès,Prep
é,Pref
ébullio,Pref
éclectico,Pref
éco,Pref
écologico,Pref
économico,Pref
égo,Pref
égypto,Pref
élasto,Pref
électro,Pref
énarcho,Pref
énergético,Pref
énigmatico,Pref
énéo,Pref
épistémo,Pref
érythro,Pref
étatico,Pref
éthico,Pref
éthy,Pref
étio,Pref
étrusco,Pref
étymo,Pref
évangélico,Pref
évohé,Interj
évoé,Interj
être,Verb
ô,Interj
ôté,Prep
a,
b,
c,
d,
e,
f,
g,
h,
i,
j,
k,
l,
m,
n,
o,
p,
q,
r,
s,
t,
u,
v,
w,
x,
y,
z,
à,
â,
ä,
ç,
è,
é,
ê,
ë,
í,
î,
ï,
ñ,
ø,
ô,
ö,
ù,
û,
ü,
