MSGID,MNEMONIC,LINENO,LEVEL,TEXT,PBUTTONS
1.0,1,1.0,E,(_APPLY_CUT_) RLINK() FAILURE. REMOTE CONNECTION NOT AVAILABLE.,SASHELP.FSP.OK.SLIST
2.0,2,1.0,E,(_APPLY_CUT_) INVALID VALUE FOR 'APPLY_CUT_FLAG' IV,SASHELP.FSP.OK.SLIST
3.0,3,1.0,E,(_APPLY_CUT_) 'MAPVARS' METHOD CALLING FAILURE,SASHELP.FSP.OK.SLIST
4.0,4,1.0,E,(_APPLY_CUT_) REMOTE SUBMIT FAILURE,SASHELP.FSP.OK.SLIST
5.0,5,1.0,E,(_APPLY_CUT_) LOCAL SUBMIT FAILURE,SASHELP.FSP.OK.SLIST
6.0,6,1.0,E,(_APPLY_CUT_) PRECONDITION VIOLATION,SASHELP.FSP.OK.SLIST
7.0,7,1.0,E,(_CREATE_ENTIRE_VIEW_) 'CREATE_ENTIRE_VIEW_FLAG' = %1$ IS NOT VALID,SASHELP.FSP.OK.SLIST
8.0,8,1.0,E,(_FIND_MDDB_SERVER_) NO MDDB SERVER FOUND,SASHELP.FSP.OK.SLIST
9.0,9,1.0,E,(_GENERATE_DATA_HOLAP_SERVER_) 1ST CLEARLIST() FAILURE,SASHELP.FSP.OK.SLIST
10.0,10,1.0,E,(_CREATE_ENTIRE_VIEW_) PRECONDITION VIOLATION,SASHELP.FSP.OK.SLIST
11.0,11,1.0,E,(_CREATE_ENTIRE_VIEW_) RLINK() FAILURE. REMOTE CONNECTION NOT AVAILABLE.,SASHELP.FSP.OK.SLIST
12.0,12,1.0,E,(_CREATE_ENTIRE_VIEW_) REMOTE SUBMIT FAILURE,SASHELP.FSP.OK.SLIST
13.0,13,1.0,E,(_CREATE_ENTIRE_VIEW_) LOCAL SUBMIT FAILURE,SASHELP.FSP.OK.SLIST
14.0,14,1.0,E,(_GENERATE_DATA_HOLAP_SERVER_)  CLEARLIST() FAILURE,SASHELP.FSP.OK.SLIST
15.0,15,1.0,E,(_GENERATE_DATA_HOLAP_SERVER_) PRECONDITION VIOLATION,SASHELP.FSP.OK.SLIST
16.0,16,1.0,E,(_GENERATE_DATA_ONE_PLATFORM_) Precondition violation,SASHELP.FSP.OK.SLIST
17.0,17,1.0,E,(_LOAD_MDDB_) Precondition violation,SASHELP.FSP.OK.SLIST
18.0,18,1.0,E,(_LOAD_MDDB_) RLINK to %1$ failed,SASHELP.FSP.OK.SLIST
19.0,19,1.0,E,(_LOAD_MDDB_) INVALID 'RETURNED_DATA' VALUE.,SASHELP.FSP.OK.SLIST
20.0,20,1.0,E,(_LOAD_MDDB_) 'CLASS_LIST' NOT FOUND IN 'QUERY_LIST' IV,SASHELP.FSP.OK.SLIST
21.0,21,1.0,E,(_LOAD_MDDB_) 'SORT_LIST' NOT FOUND IN 'QUERY_LIST' IV,SASHELP.FSP.OK.SLIST
22.0,22,1.0,E,(_LOAD_MDDB_) REMOTE SUBMIT FAILURE,SASHELP.FSP.OK.SLIST
23.0,23,1.0,E,(_LOAD_MDDB_) LOCAL SUBMIT FAILURE,SASHELP.FSP.OK.SLIST
24.0,24,1.0,E,(_MOVE_DATA_TO_HOLAP_SERVER_) Precondition violation,SASHELP.FSP.OK.SLIST
25.0,25,1.0,E,(_MOVE_DATA_TO_HOLAP_SERVER_) RLINK to %1$ failed.,SASHELP.FSP.OK.SLIST
26.0,26,1.0,E,(_MOVE_DATA_TO_HOLAP_SERVER_) REMOTE SUBMIT FAILURE,SASHELP.FSP.OK.SLIST
27.0,27,1.0,E,(_MOVE_DATA_TO_HOLAP_SERVER_) LOCAL SUBMIT FAILURE (DATA STEP),SASHELP.FSP.OK.SLIST
28.0,28,1.0,E,(_MOVE_DATA_TO_HOLAP_SERVER_) LOCAL SUBMIT FAILURE (PROC COPY),SASHELP.FSP.OK.SLIST
29.0,29,1.0,E,(_MOVE_DATA_TO_HOLAP_SERVER_) LOCAL SUBMIT FAILURE (PROC DATASETS),SASHELP.FSP.OK.SLIST
30.0,30,1.0,E,(_MOVE_DATA_TO_MDDB_SERVER_) PRECONDITION VIOLATION,SASHELP.FSP.OK.SLIST
31.0,31,1.0,E,(_MOVE_DATA_TO_MDDB_SERVER_) RLINK to %1$ failed.,SASHELP.FSP.OK.SLIST
32.0,32,1.0,E,(_SORT_CUT_MDDB_TO_DS_) Precondition violation.,SASHELP.FSP.OK.SLIST
33.0,33,1.0,E,(_SORT_CUT_MDDB_TO_DS_) Invalid data_source_list,SASHELP.FSP.OK.SLIST
34.0,34,1.0,E,(_MOVE_DATA_TO_MDDB_SERVER_) REMOTE SUBMIT FAILURE (PROC UPLOAD),SASHELP.FSP.OK.SLIST
35.0,35,1.0,E,(_SWITCH_TO_DATASET_) SETNITEMC() FAILURE.,SASHELP.FSP.OK.SLIST
36.0,36,1.0,E,(_PROVIDE_DATA_) _NEW_DATASOURCE_ FAILURE.,SASHELP.FSP.OK.SLIST
37.0,37,1.0,E,(_GET_COMPUTED_COLUMNS_) Bad input list,SASHELP.FSP.OK.SLIST
38.0,38,1.0,E,(_GET_COMPUTED_COLUMN_) Unable to return column,SASHELP.FSP.OK.SLIST
39.0,39,1.0,E,(_GENERATE_DATA_ONE_PLATFORM_) SUBMIT ERROR (HCSTANDARD).,SASHELP.FSP.OK.SLIST
40.0,40,1.0,E,(_GET_METADATA_) Unable to retrieve HOLAP group.,SASHELP.FSP.OK.SLIST
41.0,41,1.0,E,(_GROUP_) GROUPING FORMAT NOT AVAILABLE FOR UPLOADING,SASHELP.FSP.OK.SLIST
42.0,42,1.0,E,(_GROUP_) GROUPING FORMAT NOT AVAILABLE FOR PROCESSING,SASHELP.FSP.OK.SLIST
43.0,43,1.0,E,(_GENERATEDATAONPLATFORM_) UNABLE TO GET REMOTE VIEW STRUCTURE,SASHELP.FSP.OK.SLIST
44.0,44,1.0,E,(_PROVIDEDATA) AT LEAST ONE CLASS VARIABLE REQUESTED.,SASHELP.FSP.OK.SLIST
47.0,47,1.0,E,(_SETUP_) UNABLE TO LOAD HCOMM CLASS,SASHELP.FSP.OK.SLIST
48.0,48,1.0,E,"(_PROVIDE_DATA_) BAD INPUT, CUT LIST ILL FORMED",SASHELP.FSP.OK.SLIST
49.0,49,1.0,E,(_GENERATE_MDDB_FROM_MDDB_) ERROR IN REMOTE PROCESSING,SASHELP.FSP.OK.SLIST
50.0,50,1.0,E,(LOAD MDDB) NO MEMORY,SASHELP.FSP.OK.SLIST
51.0,51,1.0,E,(LOAD MDDB) CORRUPTED INPUT LISTS,SASHELP.FSP.OK.SLIST
52.0,52,1.0,E,(COMPUTE_COLUMNS ) VALIDATION FAILED,SASHELP.FSP.OK.SLIST
53.0,53,1.0,E,( _APPLY_CUT_ ) BAD INPUT SORT LIST,SASHELP.FSP.OK.SLIST
54.0,54,1.0,E,(COMPUTE_COLUMNS) RLINK FAILURE,SASHELP.FSP.OK.SLIST
55.0,55,1.0,E,(COMPUTE_COLUMNS) SUBMISSION FAILED,SASHELP.FSP.OK.SLIST
56.0,56,1.0,E,(INIT) MESSAGE CLASS OR FILE BAD.,SASHELP.FSP.OK.SLIST
57.0,57,1.0,E,(SORT) VALIDATION FAILED,SASHELP.FSP.OK.SLIST
59.0,59,1.0,E,(SORT) RLINK FAILED,SASHELP.FSP.OK.SLIST
60.0,60,1.0,E,(SORT) SUBMISSION FAILED,SASHELP.FSP.OK.SLIST
61.0,61,1.0,E,(SORT) REMOTE SUBMISSION FAILED,SASHELP.FSP.OK.SLIST
62.0,62,1.0,E,(CREATE_DATASET) VALIDATION FAILURE,SASHELP.FSP.OK.SLIST
63.0,63,1.0,E,(CREATE_DATASET) DATA SOURCE INFO NOT FOUND,SASHELP.FSP.OK.SLIST
64.0,64,1.0,E,(CREATE_DATASET) INVALID DATA SOURCE TYPE %1S.,SASHELP.FSP.OK.SLIST
65.0,65,1.0,E,(CREATE_DATASET) MATERIALISE FAILED,SASHELP.FSP.OK.SLIST
66.0,66,1.0,E,(GET_DATA_SOURCE_CLASS) TYPE MISSING,SASHELP.FSP.OK.SLIST
67.0,67,1.0,E,(SUMMARY) Precondition violation,SASHELP.FSP.OK.SLIST
68.0,68,1.0,E,(_SORT_CUT_MDDB_TO_DS_) Data source type is not 'MDDB',SASHELP.FSP.OK.SLIST
69.0,69,1.0,E,(SUMMARY) Unable to open dataset %1$,SASHELP.FSP.OK.SLIST
70.0,70,1.0,E,(SUMMARY) RLINK FAILURE,SASHELP.FSP.OK.SLIST
71.0,71,1.0,E,(SUMMARY) UNABLE TO MAKE OUT DS STRUCTURE,SASHELP.FSP.OK.SLIST
72.0,72,1.0,E,(SUMMARY) GROUPING CLASS NOR FOUND IN DATA SET,SASHELP.FSP.OK.SLIST
73.0,73,1.0,E,(_SORT_CUT_MDDB_TO_DS_) class_list is empty,SASHELP.FSP.OK.SLIST
74.0,74,1.0,E,(VIEW TO DATASET) Precondition violation,SASHELP.FSP.OK.SLIST
75.0,75,1.0,E,(_VALIDATE_) Precondition violation,SASHELP.FSP.OK.SLIST
76.0,76,1.0,E,(_VALIDATE_) Unable to access metadata info to get data sources list,SASHELP.FSP.OK.SLIST
77.0,77,1.0,E,(_VALIDATE_) Unable to access data source info,SASHELP.FSP.OK.SLIST
78.0,78,1.0,E,(_VALIDATE_) %1$ data source validation failed.,SASHELP.FSP.OK.SLIST
79.0,79,1.0,E,(_ANY_COMPUTING_) Precondition violation,SASHELP.FSP.OK.SLIST
80.0,80,1.0,E,(_NEW_DATA_SOURCE_) Precondition violation,SASHELP.FSP.OK.SLIST
81.0,81,1.0,E,(_NEW_DATA_SOURCE_) _GET_DATA_SOURCE_CLASS_ method failed,SASHELP.FSP.OK.SLIST
83.0,83,1.0,E,(LOAD MDDB) NO MEMORY,SASHELP.FSP.OK.SLIST
84.0,84,1.0,E,(_LOAD_MDDB_) Unable to open dataset %1$,SASHELP.FSP.OK.SLIST
85.0,85,1.0,E,(SET COMPUTED COLUMN) VALIDATION FAILED,SASHELP.FSP.OK.SLIST
86.0,86,1.0,E,(DELETE COMPUTED COLUMN) VALIDATION FAILED,SASHELP.FSP.OK.SLIST
87.0,87,1.0,E,(DELETE COMPUTED COLUMN) NOT FOUND,SASHELP.FSP.OK.SLIST
88.0,88,1.0,E,(SET COMPUTED COLUMNS  ) VALIDATION FAILED,SASHELP.FSP.OK.SLIST
89.0,89,1.0,E,(COMPUTED COLUMNS  ) VALIDATION FAILED,SASHELP.FSP.OK.SLIST
90.0,90,1.0,E,(_SORT_CUT_MDDB_TO_DS_) UNABLE TO LOAD MDDB WRAPPER CLASS,SASHELP.FSP.OK.SLIST
91.0,91,1.0,W,WARNING: HOLAP permanent cache has been discarded.,SASHELP.FSP.OK.SLIST
92.0,92,1.0,E,(_ADDGHOSTS) SUBMISSION FAILED,SASHELP.FSP.OK.SLIST
93.0,93,1.0,E,(_ADDGHOSTS) REMOTE SUBMISSION  FAILED,SASHELP.FSP.OK.SLIST
94.0,94,1.0,E,(_QUERYTIME) VALIDATION FAILED.,SASHELP.FSP.OK.SLIST
95.0,95,1.0,E,(_SETTIMEDIMENSION) (SETTIME1) VALIDATION FAILED.,SASHELP.FSP.OK.SLIST
96.0,96,1.0,E,(_SETTIMEDIMENSION) (SETTIME1) BAD STRUCTURE LIST.,SASHELP.FSP.OK.SLIST
97.0,97,1.0,E,(_SETTIMEDIMENSION) UNABLE TO GET DIMENSIONAL INFORMATION FROM _QUERYTIME(),SASHELP.FSP.OK.SLIST
98.0,98,1.0,E,(_ADDGHOSTS ) UNABLE TO OPEN TEMPORARY DATASETS.,SASHELP.FSP.OK.SLIST
100.0,100,1.0,E,(_SORT_) 'MAPVARS' METHOD CALLING FAILURE,SASHELP.FSP.OK.SLIST
101.0,101,1.0,E,(_SETTIMEDIMENSION) VALIDATIONE FAILURE,SASHELP.FSP.OK.SLIST
102.0,102,1.0,E,(_SETTIMEDIMENSION) CORRUPTED TIME LIST,SASHELP.FSP.OK.SLIST
103.0,103,1.0,E,"(_SETTIMEDIMENSION) CORRUPTED TIME LIST, LEVEL NAME MISSING",SASHELP.FSP.OK.SLIST
104.0,104,1.0,E,"(_SETTIMEDIMENSION) CORRUPTED TIME LIST, LEVEL NAME MISSING",SASHELP.FSP.OK.SLIST
105.0,105,1.0,E,(_SETTIMEDIMENSION) UNABLE TO LOAD HHIERARCHIES CLASS,SASHELP.FSP.OK.SLIST
106.0,106,1.0,E,(_SETTIMEDIMENSION) UNABLE TO CREATE HHIERARCHIES OBJECT,SASHELP.FSP.OK.SLIST
107.0,107,1.0,E,(_GETTIMEDIMENSION) VALIDATION FAILED,SASHELP.FSP.OK.SLIST
108.0,108,1.0,E,(_GETTIMEDIMENSION) DIMENSION UNDEFINED (CALL TO SETDIMENSION MISSING),SASHELP.FSP.OK.SLIST
109.0,109,1.0,E,NOTE: NUNIQUE statistic in HOLAP is experimental.,SASHELP.FSP.OK.SLIST
110.0,110,1.0,E,NOTE: Time dimension in HOLAP is experimental.,SASHELP.FSP.OK.SLIST
111.0,111,1.0,E,"(HOLAP_DP, _CHECKMDDBSHAPE) UNABLE TO CREATE MDDB_H OBJECT",SASHELP.FSP.OK.SLIST
112.0,112,1.0,E,"(HOLAP_DP, _CHECKMDDBSHAPE) BAD HMDDB_M CLASS",SASHELP.FSP.OK.SLIST
113.0,113,1.0,E,"(HOLAP_DP, _CHECKMDDBSHAPE) UNABLE TO CREATE MDDB_C OBJECT",SASHELP.FSP.OK.SLIST
114.0,114,1.0,E,"(HOLAP_DP, _EXPANDQUERY   ) TIME DIMENSION UNDEFINED.",SASHELP.FSP.OK.SLIST
115.0,115,1.0,E,"(HOLAP_DP, _COMPUTEDTD    ) VALIDATION FAILED       .",SASHELP.FSP.OK.SLIST
201.0,201,1.0,E,(_GENERATE_DATA_HOLAP_SERVER_) Syntax error in rsubmit to %1$,SASHELP.FSP.OK.SLIST
202.0,202,1.0,E,(_GENERATE_DATA_HOLAP_SERVER_) Rsubmit to %1$ failed.,SASHELP.FSP.OK.SLIST
203.0,203,1.0,E,(_GENERATE_DATA_HOLAP_SERVER_) Timeout occurred.,SASHELP.FSP.OK.SLIST
204.0,204,1.0,E,(_GENERATE_DATA_HOLAP_SERVER_) A synchronous submit failed on some platform.,SASHELP.FSP.OK.SLIST
205.0,205,1.0,E,(_GENERATE_DATA_HOLAP_SERVER_) A submit failed in the second part.,SASHELP.FSP.OK.SLIST
206.0,206,1.0,E,(_GENERATE_DATA_MDDB_SERVER_) Rsubmit to %1$ failed.,SASHELP.FSP.OK.SLIST
207.0,207,1.0,E,(_GENERATE_DATA_MDDB_SERVER_) Syntax error in rsubmit to %1$,SASHELP.FSP.OK.SLIST
208.0,208,1.0,E,(_GENERATE_DATA_MDDB_SERVER_) Timeout occurred.,SASHELP.FSP.OK.SLIST
209.0,209,1.0,E,(_GENERATE_DATA_MDDB_SERVER_) A synchronous submit failed on some platform.,SASHELP.FSP.OK.SLIST
210.0,210,1.0,E,(_GENERATE_DATA_MDDB_SERVER_) A submit failed in the second part.,SASHELP.FSP.OK.SLIST
211.0,211,1.0,E,(_GENERATE_DATA_ONE_PLATFORM_) RLINK to %1$ failed,SASHELP.FSP.OK.SLIST
212.0,212,1.0,E,(_GENERATE_DATA_ONE_PLATFORM_) Rsubmit to %1$ failed.,SASHELP.FSP.OK.SLIST
213.0,213,1.0,E,(_GENERATE_DATA_ONE_PLATFORM_) Syntax error in rsubmit to %1$,SASHELP.FSP.OK.SLIST
214.0,214,1.0,E,(_GENERATE_DATA_ONE_PLATFORM_) Local submit failed.,SASHELP.FSP.OK.SLIST
215.0,215,1.0,E,(_GROUP_) Precondition violation.,SASHELP.FSP.OK.SLIST
250.0,250,1.0,E,(_PROVIDADATA)EMPTY SUBSET IN LIGHT LIST.,SASHELP.FSP.OK.SLIST
251.0,251,1.0,E,(_PROVIDADATA)EMPTY SUBSET,SASHELP.FSP.OK.SLIST
252.0,252,1.0,E,(_GENERATEDATA) QUERY ACROSS SERVERS NOT SUPPORTED.,SASHELP.FSP.OK.SLIST
253.0,253,1.0,E,(_ISENTIREVIEWEMPTY) ERROR ON REMOTE CHECK OF VIEW,SASHELP.FSP.OK.SLIST
254.0,254,1.0,E,(_ISENTIREVIEWEMPTY) ERROR ON REMOTE LIST DOWNLOAD,SASHELP.FSP.OK.SLIST
299.0,299,1.0,E,"(_REMOTESEND HCSTANDARD) VALIDATION FAILED, BAD INPUT LIST",SASHELP.FSP.OK.SLIST
300.0,300,1.0,E,(_FIND_ANALYSIS_) Precondition violation,SASHELP.FSP.OK.SLIST
301.0,301,1.0,E,(_FIND_ANALYSIS_) Cannot open %1$ dataset,SASHELP.FSP.OK.SLIST
302.0,302,1.0,W,LOG DATASET COULD NOT BE OPENED.,SASHELP.FSP.OK.SLIST
303.0,303,1.0,W,LOG DATA NOT APPENDED TO LOG DATASET.,SASHELP.FSP.OK.SLIST
304.0,304,1.0,W,LOG DATASET WAS NOT UPDATED.,SASHELP.FSP.OK.SLIST
305.0,305,1.0,W,(_FIND_DATA_) NO DATA SOURCES MATCH QUERY.,SASHELP.FSP.OK.SLIST
306.0,306,1.0,W,(_GENERATE_DATA_) RSUBMIT TERMINATED BECAUSE OF ERRORS.,SASHELP.FSP.OK.SLIST
307.0,307,1.0,W,(_GENERATE_DATA_) RSUBMIT NOT EXECUTED BECAUSE OF SYNTAX ERRORS.,SASHELP.FSP.OK.SLIST
308.0,308,1.0,W,(_GENERATE_DATA_) SYSTEM ERRORS.,SASHELP.FSP.OK.SLIST
309.0,309,1.0,W,(_GENERATE_DATA) RLINK FAILED .,SASHELP.FSP.OK.SLIST
310.0,310,1.0,W,(_GENERATE_DATA) SUBMISSION FAILED,SASHELP.FSP.OK.SLIST
311.0,311,1.0,W,"(HCSTANDARD,_OPENCONNECTION) UNABLE TO SIGN ON",SASHELP.FSP.OK.SLIST
312.0,312,1.0,W,Enter Password for Data Access,SASHELP.FSP.OK.SLIST
313.0,313,1.0,W,"(HCSTANDARD,_CLOSECONNECTION) UNABLE TO SIGN OFF",SASHELP.FSP.OK.SLIST
314.0,314,1.0,W,"(HCSTANDARD,_REMOTESEND) RLINK FAILED",SASHELP.FSP.OK.SLIST
315.0,315,1.0,W,(_MOVEDATAHOLAPSERVER) LOCAL SUBMISSION FAILED,SASHELP.FSP.OK.SLIST
316.0,316,1.0,W,(_MOVEDATAHOLAPSERVER) REMOTE SUBMISSION FAILED,SASHELP.FSP.OK.SLIST
317.0,317,1.0,W,(_GENERATE_DATA_HOLAP_SERVER_) SUBMISSION FAILED (NOT PARALLEL),SASHELP.FSP.OK.SLIST
318.0,318,1.0,W,(_GENERATE_DATA_HOLAP_SERVER_) SUBMISSION FAILED (PARALLEL),SASHELP.FSP.OK.SLIST
319.0,319,1.0,W,(_GENERATE_DATA_HOLAP_SERVER_) SUBMISSION FAILED (FINAL),SASHELP.FSP.OK.SLIST
320.0,320,1.0,W,(_GENERATE_DATA_MDDB_SERVER_) SUBMISSION FAILED (NOT PARALLEL),SASHELP.FSP.OK.SLIST
321.0,321,1.0,W,(_GENERATE_DATA_MDDB_SERVER_) SUBMISSION FAILED (PARALLEL),SASHELP.FSP.OK.SLIST
322.0,322,1.0,W,(_GENERATE_DATA_MDDB_SERVER_) SUBMISSION FAILED (FINAL),SASHELP.FSP.OK.SLIST
323.0,323,1.0,W,"(_LOAD_MDDB, REMOTE) SUBMISSION FAILED",SASHELP.FSP.OK.SLIST
324.0,324,1.0,W,(_CHECKDIVIDE) BAD INPUT LIST,SASHELP.FSP.OK.SLIST
325.0,325,1.0,W,(_VALIDATEINPUT)REQUESTED COMPUTED COLUMN NOT DEFINED,SASHELP.FSP.OK.SLIST
326.0,326,1.0,W,(_PROVIDEDATA) HOLAP GROUP LIST EMPTY,SASHELP.FSP.OK.SLIST
327.0,327,1.0,W,(_CREATEINITIALVIEW) INPUT LIST EMPTY,SASHELP.FSP.OK.SLIST
328.0,328,1.0,W,(_CREATEINITIALVIEW) _GETDATASUBSET FAILED.,SASHELP.FSP.OK.SLIST
329.0,329,1.0,W,(_VALIDATEINPUT) UNKNOWN STATISTIC IN QUERY INPUT LIST,SASHELP.FSP.OK.SLIST
500.0,500,1.0,W,"( HHIERARCHIES,_SETHIERARCHIES)VALIDATION FAILED",SASHELP.FSP.OK.SLIST
501.0,501,1.0,W,"( HHIERARCHIES, _GETHIERARCHIES)VALIDATION FAILED",SASHELP.FSP.OK.SLIST
502.0,502,1.0,W,( HHIERARCHIES_GETHIERARCHIES)HIERARCHY NOT FOUND,SASHELP.FSP.OK.SLIST
503.0,503,1.0,W,"( HHIERARCHIES, _GETLEVEL      )VALIDATION FAILED",SASHELP.FSP.OK.SLIST
504.0,504,1.0,W,"( HHIERARCHIES, _GETLEVEL      )UNABLE TO FIND LEVEL",SASHELP.FSP.OK.SLIST
505.0,505,1.0,W,"( HHIERARCHIES, _DELETEHIERARCHY) VALIDATION FAILED",SASHELP.FSP.OK.SLIST
506.0,506,1.0,W,"( HHIERARCHIES, _DELETEHIERARCHY) HIERARCHY NOT FOUND",SASHELP.FSP.OK.SLIST
507.0,507,1.0,W,"( HHIERARCHIES, _GETHATTRIBUTE  ) VALIDATION FAILED",SASHELP.FSP.OK.SLIST
508.0,508,1.0,W,"( HHIERARCHIES, _GETHATTRIBUTE  ) HIERARCHY NOT FOUND",SASHELP.FSP.OK.SLIST
509.0,509,1.0,W,"( HHIERARCHIES, _SETHATTRIBUTE  ) VALIDATION FAILED",SASHELP.FSP.OK.SLIST
510.0,510,1.0,W,"( HHIERARCHIES, _SETHATTRIBUTE  ) HIERARCHY NOT FOUND",SASHELP.FSP.OK.SLIST
511.0,511,1.0,W,"( HHIERARCHIES, _GETLEVELLOGICALGAP) VALIDATION FAILED",SASHELP.FSP.OK.SLIST
512.0,512,1.0,W,"( HHIERARCHIES, _GETLEVELLOGICALGAP) HIERARCHY NOT FOUND",SASHELP.FSP.OK.SLIST
513.0,513,1.0,W,"( HHIERARCHIES, _GETLEVELLOGICALGAP) HIERARCHY CORRUPTED",SASHELP.FSP.OK.SLIST
514.0,514,1.0,W,"( HHIERARCHIES, _GETLEVELLOGICALGAP) LEVEL NOT FOUND",SASHELP.FSP.OK.SLIST
515.0,515,1.0,W,"( HHIERARCHIES, _GETHIERARCHYWITH ) VALIDATION FAILED",SASHELP.FSP.OK.SLIST
516.0,516,1.0,W,"( HHIERARCHIES, _HASLEVEL         ) VALIDATION FAILED",SASHELP.FSP.OK.SLIST
517.0,517,1.0,W,"( HHIERARCHIES, _HASPOSITION      ) VALIDATION FAILED",SASHELP.FSP.OK.SLIST
518.0,518,1.0,W,"( HHIERARCHIES, _MAPGAP           ) VALIDATION FAILED",SASHELP.FSP.OK.SLIST
519.0,519,1.0,W,"( HHIERARCHIES, _MAPVALUE         ) NO TIME DIMENSION DEFINED.",SASHELP.FSP.OK.SLIST
520.0,520,1.0,W,"( HHIERARCHIES, _GETPARENT        ) VALIDATION FAILED        .",SASHELP.FSP.OK.SLIST
521.0,521,1.0,W,"( HHIERARCHIES, _GETPARENT        ) HIERARCHY NOT FOUND      .",SASHELP.FSP.OK.SLIST
522.0,522,1.0,W,"( HHIERARCHIES, _HASNAME          ) VALIDATION FAILED        .",SASHELP.FSP.OK.SLIST
523.0,523,1.0,W,"( HHIERARCHIES, _GETPARENTS       ) VALIDATION FAILED        .",SASHELP.FSP.OK.SLIST
524.0,524,1.0,W,"( HHIERARCHIES, _GETPARENTS       ) HIERARCHY NOT FOUND      .",SASHELP.FSP.OK.SLIST
850.0,850,1.0,E,"(HCOMM, _SETSERVERS) BAD INPUT LIST",SASHELP.FSP.OK.SLIST
1001.0,1001,1.0,E,"(INIT, DSOURCE) BAD PARMS LIST",SASHELP.FSP.OK.SLIST
1002.0,1002,1.0,E,(INIT OF DSOURCE) VALIDATION FAILED,SASHELP.FSP.OK.SLIST
1003.0,1003,1.0,E,"(SET_QUERY, DSOURCE) VALIDATION FAILED",SASHELP.FSP.OK.SLIST
1004.0,1004,1.0,E,"(VALIDATE, DS_DBMS) VALIDATION FAILED",SASHELP.FSP.OK.SLIST
1005.0,1005,1.0,E,"(VALIDATE, DS_DBMS) RLINK TO %1$ FAILED",SASHELP.FSP.OK.SLIST
1006.0,1006,1.0,E,"(VALIDATE, DS_DBMS) SUBMISSION FAILURE",SASHELP.FSP.OK.SLIST
1007.0,1007,1.0,E,"(REMOTE VALIDATE, DS_DATA) UNABLE TO SAVE LIST IN %1$",SASHELP.FSP.OK.SLIST
1008.0,1008,1.0,E,"(REMOTE VALIDATE, DS_DATA) RLINK TO %1$ FAILED",SASHELP.FSP.OK.SLIST
1009.0,1009,1.0,E,"(REMOTE VALIDATE, DS_DATA) REMOTE EXECUTION FAILED",SASHELP.FSP.OK.SLIST
1010.0,1010,1.0,E,"(REMOTE VALIDATE, DS_DATA) REMOTE SUBMISSION FAILED",SASHELP.FSP.OK.SLIST
1011.0,1011,1.0,E,"(REMOTE VALIDATE, DS_MDDB) VALIDATION FAILED",SASHELP.FSP.OK.SLIST
1012.0,1012,1.0,E,"(SAVE_AS, DS_MDDB) Preconditions violation",SASHELP.FSP.OK.SLIST
1013.0,1013,1.0,E,(_VERIFY_CUT_AND_APPEND_) Precondition violation,SASHELP.FSP.OK.SLIST
1014.0,1014,1.0,E,"(REMOTE MATERIALISE, DS_MDDB) RLINK to %1$ failed",SASHELP.FSP.OK.SLIST
1015.0,1015,1.0,E,"(REMOTE MATERIALISE, DS_MDDB) EXECUTION FAILED",SASHELP.FSP.OK.SLIST
1016.0,1016,1.0,E,"(REMOTE MATERIALISE, DS_MDDB) SUBMISSION FAILED",SASHELP.FSP.OK.SLIST
1017.0,1017,1.0,E,(_SORT_CUT_MDDB_TO_DS_) Unable to instance %1$,SASHELP.FSP.OK.SLIST
1018.0,1018,1.0,E,(_SORT_CUT_MDDB_TO_DS_) _OPEN_MDDB_TABLE_ method on %1$ failed,SASHELP.FSP.OK.SLIST
1019.0,1019,1.0,E,"(RESHAPE, DS_MDDB) SUBMISSION FAILED",SASHELP.FSP.OK.SLIST
1020.0,1020,1.0,E,"(LOCAL VALIDATE, DS_MDDB) Unable to open MDDB %1$",SASHELP.FSP.OK.SLIST
1021.0,1021,1.0,E,(_SORT_CUT_MDDB_TO_DS_) _MAKE_TABLE_ method failed.,SASHELP.FSP.OK.SLIST
1022.0,1022,1.0,E,(_SORT_CUT_MDDB_TO_DS_) Unable to savelist into %1$,SASHELP.FSP.OK.SLIST
1023.0,1023,1.0,E,"(REMOTE  VALIDATE, DS_MDDB) RLINK to %1$ failed",SASHELP.FSP.OK.SLIST
1024.0,1024,1.0,E,"(REMOTE VALIDATE, DS_MDDB) EXECUTION FAILED",SASHELP.FSP.OK.SLIST
1025.0,1025,1.0,E,"(REMOTE VALIDATE, DS_MDDB) SUBMISSION FAILED",SASHELP.FSP.OK.SLIST
1026.0,1026,1.0,E,(_CREATE_LIST_) Precondition violation.,SASHELP.FSP.OK.SLIST
1027.0,1027,1.0,E,(_CREATE_LIST_) CLEARLIST() failed.,SASHELP.FSP.OK.SLIST
1028.0,1028,1.0,E,"(REMOTE_EXEC, DSOURCE) SESSION NAME MISSING",SASHELP.FSP.OK.SLIST
1029.0,1029,1.0,E,"(REMOTE_EXEC, DSOURCE) Catalog name is missing",SASHELP.FSP.OK.SLIST
1030.0,1030,1.0,E,"(REMOTE_EXEC, DSOURCE) %1$ does not exist",SASHELP.FSP.OK.SLIST
1031.0,1031,1.0,E,"(REMOTE_EXEC, DSOURCE) %1$ is an invalid SCL entry name",SASHELP.FSP.OK.SLIST
1032.0,1032,1.0,E,"(REMOTE_EXEC, DSOURCE) RLINK to %1$ failed",SASHELP.FSP.OK.SLIST
1033.0,1033,1.0,E,"(MATERILISE,DS_DBMS) VALIDATION FAILED",SASHELP.FSP.OK.SLIST
1034.0,1034,1.0,E,"(MATERIALISE,DS_DBMS) RLINK FAILURE",SASHELP.FSP.OK.SLIST
1035.0,1035,1.0,E,"(MATERIALISE,DS_DBMS) SUBMISSION FAILED",SASHELP.FSP.OK.SLIST
1036.0,1036,1.0,E,"(REMOTE SAVEAS, DS_MDDB) RLINK to %1$ failed",SASHELP.FSP.OK.SLIST
1037.0,1037,1.0,E,"(REMOTE SAVEAS, DS_MDDB) SUBMISSION FAILED",SASHELP.FSP.OK.SLIST
1038.0,1038,1.0,E,"(REMOTE SAVEAS, DS_MDDB) EXECUTION FAILED",SASHELP.FSP.OK.SLIST
1039.0,1039,1.0,E,(_CREATE_LIST_) Unable to open %1$ dataset.,SASHELP.FSP.OK.SLIST
1040.0,1040,1.0,E,(_GENERATE_LIGHT_LIST_ DS_DBMS) SUBMIT FAILURE,SASHELP.FSP.OK.SLIST
1041.0,1041,1.0,E,(_GENERATE_LIGHT_LIST_ DS_DBMS) UNABLE TO OPEN %1$,SASHELP.FSP.OK.SLIST
1042.0,1042,1.0,E,(_GENERATE_LIGHT_LIST_ DS_DBMS) LVARLEVEL() FAILURE ON %1$ VIEW,SASHELP.FSP.OK.SLIST
1043.0,1043,1.0,E,(_GENERATE_LIGHT_LIST_ DS_DBMS) SETNITEMN() FAILED,SASHELP.FSP.OK.SLIST
1044.0,1044,1.0,E,(_GENERATE_LIGHT_LIST_ DS_MDDB) INSTANCE() FAILURE,SASHELP.FSP.OK.SLIST
1045.0,1045,1.0,E,(_GENERATE_LIGHT_LIST_ DS_MDDB) SETNITEMN() FAILURE,SASHELP.FSP.OK.SLIST
1046.0,1046,1.0,E,"(_LOCAL_SAVE_AS_,  DS_MDDB) Unable to open MDDB %1$",SASHELP.FSP.OK.SLIST
1047.0,1047,1.0,E,"(_LOCAL_MATERIALISE_, DS_MDDB) Unable to open MDDB %1$",SASHELP.FSP.OK.SLIST
1048.0,1048,1.0,E,"(_GENERATE_LIGHT_LIST,DS_MDDB) Unable to open MDDB %1$",SASHELP.FSP.OK.SLIST
1049.0,1049,1.0,E,(_GETDATASUBSET) VALIDATION FAILED,SASHELP.FSP.OK.SLIST
1050.0,1050,1.0,E,"(_GETDATASUBSET, DS_STAR) VALIDATION FAILED",SASHELP.FSP.OK.SLIST
1070.0,1070,1.0,E,(_CREATE_LIST_) FETCH() failed reading %1$ dataset.,SASHELP.FSP.OK.SLIST
1079.0,1079,1.0,E,(_GETDATASUBSET ) VALIDATION FAILED,SASHELP.FSP.OK.SLIST
1080.0,1080,1.0,E,"(REMOTE VALIDATE, DS_DATA) UNABLE TO COPY %1$ IN %2$",SASHELP.FSP.OK.SLIST
1081.0,1081,1.0,E,"(REMOTE_EXEC, DS_DATA) Session name missing",SASHELP.FSP.OK.SLIST
1082.0,1082,1.0,E,"(REMOTE_EXEC, DS_DATA) Catalog name is missing",SASHELP.FSP.OK.SLIST
1083.0,1083,1.0,E,"(REMOTE_EXEC, DS_DATA) %1$ does not exist",SASHELP.FSP.OK.SLIST
1084.0,1084,1.0,E,"(REMOTE_EXEC, DS_DATA) %1$ is an invalid SCL entry name",SASHELP.FSP.OK.SLIST
1085.0,1085,1.0,E,"(REMOTE_EXEC, DS_DATA) RLINK to %1$ failed",SASHELP.FSP.OK.SLIST
1086.0,1086,1.0,E,(_MATERIALISE_ DS_MDDB) Preconditions violation,SASHELP.FSP.OK.SLIST
1087.0,1087,1.0,E,(_VALIDATE_ DS_DBMS) UNABLE TO DOWNLOAD STRUCTURE FOR CHECKING,SASHELP.FSP.OK.SLIST
1088.0,1088,1.0,E,(DS_MDDB) UNABLE TO LOAD MDDB WRAPPER CLASS %1$.,SASHELP.FSP.OK.SLIST
2000.0,2000,1.0,E,"(MAPVARS, HCOMMON) UNABLE TO MAP VARIABLE",SASHELP.FSP.OK.SLIST
2001.0,2001,1.0,E,"(MAPBACKS, HCOMMON) UNABLE TO MAP STATISTIC",SASHELP.FSP.OK.SLIST
2002.0,2002,1.0,E,"(CLEAN TMP, HCOMMON) RLINK FAILURE",SASHELP.FSP.OK.SLIST
2003.0,2003,1.0,E,"(CLEAN TMP, HCOMMON) SUBMISSION FAILED",SASHELP.FSP.OK.SLIST
2004.0,2004,1.0,E,"(MAPVARS, HCOMMON) PRECONDITION VIOLATION",SASHELP.FSP.OK.SLIST
2005.0,2005,1.0,E,"(MAPBACKS, HCOMMON) PRECONDITION VIOLATION",SASHELP.FSP.OK.SLIST
3001.0,3001,1.0,E,OK,SASHELP.FSP.OK.SLIST
3002.0,3002,1.0,E,Cancel,SASHELP.FSP.OK.SLIST
3003.0,3003,1.0,E,Help,SASHELP.FSP.OK.SLIST
3004.0,3004,1.0,E,Name,SASHELP.FSP.OK.SLIST
3005.0,3005,1.0,E,Add...,SASHELP.FSP.OK.SLIST
3006.0,3006,1.0,E,Edit...,SASHELP.FSP.OK.SLIST
3007.0,3007,1.0,E,Delete,SASHELP.FSP.OK.SLIST
3008.0,3008,1.0,E,Name already defined.,SASHELP.FSP.OK.SLIST
3009.0,3009,1.0,E,Invalid name.,SASHELP.FSP.OK.SLIST
3010.0,3010,1.0,E,Define Analysis,SASHELP.FSP.OK.SLIST
3011.0,3011,1.0,E,Description,SASHELP.FSP.OK.SLIST
3012.0,3012,1.0,E,Copy,SASHELP.FSP.OK.SLIST
3013.0,3013,1.0,E,Type,SASHELP.FSP.OK.SLIST
3014.0,3014,1.0,E,Define Data Source,SASHELP.FSP.OK.SLIST
3015.0,3015,1.0,E,Define Class,SASHELP.FSP.OK.SLIST
3016.0,3016,1.0,E,Subset,SASHELP.FSP.OK.SLIST
3017.0,3017,1.0,E,Distributed Multidimensional Metadata,SASHELP.FSP.OK.SLIST
3018.0,3018,1.0,E,Type,SASHELP.FSP.OK.SLIST
3019.0,3019,1.0,E,Password,SASHELP.FSP.OK.SLIST
3020.0,3020,1.0,E,Server,SASHELP.FSP.OK.SLIST
3021.0,3021,1.0,E,Statistics,SASHELP.FSP.OK.SLIST
3022.0,3022,1.0,E,MDDB,SASHELP.FSP.OK.SLIST
3023.0,3023,1.0,E,Data,SASHELP.FSP.OK.SLIST
3024.0,3024,1.0,E,View,SASHELP.FSP.OK.SLIST
3025.0,3025,1.0,E,At least one analysis variable is required.,SASHELP.FSP.OK.SLIST
3026.0,3026,1.0,E,At least one statistic is required for analysis variable %1$.,SASHELP.FSP.OK.SLIST
3027.0,3027,1.0,E,At least one subtable is required.,SASHELP.FSP.OK.SLIST
3028.0,3028,1.0,E,At least one class is required for subtable %1$.,SASHELP.FSP.OK.SLIST
3029.0,3029,1.0,E,Invalid password.,SASHELP.FSP.OK.SLIST
3030.0,3030,1.0,E,Invalid server.,SASHELP.FSP.OK.SLIST
3031.0,3031,1.0,E,Name does not exist.,SASHELP.FSP.OK.SLIST
3032.0,3032,1.0,E,Close,SASHELP.FSP.OK.SLIST
3033.0,3033,1.0,E,SAS/MDDB Server not licenced.,SASHELP.FSP.OK.SLIST
3034.0,3034,1.0,E,Repository,SASHELP.FSP.OK.SLIST
3035.0,3035,1.0,E,Abort opening Repository Manager.,SASHELP.FSP.OK.SLIST
3036.0,3036,1.0,E,Invalid Repository.,SASHELP.FSP.OK.SLIST
3037.0,3037,1.0,E,Error creating new repository.,SASHELP.FSP.OK.SLIST
3038.0,3038,1.0,E,EIS Metabase could not be initialised.,SASHELP.FSP.OK.SLIST
3039.0,3039,1.0,I,Export to Metabase,SASHELP.FSP.OK.SLIST
3040.0,3040,1.0,E,Replace,SASHELP.FSP.OK.SLIST
3041.0,3041,1.0,E,Refresh,SASHELP.FSP.OK.SLIST
3042.0,3042,1.0,E,Update Type,SASHELP.FSP.OK.SLIST
3043.0,3043,1.0,E,Proxy MDDB / Registration,SASHELP.FSP.OK.SLIST
3044.0,3044,1.0,E,EIS Metabase Path,SASHELP.FSP.OK.SLIST
3045.0,3045,1.0,E,EIS Metabase Description,SASHELP.FSP.OK.SLIST
3046.0,3046,1.0,E,Select MDDB,SASHELP.FSP.OK.SLIST
3047.0,3047,1.0,E,Invalid MDDB name.,SASHELP.FSP.OK.SLIST
3048.0,3048,1.0,E,Invalid MDDB libname.,SASHELP.FSP.OK.SLIST
3049.0,3049,1.0,I,Data Group %1$ successfully exported.,SASHELP.FSP.OK.SLIST
3050.0,3050,1.0,E,Define Subset,SASHELP.FSP.OK.SLIST
3051.0,3051,1.0,E,SAS/MDDB Server must be licenced to read values.,SASHELP.FSP.OK.SLIST
3052.0,3052,1.0,E,Not a statistic.,SASHELP.FSP.OK.SLIST
3053.0,3053,1.0,E,Not a valid name.,SASHELP.FSP.OK.SLIST
3054.0,3054,1.0,E,Apply All,SASHELP.FSP.OK.SLIST
3055.0,3055,1.0,W,Current subset has been applied to all of Data Source.,SASHELP.FSP.OK.SLIST
3056.0,3056,1.0,I,Export,SASHELP.FSP.OK.SLIST
3057.0,3057,1.0,W,SAS/ACCESS Passthru,SASHELP.FSP.OK.SLIST
3058.0,3058,1.0,W,SASSFIO,SASHELP.FSP.OK.SLIST
3059.0,3059,1.0,E,ERROR: %1$ and %1$ share where clause.dd,SASHELP.FSP.OK.SLIST
3062.0,3062,1.0,E,Column names not unique.,SASHELP.FSP.OK.SLIST
3063.0,3063,1.0,E,Table names not unique.,SASHELP.FSP.OK.SLIST
3064.0,3064,1.0,E,Select Data Source,SASHELP.FSP.OK.SLIST
3065.0,3065,1.0,E,Library,SASHELP.FSP.OK.SLIST
3066.0,3066,1.0,E,Member (Type),SASHELP.FSP.OK.SLIST
3067.0,3067,1.0,E,Define Data Group,SASHELP.FSP.OK.SLIST
3068.0,3068,1.0,E,Name (Type),SASHELP.FSP.OK.SLIST
3069.0,3069,1.0,E,Set Read Password,SASHELP.FSP.OK.SLIST
3070.0,3070,1.0,E,Set Write Password,SASHELP.FSP.OK.SLIST
3071.0,3071,1.0,E,At least one Data Source must be defined.,SASHELP.FSP.OK.SLIST
3072.0,3072,1.0,E,Subset must be defined for every occurence of a class,SASHELP.FSP.OK.SLIST
3073.0,3073,1.0,E,Inconsistent statistic for analysis %1$.,SASHELP.FSP.OK.SLIST
3074.0,3074,1.0,E,Enter Read Password,SASHELP.FSP.OK.SLIST
3075.0,3075,1.0,E,Enter Write Password,SASHELP.FSP.OK.SLIST
3076.0,3076,1.0,E,Invalid password.,SASHELP.FSP.OK.SLIST
3077.0,3077,1.0,E,Set Read Password,SASHELP.FSP.OK.SLIST
3078.0,3078,1.0,E,Set Write Password,SASHELP.FSP.OK.SLIST
3079.0,3079,1.0,E,Confirm Password,SASHELP.FSP.OK.SLIST
3080.0,3080,1.0,E,Password mismatch.,SASHELP.FSP.OK.SLIST
3081.0,3081,1.0,E,Define Statistic,SASHELP.FSP.OK.SLIST
3082.0,3082,1.0,E,Statistic already defined.,SASHELP.FSP.OK.SLIST
3083.0,3083,1.0,E,Invalid Statistic.,SASHELP.FSP.OK.SLIST
3084.0,3084,1.0,E,Define Subtable,SASHELP.FSP.OK.SLIST
3085.0,3085,1.0,E,MDDB Subtable,SASHELP.FSP.OK.SLIST
3086.0,3086,1.0,E,Weight,SASHELP.FSP.OK.SLIST
3087.0,3087,1.0,E,Subtable Identification,SASHELP.FSP.OK.SLIST
3088.0,3088,1.0,E,Variable Name,SASHELP.FSP.OK.SLIST
3089.0,3089,1.0,E,Variable Type,SASHELP.FSP.OK.SLIST
3090.0,3090,1.0,E,Operator,SASHELP.FSP.OK.SLIST
3091.0,3091,1.0,E,Value,SASHELP.FSP.OK.SLIST
3092.0,3092,1.0,E,Character,SASHELP.FSP.OK.SLIST
3093.0,3093,1.0,E,Numeric,SASHELP.FSP.OK.SLIST
3094.0,3094,1.0,E,MDDB Subtable is required.,SASHELP.FSP.OK.SLIST
3095.0,3095,1.0,E,Subtable identification is incomplete.,SASHELP.FSP.OK.SLIST
3096.0,3096,1.0,E,Invalid MDDB Subtable.,SASHELP.FSP.OK.SLIST
3097.0,3097,1.0,E,Invalid Variable Name.,SASHELP.FSP.OK.SLIST
3098.0,3098,1.0,E,Variable not existent.,SASHELP.FSP.OK.SLIST
3099.0,3099,1.0,E,Empty dataset.,SASHELP.FSP.OK.SLIST
3100.0,3100,1.0,E,Invalid Value.,SASHELP.FSP.OK.SLIST
3101.0,3101,1.0,E,Variable value is not numeric.,SASHELP.FSP.OK.SLIST
3102.0,3102,1.0,E,Define Server,SASHELP.FSP.OK.SLIST
3103.0,3103,1.0,E,Script,SASHELP.FSP.OK.SLIST
3104.0,3104,1.0,E,Address,SASHELP.FSP.OK.SLIST
3105.0,3105,1.0,E,Comamid,SASHELP.FSP.OK.SLIST
3106.0,3106,1.0,E,Type,SASHELP.FSP.OK.SLIST
3107.0,3107,1.0,E,Signon,SASHELP.FSP.OK.SLIST
3108.0,3108,1.0,E,Signoff,SASHELP.FSP.OK.SLIST
3109.0,3109,1.0,E,Setup,SASHELP.FSP.OK.SLIST
3110.0,3110,1.0,E,Immediate,SASHELP.FSP.OK.SLIST
3111.0,3111,1.0,E,Cleanup,SASHELP.FSP.OK.SLIST
3112.0,3112,1.0,E,Never,SASHELP.FSP.OK.SLIST
3113.0,3113,1.0,E,Remote Submit,SASHELP.FSP.OK.SLIST
3114.0,3114,1.0,E,RLS,SASHELP.FSP.OK.SLIST
3115.0,3115,1.0,E,Both,SASHELP.FSP.OK.SLIST
3116.0,3116,1.0,E,Prompt Before Signon,SASHELP.FSP.OK.SLIST
3117.0,3117,1.0,E,Display Download Status Window,SASHELP.FSP.OK.SLIST
3118.0,3118,1.0,E,Preferred Server,SASHELP.FSP.OK.SLIST
3119.0,3119,1.0,E,Post Signon,SASHELP.FSP.OK.SLIST
3120.0,3120,1.0,E,Pre Signoff,SASHELP.FSP.OK.SLIST
3121.0,3121,1.0,E,Invalid Comamid.,SASHELP.FSP.OK.SLIST
3122.0,3122,1.0,E,"(Column name, statistic name) pair not unique.",SASHELP.FSP.OK.SLIST
3123.0,3123,1.0,E,Invalid Operator.,SASHELP.FSP.OK.SLIST
3124.0,3124,1.0,E,Variable does not exist.,SASHELP.FSP.OK.SLIST
3125.0,3125,1.0,E,General,SASHELP.FSP.OK.SLIST
3126.0,3126,1.0,E,Statistics,SASHELP.FSP.OK.SLIST
3127.0,3127,1.0,E,Invalid server address.,SASHELP.FSP.OK.SLIST
3128.0,3128,1.0,E,Subsets,SASHELP.FSP.OK.SLIST
3129.0,3129,1.0,E,Servers,SASHELP.FSP.OK.SLIST
3130.0,3130,1.0,E,Data Groups,SASHELP.FSP.OK.SLIST
3131.0,3131,1.0,E,Analysis,SASHELP.FSP.OK.SLIST
3132.0,3132,1.0,E,Subtables,SASHELP.FSP.OK.SLIST
3133.0,3133,1.0,E,Data Sources,SASHELP.FSP.OK.SLIST
3134.0,3134,1.0,E,Security,SASHELP.FSP.OK.SLIST
3135.0,3135,1.0,E,New name,SASHELP.FSP.OK.SLIST
3136.0,3136,1.0,E,Classes,SASHELP.FSP.OK.SLIST
3137.0,3137,1.0,E,Submit,SASHELP.FSP.OK.SLIST
3138.0,3138,1.0,E,Extra,SASHELP.FSP.OK.SLIST
3139.0,3139,1.0,E,Error while exporting to EIS Metabase. Please see log.,SASHELP.FSP.OK.SLIST
3140.0,3140,1.0,E,Error while loading data. Please see log.,SASHELP.FSP.OK.SLIST
3141.0,3141,1.0,E,Statistic,SASHELP.FSP.OK.SLIST
3142.0,3142,1.0,E,Each query,SASHELP.FSP.OK.SLIST
3143.0,3143,1.0,E,Initialization,SASHELP.FSP.OK.SLIST
3144.0,3144,1.0,E,Termination,SASHELP.FSP.OK.SLIST
3145.0,3145,1.0,E,Type of connection,SASHELP.FSP.OK.SLIST
3146.0,3146,1.0,E,Submitted Code,SASHELP.FSP.OK.SLIST
3147.0,3147,1.0,E,Processing,SASHELP.FSP.OK.SLIST
3148.0,3148,1.0,E,All Metadata stored in this repository will be erased. Are you sure ?,SASHELP.FSP.OC.SLIST
3149.0,3149,1.0,E,Unable to delete Repository.,SASHELP.FSP.OK.SLIST
3150.0,3150,1.0,W,WARNING: Data source not open. Metadata cannot be initialized.,SASHELP.FSP.OK.SLIST
3151.0,3151,1.0,E,Write Password (-specified-),SASHELP.FSP.OK.SLIST
3152.0,3152,1.0,E,Read Password (-specified-),SASHELP.FSP.OK.SLIST
3153.0,3153,1.0,E,Write Password (-none-),SASHELP.FSP.OK.SLIST
3154.0,3154,1.0,E,Read Password (-none-),SASHELP.FSP.OK.SLIST
3155.0,3155,1.0,E,Old Password,SASHELP.FSP.OK.SLIST
3156.0,3156,1.0,E,"Name, statistic and new name must be specified.",SASHELP.FSP.OK.SLIST
3157.0,3157,1.0,E,Available,SASHELP.FSP.OK.SLIST
3158.0,3158,1.0,E,Selected,SASHELP.FSP.OK.SLIST
3159.0,3159,1.0,E,Other Value,SASHELP.FSP.OK.SLIST
3160.0,3160,1.0,E,No Repository defined. Please use Add button.,SASHELP.FSP.OK.SLIST
3161.0,3161,1.0,E,Internal error ! Changes won't be saved.,SASHELP.FSP.OK.SLIST
3162.0,3162,1.0,E,Metadata,SASHELP.FSP.OK.SLIST
3163.0,3163,1.0,E,Use Common Metadata when reading,SASHELP.FSP.OK.SLIST
3164.0,3164,1.0,E,Use Common Metadata when writing,SASHELP.FSP.OK.SLIST
3165.0,3165,1.0,E,Run-time prompt,SASHELP.FSP.OK.SLIST
3166.0,3166,1.0,E,Passwords for Metadata Definitions,SASHELP.FSP.OK.SLIST
3167.0,3167,1.0,E,Rename,SASHELP.FSP.OK.SLIST
3168.0,3168,1.0,E,Create a New Repository,SASHELP.FSP.OK.SLIST
3169.0,3169,1.0,E,Repository Name,SASHELP.FSP.OK.SLIST
3170.0,3170,1.0,E,Repository Path,SASHELP.FSP.OK.SLIST
3171.0,3171,1.0,E,Repository Description,SASHELP.FSP.OK.SLIST
3172.0,3172,1.0,E,Please enter a valid SAS name.,SASHELP.FSP.OK.SLIST
3173.0,3173,1.0,E,Please enter an existing path name.,SASHELP.FSP.OK.SLIST
3174.0,3174,1.0,E,Please enter a description.,SASHELP.FSP.OK.SLIST
3175.0,3175,1.0,E,Edit/Subset,SASHELP.FSP.OK.SLIST
3176.0,3176,1.0,E,Star,SASHELP.FSP.OK.SLIST
3177.0,3177,1.0,E,Star Schema Structure,SASHELP.FSP.OK.SLIST
3178.0,3178,1.0,E,Fact Table:,SASHELP.FSP.OK.SLIST
3179.0,3179,1.0,E,Key:,SASHELP.FSP.OK.SLIST
3180.0,3180,1.0,E,Dimensional Tables,SASHELP.FSP.OK.SLIST
3181.0,3181,1.0,E,Dimensional Table:,SASHELP.FSP.OK.SLIST
3182.0,3182,1.0,E,Class:,SASHELP.FSP.OK.SLIST
3183.0,3183,1.0,E,Either SAS/EIS or SAS/MDDB Server must be licenced to read values.,SASHELP.FSP.OK.SLIST
3184.0,3184,1.0,E,Class variable must be of character type.,SASHELP.FSP.OK.SLIST
3185.0,3185,1.0,E,Please enter a two level data source name.,SASHELP.FSP.OK.SLIST
3186.0,3186,1.0,E,Related data sources might become inconsistent. Are you sure ?,SASHELP.FSP.OC.SLIST
3187.0,3187,1.0,E,Would you like to update the subset value defined for this Data Source ?,SASHELP.FSP.OC.SLIST
3190.0,3190,1.0,E,ERROR: Unable to initialize message subsystem.,SASHELP.FSP.OK.SLIST
3191.0,3191,1.0,I,Template Data Source,SASHELP.FSP.OK.SLIST
3192.0,3192,1.0,I,Use as Basetable,SASHELP.FSP.OK.SLIST
3193.0,3193,1.0,Q,WARNING: The Template data source MDDB cannot be opened. Hierarchy attributes will not be retrieved. Continue?,SASHELP.FSP.YN.SLIST
3194.0,3194,1.0,Q,WARNING: The template data source data set connot be opened. Column formats and labels cannot be retrieved. Continue?,SASHELP.FSP.YN.SLIST
3195.0,3195,1.0,E,Proxy MDDB is required.,SASHELP.FSP.OK.SLIST
3196.0,3196,1.0,E,Repository is required.,SASHELP.FSP.OK.SLIST
3197.0,3197,1.0,E,ERROR: Repository is read-only.,SASHELP.FSP.OK.SLIST
3198.0,3198,1.0,Q,WARNING: The structure of the existing proxy MDDB doesn't exactly match your Data Group. Please see the LOG for additional information. Continue anyway?,SASHELP.FSP.YN.SLIST
3199.0,3199,1.0,Q,WARNING: SAS/MDDB Server software is required to complete the registration process.,SASHELP.FSP.OK.SLIST
3199.0,3199,2.0,Q,Please either establish a SAS/CONNECT session to a server with SAS/MDDB Server software and try the ExpORT AGAIN (USING THE SERVER FIELD).,SASHELP.FSP.OK.SLIST
3199.0,3199,3.0,Q,"Or submit the code in WORK.HSYNC.CODE.SOURCE on such a server, download the generated files, and do the export using the generated MDDB as proxy.",SASHELP.FSP.OK.SLIST
3199.0,3199,4.0,Q,(Enter the name of the MDDB in the Proxy MDDB / Registration field and specify Use existing Proxy MDDB in the Template field.),SASHELP.FSP.OK.SLIST
3200.0,3200,1.0,I,Use existing Proxy MDDB,SASHELP.FSP.OK.SLIST
3201.0,3201,1.0,E,Racking,SASHELP.FSP.OK.SLIST
3202.0,3202,1.0,E,Generate,SASHELP.FSP.OK.SLIST
3203.0,3203,1.0,E,Specify...,SASHELP.FSP.OK.SLIST
3204.0,3204,1.0,E,Specify Values,SASHELP.FSP.OK.SLIST
3205.0,3205,1.0,E,Retrieve Values,SASHELP.FSP.OK.SLIST
3500.0,3500,1.0,E,"(MD, OPEN REPOSITORY) UNABLE TO STARTUP CMR",SASHELP.FSP.OK.SLIST
3501.0,3501,1.0,E,ERROR: Repository cannot be opened.,SASHELP.FSP.OK.SLIST
3502.0,3502,1.0,E,"(MD, CLOSE REPOSITORY) VALIDATION FAILED",SASHELP.FSP.OK.SLIST
3503.0,3503,1.0,E,"(MD, CLOSE REPOSITORY) UNABLE TO CLOSE",SASHELP.FSP.OK.SLIST
3504.0,3504,1.0,E,"(MD, SAVE SERVER) VALIDATION FAILED",SASHELP.FSP.OK.SLIST
3505.0,3505,1.0,E,"(MD, SAVE SERVER) UNABLE TO SAVE",SASHELP.FSP.OK.SLIST
3506.0,3506,1.0,E,"(MD, LOAD SERVER) VALIDATION FAILED",SASHELP.FSP.OK.SLIST
3507.0,3507,1.0,E,"(MD, LOAD SERVER) SERVER NOT FOUND",SASHELP.FSP.OK.SLIST
3508.0,3508,1.0,E,"(MD, LOAD SERVER) UNABLE TO LOAD",SASHELP.FSP.OK.SLIST
3509.0,3509,1.0,E,"(MD, LIST SERVERS) VALIDATION FAILED",SASHELP.FSP.OK.SLIST
3510.0,3510,1.0,E,"(MD, LIST SERVERS) UNABLE TO LIST",SASHELP.FSP.OK.SLIST
3511.0,3511,1.0,E,"(MD, STORE HOLAP GROUP) VALIDATION FAILED",SASHELP.FSP.OK.SLIST
3512.0,3512,1.0,E,"(MD, STORE HOLAP GROUP) ANALYSIS/STAT LIST MISSING",SASHELP.FSP.OK.SLIST
3513.0,3513,1.0,E,"(MD, STORE HOLAP GROUP) SUBTABLE LIST MISSING",SASHELP.FSP.OK.SLIST
3514.0,3514,1.0,E,"(MD, STORE HOLAP GROUP) CLASSES LIST MISSING",SASHELP.FSP.OK.SLIST
3515.0,3515,1.0,E,"(MD, LIST HOLAP GROUPS) VALIDATION FAILED",SASHELP.FSP.OK.SLIST
3516.0,3516,1.0,E,"(MD, LIST HOLAP GROUPS) UNABLE TO LIST",SASHELP.FSP.OK.SLIST
3517.0,3517,1.0,E,"(MD, LOAD  HOLAP GROUP) VALIDATION FAILED",SASHELP.FSP.OK.SLIST
3518.0,3518,1.0,E,"(MD, LOAD  HOLAP GROUP) NO MEMORY",SASHELP.FSP.OK.SLIST
3519.0,3519,1.0,E,"(MD, LOAD  HOLAP GROUP) DATA GROUP NOT FOUND",SASHELP.FSP.OK.SLIST
3520.0,3520,1.0,E,"(MD, LOAD  HGROUP) VALIDATION FAILED",SASHELP.FSP.OK.SLIST
3521.0,3521,1.0,E,"(MD, LOAD  HGROUP) UNABLE TO RESTORE OBJECT",SASHELP.FSP.OK.SLIST
3522.0,3522,1.0,E,"(MD, LOAD DSOURCE) UNABLE TO LOAD",SASHELP.FSP.OK.SLIST
3523.0,3523,1.0,E,"(MD, LOAD ANALSTAT) VALIDATION FAILED",SASHELP.FSP.OK.SLIST
3524.0,3524,1.0,E,"(MD, LOAD ANALSTAT) UNABLE TO LOAD",SASHELP.FSP.OK.SLIST
3525.0,3525,1.0,E,"(MD, LOAD SUBTABLE) VALIDATION FAILED",SASHELP.FSP.OK.SLIST
3526.0,3526,1.0,E,"(MD, LOAD SUBTABLE) UNABLE TO LOAD",SASHELP.FSP.OK.SLIST
3527.0,3527,1.0,E,"(MD, LOAD SUBSET  ) VALIDATION FAILED",SASHELP.FSP.OK.SLIST
3528.0,3528,1.0,E,"(MD, LOAD SUBSET  ) UNABLE TO LOAD",SASHELP.FSP.OK.SLIST
3529.0,3529,1.0,E,"(MD, LOAD DSOURCE) VALIDATION FAILED",SASHELP.FSP.OK.SLIST
3530.0,3530,1.0,E,"(MD, LIST DSOURCES) VALIDATION FAILED",SASHELP.FSP.OK.SLIST
3531.0,3531,1.0,E,"(MD, LIST DSOURCES) UNABLE TO LIST",SASHELP.FSP.OK.SLIST
3532.0,3532,1.0,E,"(MD, LIST ANALYSIS VARS) VALIDATION FAILED",SASHELP.FSP.OK.SLIST
3533.0,3533,1.0,E,"(MD, LIST ANALYSIS VARS) UNABLE TO LIST",SASHELP.FSP.OK.SLIST
3534.0,3534,1.0,E,"(MD, LIST SUBTABLES) VALIDATION FAILED",SASHELP.FSP.OK.SLIST
3535.0,3535,1.0,E,"(MD, LIST SUBTABLES) UNABLE TO LIST",SASHELP.FSP.OK.SLIST
3536.0,3536,1.0,E,"(MD, LIST SUBSETS  ) VALIDATION FAILED",SASHELP.FSP.OK.SLIST
3537.0,3537,1.0,E,"(MD, LIST SUBSETS  ) UNABLE TO LOAD",SASHELP.FSP.OK.SLIST
3538.0,3538,1.0,E,"(MD, STORE HGROUP  ) VALIDATION FAILED",SASHELP.FSP.OK.SLIST
3539.0,3539,1.0,E,"(MD, STORE HGROUP  ) UNABLE TO STORE",SASHELP.FSP.OK.SLIST
3540.0,3540,1.0,E,"(MD, STORE DSOURCE ) VALIDATION FAILED",SASHELP.FSP.OK.SLIST
3541.0,3541,1.0,E,"(MD, STORE DSOURCE ) UNABLE TO STORE",SASHELP.FSP.OK.SLIST
3542.0,3542,1.0,E,"(MD, STORE ANALSTAT) VALIDATION FAILED",SASHELP.FSP.OK.SLIST
3543.0,3543,1.0,E,"(MD, STORE ANALSTAT) UNABLE TO STORE",SASHELP.FSP.OK.SLIST
3544.0,3544,1.0,E,"(MD, STORE SUBTABLE) VALIDATION FAILED",SASHELP.FSP.OK.SLIST
3545.0,3545,1.0,E,"(MD, STORE SUBTABLE) UNABLE TO STORE",SASHELP.FSP.OK.SLIST
3546.0,3546,1.0,E,"(MD, STORE SUBSET  ) VALIDATION FAILED",SASHELP.FSP.OK.SLIST
3547.0,3547,1.0,E,"(MD, STORE SUBSET  ) UNABLE TO STORE",SASHELP.FSP.OK.SLIST
3548.0,3548,1.0,W,CACHE SIZE LIMITED TO 10.,SASHELP.FSP.OK.SLIST
3549.0,3549,1.0,N,(HOLAP Object) : Cache libname not available or not assigned.,SASHELP.FSP.OK.SLIST
3550.0,3550,1.0,W,PREVIOUS CACHE LIST WAS NOT LOADABLE.,SASHELP.FSP.OK.SLIST
3551.0,3551,1.0,W,PROBLEM SAVING THE CACHE LIST.,SASHELP.FSP.OK.SLIST
3560.0,3560,1.0,E,"(MD, DELETE_COMPONENTS) UNABLE TO CLEAR",SASHELP.FSP.OK.SLIST
3561.0,3561,1.0,E,"(MD, LOAD REGISTRATION) VALIDATION FAILED",SASHELP.FSP.OK.SLIST
3562.0,3562,1.0,E,"(MD,STORE REGISTRATION) VALIDATION FAILED",SASHELP.FSP.OK.SLIST
3563.0,3563,1.0,E,"(MD, LOAD REGISTRATION) UNABLE TO LOAD",SASHELP.FSP.OK.SLIST
3564.0,3564,1.0,E,"(MD,STORE REGISTRATION) UNABLE TO STORE",SASHELP.FSP.OK.SLIST
3565.0,3565,1.0,W,"(MD ,_DeleteServer) Unable to delete",SASHELP.FSP.OK.SLIST
3566.0,3566,1.0,W,"(MD ,_DeleteHolapGroup ) Unable to delete",SASHELP.FSP.OK.SLIST
3567.0,3567,1.0,W,"(MD, _loadmetadata) Unable to load",SASHELP.FSP.OK.SLIST
3568.0,3568,1.0,W,"(MD, _savemetadata) Unable to save",SASHELP.FSP.OK.SLIST
3569.0,3569,1.0,W,"(MD, _LOADSTAR) VALIDATION FAILED",SASHELP.FSP.OK.SLIST
3570.0,3570,1.0,W,"(MD, _LOADKEY) VALIDATION FAILED",SASHELP.FSP.OK.SLIST
3571.0,3571,1.0,W,"(MD, _STORESTAR) VALIDATION FAILED",SASHELP.FSP.OK.SLIST
3572.0,3572,1.0,W,"(MD, _STOREKEY) VALIDATION FAILED",SASHELP.FSP.OK.SLIST
3573.0,3573,1.0,W,"(MD, _STOREKEY) UNABLE TO SAVE",SASHELP.FSP.OK.SLIST
3574.0,3574,1.0,W,This MDDB is being used as a data source for this data group.,SASHELP.FSP.YN.SLIST
3574.0,3574,2.0,W,Specifying it as a Proxy MDDB will override its contents.,SASHELP.FSP.YN.SLIST
3574.0,3574,3.0,W,Are you sure you want to continue?,SASHELP.FSP.YN.SLIST
3575.0,3575,1.0,E,"(MD, _GET_HOLAP_GROUP_INFO_) GROUP NOT FOUND",SASHELP.FSP.OK.SLIST
3576.0,3576,1.0,E,"(MD, _LOAD_METADATA_       ) METADATA IN INTERNAL FORMAT IS CORRUPT.",SASHELP.FSP.OK.SLIST
3577.0,3577,1.0,E,Browse,SASHELP.FSP.OK.SLIST
3578.0,3578,1.0,E,Open OLAP Server cube registration -,SASHELP.FSP.OK.SLIST
3579.0,3579,1.0,E,"You must define at least one dimension other than ""Measures"".",SASHELP.FSP.OK.SLIST
3580.0,3580,1.0,Q,Do you want to save the changes you made to %1$?,SASHELP.FSP.YNC.SLIST
3581.0,3581,1.0,Q,Are you sure you want to remove %1$?,SASHELP.FSP.YN.SLIST
3582.0,3582,1.0,E,(read only to fix levels),SASHELP.FSP.OK.SLIST
3583.0,3583,1.0,E,(read only),SASHELP.FSP.OK.SLIST
3584.0,3584,1.0,E,This frame must be invoked in the metabase window by adding the Open OLAP Server attribute to an MDDB registration,SASHELP.FSP.OK.SLIST
3585.0,3585,1.0,E,Dimension -,SASHELP.FSP.OK.SLIST
3586.0,3586,1.0,Q,Define could destroy member data that will have to be regenerated. Continue?,SASHELP.FSP.YN.SLIST
3587.0,3587,1.0,E,Measure,SASHELP.FSP.OK.SLIST
3588.0,3588,1.0,E,Time,SASHELP.FSP.OK.SLIST
3589.0,3589,1.0,E,Other,SASHELP.FSP.OK.SLIST
3590.0,3590,1.0,E,Unknown,SASHELP.FSP.OK.SLIST
3591.0,3591,1.0,E,Regular,SASHELP.FSP.OK.SLIST
3592.0,3592,1.0,E,All,SASHELP.FSP.OK.SLIST
3593.0,3593,1.0,E,Calculated,SASHELP.FSP.OK.SLIST
3594.0,3594,1.0,E,Years,SASHELP.FSP.OK.SLIST
3595.0,3595,1.0,E,Half-year,SASHELP.FSP.OK.SLIST
3596.0,3596,1.0,E,Quarters,SASHELP.FSP.OK.SLIST
3597.0,3597,1.0,E,Months,SASHELP.FSP.OK.SLIST
3598.0,3598,1.0,E,Weeks,SASHELP.FSP.OK.SLIST
3599.0,3599,1.0,E,Days,SASHELP.FSP.OK.SLIST
3600.0,3600,1.0,E,Hours,SASHELP.FSP.OK.SLIST
3601.0,3601,1.0,E,Minutes,SASHELP.FSP.OK.SLIST
3602.0,3602,1.0,E,Seconds,SASHELP.FSP.OK.SLIST
3603.0,3603,1.0,E,Undefined,SASHELP.FSP.OK.SLIST
3604.0,3604,1.0,E,Browse measures,SASHELP.FSP.OK.SLIST
3605.0,3605,1.0,E,Select measures,SASHELP.FSP.OK.SLIST
3606.0,3606,1.0,E,Level -,SASHELP.FSP.OK.SLIST
3607.0,3607,1.0,E,Select a level-type. This field cannot be missing.,SASHELP.FSP.OK.SLIST
3608.0,3608,1.0,E,Select all,SASHELP.FSP.OK.SLIST
3609.0,3609,1.0,E,Deselect all,SASHELP.FSP.OK.SLIST
3610.0,3610,1.0,E,Browse available measures,SASHELP.FSP.OK.SLIST
3611.0,3611,1.0,E,You must select at least one measure.,SASHELP.FSP.OK.SLIST
3612.0,3612,1.0,E,can be defined,SASHELP.FSP.OK.SLIST
3613.0,3613,1.0,E,in only one dimension.,SASHELP.FSP.OK.SLIST
3614.0,3614,1.0,W,"""Measures"" is a reserved dimension name.",SASHELP.FSP.OK.SLIST
3615.0,3615,1.0,E,At least one level must be selected.,SASHELP.FSP.OK.SLIST
3616.0,3616,1.0,E,A dimension name must be entered.,SASHELP.FSP.OK.SLIST
3617.0,3617,1.0,E,Selected,SASHELP.FSP.OK.SLIST
3618.0,3618,1.0,E,All OLAP dimensions now resolved.,SASHELP.FSP.OK.SLIST
3619.0,3619,1.0,Q,Are these the dimensions you want?,SASHELP.FSP.YN.SLIST
3620.0,3620,1.0,E,Working...,SASHELP.FSP.OK.SLIST
3621.0,3621,1.0,E,Rejected,SASHELP.FSP.OK.SLIST
3622.0,3622,1.0,E,The name of this cube is:,SASHELP.FSP.OK.SLIST
3623.0,3623,1.0,E,Missing measures notification,SASHELP.FSP.OK.SLIST
3624.0,3624,1.0,E,Measures in registration not in the MDDB:,SASHELP.FSP.OK.SLIST
3625.0,3625,1.0,E,This registration has measures that no longer,SASHELP.FSP.OK.SLIST
3626.0,3626,1.0,E,This registration has levels that no longer,SASHELP.FSP.OK.SLIST
3627.0,3627,1.0,E,exist on the MDDB. This causes the registration,SASHELP.FSP.OK.SLIST
3628.0,3628,1.0,E,"to be unusable with the MDDB; consequently,",SASHELP.FSP.OK.SLIST
3629.0,3629,1.0,E,consumers will not be able to open the cube.,SASHELP.FSP.OK.SLIST
3630.0,3630,1.0,E,Selecting now deletes the measures shown.,SASHELP.FSP.OK.SLIST
3631.0,3631,1.0,E,Select now deletes the levels shown.,SASHELP.FSP.OK.SLIST
3632.0,3632,1.0,E,Selecting later will allow you to browse your,SASHELP.FSP.OK.SLIST
3633.0,3633,1.0,E,registration customizations. You can then,SASHELP.FSP.OK.SLIST
3634.0,3634,1.0,E,modify your MDDB to match the registration.,SASHELP.FSP.OK.SLIST
3635.0,3635,1.0,E,This is a version 7.01 MDDB and cannot be used by SAS Version 8. You must rebuild your MDDB.,SASHELP.FSP.OK.SLIST
3636.0,3636,1.0,E,Physical MDDB file %1$ does not exist.,SASHELP.FSP.OK.SLIST
3637.0,3637,1.0,E,You do not have read/write permission for metadata.,SASHELP.FSP.OK.SLIST
3638.0,3638,1.0,Q,Do you want to base Open OLAP Server dimensions on existing SAS metabase hierarchies?,SASHELP.FSP.YN.SLIST
3639.0,3639,1.0,E,OLAP Metadata for,SASHELP.FSP.OK.SLIST
3640.0,3640,1.0,E,ERROR: use af c=sashelp.opnmddb.synch_meta.scl cube=[repository name].[registration name],SASHELP.FSP.OK.SLIST
3641.0,3641,1.0,E,SAS (r) Open OLAP Server,SASHELP.FSP.OK.SLIST
3642.0,3642,1.0,E,ERROR: No parameters were specified for either the repository name or registration name,SASHELP.FSP.OK.SLIST
3643.0,3643,1.0,E,ERROR: or either the cube name.,SASHELP.FSP.OK.SLIST
3644.0,3644,1.0,E,"ERROR: Use af c=sashelp.opnmddb.synch_meta.scl rep=""repository name"" reg=""registration name""",SASHELP.FSP.OK.SLIST
3645.0,3645,1.0,E,or,SASHELP.FSP.OK.SLIST
3646.0,3646,1.0,E,ERROR: An Open OLAP Server registration was not specified.,SASHELP.FSP.OK.SLIST
3647.0,3647,1.0,E,ERROR:,SASHELP.FSP.OK.SLIST
3648.0,3648,1.0,E,is not registered with the Open OLAP Server attribute.,SASHELP.FSP.OK.SLIST
3649.0,3649,1.0,E,ERROR: in the repository.,SASHELP.FSP.OK.SLIST
3650.0,3650,1.0,E,ERROR: The repository you specified is not in the repository manager,SASHELP.FSP.OK.SLIST
3651.0,3651,1.0,E,ERROR: The registration you specified is not in repository,SASHELP.FSP.OK.SLIST
3652.0,3652,1.0,E,repository.registration,SASHELP.FSP.OK.SLIST
3653.0,3653,1.0,E,successfully updated.,SASHELP.FSP.OK.SLIST
3654.0,3654,1.0,E,on,SASHELP.FSP.OK.SLIST
3655.0,3655,1.0,E,ERROR: Levels on the registration are missing in the MDDB.,SASHELP.FSP.OK.SLIST
3656.0,3656,1.0,E,ERROR: Because of this the cube cannot be consumed.,SASHELP.FSP.OK.SLIST
3657.0,3657,1.0,E,ERROR: Open the OLAP registration from the metabase to see which levels,SASHELP.FSP.OK.SLIST
3658.0,3658,1.0,E,ERROR: are missing.,SASHELP.FSP.OK.SLIST
3659.0,3659,1.0,E,ERROR: Measures on the registration are missing in the MDDB.,SASHELP.FSP.OK.SLIST
3660.0,3660,1.0,E,Open OLAP Server cube,SASHELP.FSP.OK.SLIST
3661.0,3661,1.0,E,%lInsufficient setinit.,SASHELP.FSP.OK.SLIST
3662.0,3662,1.0,E,%lInvalid numeric value for %1$ option.,SASHELP.FSP.OK.SLIST
3663.0,3663,1.0,E,%lInvalid value for %1$ option.,SASHELP.FSP.OK.SLIST
3664.0,3664,1.0,N,%lUsing model class of %1$.,SASHELP.FSP.OK.SLIST
3665.0,3665,1.0,E,%lUnable to locate class %1$.,SASHELP.FSP.OK.SLIST
3666.0,3666,1.0,E,%lInvalid character value for %1$ option.,SASHELP.FSP.OK.SLIST
3667.0,3667,1.0,E,%lDataset %1$ does not exist.,SASHELP.FSP.OK.SLIST
3668.0,3668,1.0,E,%lValue of LOG= must be a positive number.,SASHELP.FSP.OK.SLIST
3669.0,3669,1.0,N,%lDefault DATETIME= value of %1 will be used.,SASHELP.FSP.OK.SLIST
3670.0,3670,1.0,W,%lNumeric value for DATETIME= must be between %1 and %2.,SASHELP.FSP.OK.SLIST
3671.0,3671,1.0,E,%lUnable to initialize SAS Open OLAP Server.,SASHELP.FSP.OK.SLIST
3672.0,3672,1.0,L,Administrative operation refused.,SASHELP.FSP.OK.SLIST
3673.0,3673,1.0,L,Metadata request.,SASHELP.FSP.OK.SLIST
3674.0,3674,1.0,L,MDX request for dataset.,SASHELP.FSP.OK.SLIST
3675.0,3675,1.0,L,MDX request for flattened rowset.,SASHELP.FSP.OK.SLIST
3676.0,3676,1.0,E,%lServer halted due to: %1$,SASHELP.FSP.OK.SLIST
3677.0,3677,1.0,L,Open OLAP Server Version %1$ started on %2$:%3$.,SASHELP.FSP.OK.SLIST
3678.0,3678,1.0,L,Stop server.,SASHELP.FSP.OK.SLIST
3679.0,3679,1.0,L,Initializing connection.,SASHELP.FSP.OK.SLIST
3680.0,3680,1.0,L,Disconnected.,SASHELP.FSP.OK.SLIST
3681.0,3681,1.0,L,Response socket open.,SASHELP.FSP.OK.SLIST
3682.0,3682,1.0,L,Secondary socket open.,SASHELP.FSP.OK.SLIST
3683.0,3683,1.0,L,Ping server.,SASHELP.FSP.OK.SLIST
3684.0,3684,1.0,L,Set maximum cubes to %1.,SASHELP.FSP.OK.SLIST
3685.0,3685,1.0,L,Cube %1$ does not exist.,SASHELP.FSP.OK.SLIST
3686.0,3686,1.0,L,Disabled cube %1$.,SASHELP.FSP.OK.SLIST
3687.0,3687,1.0,L,Enabled cube %1$.,SASHELP.FSP.OK.SLIST
3688.0,3688,1.0,L,Query server status.,SASHELP.FSP.OK.SLIST
3689.0,3689,1.0,L,----- MDX received:,SASHELP.FSP.OK.SLIST
3690.0,3690,1.0,L,schema rowset requested.,SASHELP.FSP.OK.SLIST
3691.0,3691,1.0,L,----- Restrictions:,SASHELP.FSP.OK.SLIST
3692.0,3692,1.0,L,----- Maximum Cubes:,SASHELP.FSP.OK.SLIST
3693.0,3693,1.0,L,----- Disabled Cubes:,SASHELP.FSP.OK.SLIST
3694.0,3694,1.0,L,----- Open Cubes:,SASHELP.FSP.OK.SLIST
3695.0,3695,1.0,E,%lUnable to open %1$ for update.,SASHELP.FSP.OK.SLIST
3696.0,3696,1.0,E,%lInvalid dataset name OUT=%1$.,SASHELP.FSP.OK.SLIST
3697.0,3697,1.0,E,%lUnable to create dataset %1$.,SASHELP.FSP.OK.SLIST
3698.0,3698,1.0,N,%lLogging information to dataset %1$.,SASHELP.FSP.OK.SLIST
3699.0,3699,1.0,N,%lLogging information to the SAS Log.,SASHELP.FSP.OK.SLIST
3700.0,3700,1.0,L,Datetime Stamp,SASHELP.FSP.OK.SLIST
3701.0,3701,1.0,L,Userid,SASHELP.FSP.OK.SLIST
3703.0,3703,1.0,L,Class Variables,SASHELP.FSP.OK.SLIST
3704.0,3704,1.0,L,Derived or Subtable?,SASHELP.FSP.OK.SLIST
3705.0,3705,1.0,L,Subtable Name,SASHELP.FSP.OK.SLIST
3706.0,3706,1.0,L,Response Time,SASHELP.FSP.OK.SLIST
3707.0,3707,1.0,E,Password-protected MDDB's cannot be registered in SAS Open OLAP Server.,SASHELP.FSP.OK.SLIST
7801.0,7801,1.0,E,File %1$ not found.,SASHELP.FSP.OK.SLIST
7802.0,7802,1.0,E,Class %1$ not found.,SASHELP.FSP.OK.SLIST
7803.0,7803,1.0,E,Analysis %1$ not numeric.,SASHELP.FSP.OK.SLIST
7804.0,7804,1.0,E,Subtable identification variable %1$ not found.,SASHELP.FSP.OK.SLIST
7805.0,7805,1.0,E,Subtable identification variable %1$ has wrong type.,SASHELP.FSP.OK.SLIST
7806.0,7806,1.0,E,Subtable %1$ not found in MDDB.,SASHELP.FSP.OK.SLIST
7807.0,7807,1.0,E,Analysis/Statistc pair %1$ missing from MDDB.,SASHELP.FSP.OK.SLIST
