Term,Role
aaah,Conj
acep,Conj
alan,Pron
allak,Conj
altmış,Num
altı,Num
altıyüz,Num
arasında,Prep
arkada,Prep
aşkolsun,Conj
bari,Conj
baştaki,Pron
başına,Prep
behemehal,Conj
belirten,Pron
ben,Pron
bendeki,Pron
benimki,Pron
benimkini,Pron
beş,Num
beşyüz,Num
bilakis,Conj
bin,Num
bir,Pron
birazını,Pron
birindeki,Pron
birisi,Pron
birisin,Pron
bitişiğinde,Prep
biz,Pron
bizdeki,Pron
bizimki,Pron
bizimkiler,Pron
bizimkilere,Pron
bizimkilerin,Pron
bişeyler,Pron
bom,Conj
boşver,Conj
bre,Conj
bu,Pron
budur,Pron
bunda,Pron
bundan,Pron
bunlar,Pron
bunlara,Pron
bunlarda,Pron
bunlardan,Pron
bunlarla,Pron
bunları,Pron
bunların,Pron
bunu,Pron
bunun,Pron
buyrun,Conj
bütünü,Pron
bütünün,Pron
bütününü,Pron
da,Prep
dair,Conj
dan,Conj
de,Prep
dek,Conj
deki,Conj
den,Conj
değil,Noun
değildik,Pron
dikkatinize,Conj
dir,Conj
diğeri,Pron
diğerinde,Pron
diğerinden,Pron
diğerini,Pron
diğerinin,Pron
diğerleri,Pron
diğerlerinden,Pron
diğerlerine,Pron
diğerlerini,Pron
diğerlerinin,Pron
diğerleriyle,Pron
doksan,Num
dokuz,Num
dokuzyüz,Num
dolayı,Prep
dörde,Num
dördü,Num
dört,Num
dörtlü,Num
dörtyüz,Num
dışında,Prep
eee,Conj
eksi,Prep
elli,Num
elveda,Conj
epey,Conj
etmek,Verb
etrafında,Prep
etrafını,Prep
ettiği,Pron
evvel,Conj
eğer,Conj
fakat,Conj
galiba,Conj
geçen,Pron
gibi,Prep
göre,Prep
güm,Conj
güya,Conj
hakkında,Prep
halindeki,Conj
hariç,Prep
hattâ,Conj
hay,Conj
hayli,Conj
hayret,Conj
he,Conj
hem,Conj
hepimizden,Pron
hepimize,Pron
hepimizi,Pron
hepimizin,Pron
hepiniz,Pron
hepinize,Pron
hepinizi,Pron
hepinizin,Pron
hepsi,Pron
hepsinde,Pron
hepsinden,Pron
hepsine,Pron
hepsini,Pron
hepsinin,Pron
hepsiyle,Pron
her,Pron
herbiri,Pron
herbirinin,Pron
herkesi,Pron
herkesin,Pron
herkeste,Pron
herkesten,Pron
herkesçe,Pron
herşey,Pron
herşeye,Pron
herşeyi,Pron
herşeyin,Pron
hey,Conj
hitaben,Conj
hiç,Pron
hiçbir,Pron
hiçbiri,Pron
hiçbirimiz,Pron
hiçbirinde,Pron
hiçbirine,Pron
hiçbirini,Pron
hiçbirinin,Pron
hiçbirisi,Pron
hop,Conj
hâlde,Conj
hâlinde,Conj
hâlâ,Conj
icabında,Conj
iken,Conj
iki,Num
ikincisi,Noun
ikiyüz,Num
ile,Prep
imdat,Conj
inceden,Conj
iseler,Conj
isen,Conj
itibarla,Conj
içeri,Prep
için,Prep
içinde,Prep
içindekileri,Pron
içinden,Prep
içindir,Conj
içine,Prep
kadar,Conj
kadarki,Conj
kah,Conj
karşılarındaki,Pron
karşın,Prep
karşındaki,Pron
karşısında,Prep
karşıya,Prep
kaç,Pron
kendi,Pron
kendileri,Pron
kendilerinde,Pron
kendilerinden,Pron
kendilerine,Pron
kendilerini,Pron
kendilerinin,Pron
kendileriyle,Pron
kendiliklerinden,Pron
kendim,Pron
kendimde,Pron
kendimden,Pron
kendime,Pron
kendimi,Pron
kendimin,Pron
kendimiz,Pron
kendimizde,Pron
kendimizden,Pron
kendimize,Pron
kendimizi,Pron
kendimizin,Pron
kendin,Pron
kendinde,Pron
kendinden,Pron
kendine,Pron
kendini,Pron
kendinin,Pron
kendiniz,Pron
kendinizden,Pron
kendinize,Pron
kendinizi,Pron
kendinizin,Pron
kendinizle,Pron
kendisi,Pron
kendisinde,Pron
kendisinden,Pron
kendisine,Pron
kendisini,Pron
kendisinin,Pron
kendisiyle,Pron
kendiyle,Pron
kere,Conj
keresinde,Conj
keza,Conj
ki,Conj
kilo,Pron
kim,Pron
kimi,Pron
kimileri,Pron
kimilerinin,Pron
kimimiz,Pron
kimsecikler,Pron
kâfi,Pron
kâh,Conj
kırk,Num
layık,Conj
lime,Conj
malum,Conj
meşin,Conj
milyar,Num
milyon,Num
mıyız,Pron
namına,Prep
nasıl,Adv
nazaran,Conj
ncı,Noun
ne,Conj
ne,Pron
nerede,Adv
nerede,Conj
nereden,Pron
nevi,Conj
neyim,Pron
o,Pron
olan,Pron
olmadıkça,Conj
olmak,Verb
on,Num
onaltı,Num
onbeş,Num
onbir,Num
ondaki,Pron
ondokuz,Num
ondört,Num
oniki,Num
onlar,Pron
onlardaki,Pron
onlarınki,Pron
onsekiz,Num
onsuz,Prep
onsuz,Pron
onunki,Pron
onyedi,Num
onüç,Num
oraya,Prep
ordaki,Pron
ordan,Pron
otuz,Num
pes,Conj
rasyonel,Num
rağmen,Conj
sayesinde,Conj
sekiz,Num
sekizyüz,Num
seksen,Num
sen,Pron
seninki,Pron
sensin,Pron
siz,Pron
sizinki,Pron
sizler,Pron
sizlere,Pron
sizleri,Pron
sizlerin,Pron
sizlerle,Pron
sizsiniz,Pron
süresince,Prep
sıra,Conj
sırf,Conj
taa,Conj
takdirde,Conj
tamına,Pron
tarafından,Prep
tek,Pron
teki,Pron
tekini,Pron
trilyon,Num
tük,Conj
tüm,Pron
tümü,Pron
tümünde,Pron
tümünden,Pron
tümüne,Pron
tümünü,Pron
tümünün,Pron
tümüyle,Conj
tümüyle,Pron
tıklım,Conj
uzadıya,Conj
vah,Conj
valla,Conj
var,Adj
vasıtasiyle,Conj
ve,Conj
veya,Conj
veyahut,Conj
ya,Conj
yaa,Conj
yada,Conj
yahut,Conj
yani,Conj
yanında,Prep
yanısıra,Conj
yarim,Pron
yarı,Pron
yarıda,Pron
yarısı,Pron
yarısından,Pron
yarısını,Pron
yarıya,Pron
yarışı,Pron
yedi,Num
yediyüz,Num
yerine,Prep
yetmiş,Num
yirmi,Num
yirmialtı,Num
yirmibeş,Num
yirmibir,Num
yirmidokuz,Num
yirmidört,Num
yirmiiki,Num
yirmisekiz,Num
yirmiyedi,Num
yirmiüç,Num
yok,Adj
yok,Adv
yokken,Adv
yoksa,Conj
yoktu,Conj
yoluyla,Prep
yâni,Conj
yüz,Num
yüzüncü,Num
zangır,Conj
âdeta,Conj
çatır,Conj
çeken,Pron
çok,Pron
çoluk,Conj
çoğumuz,Pron
çoğumuzun,Pron
çoğuna,Pron
çoğunluğa,Pron
çünkü,Conj
çıt,Conj
öbürleri,Pron
öbürünü,Pron
öbürünün,Pron
önce,Conj
öncekiler,Pron
öndeki,Pron
önünde,Prep
örneğin,Conj
ötekiler,Pron
ötekilerden,Pron
ötekilere,Pron
ötekileri,Pron
ötekilerin,Pron
ötekinden,Pron
ötekini,Pron
ötekinin,Pron
ötesinde,Conj
ötesinde,Prep
ötürü,Conj
öyledir,Conj
üstünde,Prep
üzere,Conj
üzeri,Conj
üzerimize,Pron
üzerinde,Prep
üç,Num
üçyüz,Num
ıncı,Noun
ışıl,Conj
şartiyle,Conj
şayet,Conj
şeklindeki,Conj
şuna,Pron
şundan,Pron
şunlar,Pron
şunları,Pron
şunu,Pron
şunun,Pron
şurda,Pron
şurdan,Pron
şöyle,Conj
şöyleki,Conj
şıp,Conj
a,
b,
c,
d,
e,
f,
g,
h,
i,
j,
k,
l,
m,
n,
o,
p,
r,
s,
t,
u,
v,
w,
y,
z,
â,
ç,
î,
ö,
û,
ü,
ğ,
ı,
ş,
