Term,Role
a,Conj
a,Part
aba,Interj
aba,Part
abo,Conj
abraka,Interj
abrakadabraka,Interj
absolútne,Part
aby,Conj
aby,Part
abyže,Part
ach,Interj
achacha,Interj
achachachá,Interj
achbože,Interj
achbožemôj,Interj
achtak,Part
ad,Prep
adie,Interj
adieu,Interj
adié,Interj
ah,Interj
aha,Interj
ahahaha,Interj
ahm,Interj
ahoj,Interj
ahojko,Interj
ahojte,Interj
ahojček,Interj
ahá,Interj
ahááá,Interj
aj,Conj
aj,Interj
aj,Part
ajaj,Interj
ajajaj,Interj
ajajáj,Interj
ajhľa,Interj
ajvaj,Interj
ajáj,Interj
ak,Conj
ak,Part
akiste,Part
ako,Conj
ako,Part
akoby,Conj
akoby,Part
akokoľvek,Conj
akokoľvek,Part
akonáhle,Conj
akosi,Part
akože,Conj
akože,Part
akurát,Part
akurátne,Part
aký,Pron
akýkoľvek,Pron
akýsi,Pron
akýže,Pron
akže,Conj
al,Part
ale,Conj
ale,Interj
ale,Part
aleba,Part
alebo,Conj
aleže,Part
alias,Part
amendolores,Interj
amenglória,Interj
amenmária,Interj
ani,Conj
ani,Part
anibohovi,Part
aport,Interj
apropo,Part
arivederči,Interj
arrivederci,Interj
asi,Part
aspoň,Part
aspoňže,Part
au,Interj
ausgerechnet,Part
ave,Interj
avšak,Conj
azapád,Interj
azaňád,Interj
azaňát,Interj
azaňďalát,Interj
azda,Part
až,Conj
až,Part
ba,Conj
ba,Part
bac,Interj
bach,Interj
bacha,Interj
baj,Interj
bam,Interj
basom,Interj
basordyka,Interj
basorkáňoš,Interj
basta,Interj
bastriguli,Interj
beda,Interj
behom,Prep
beli,Interj
beliže,Interj
beniky,Interj
betónovo,Part
bez,Prep
bezmála,Part
bezpochyby,Part
beztak,Part
beztoho,Part
biliarda,Num
bilión,Num
bim,Interj
bisťu,Interj
bisťubohu,Interj
bla,Interj
blk,Interj
blízko,Part
blízko,Prep
blízo,Prep
bo,Conj
bodaj,Part
bodajže,Part
bohchráň,Part
bohdaj,Part
bohdá,Part
bohuchovaj,Part
bohuotcu,Interj
bohuotcu,Part
bohuotcuprisahám,Part
bohuotcuprisám,Part
bohuprisahám,Interj
bohuprisahám,Part
bohuprisám,Interj
bohuprisám,Part
bohužiaľ,Part
bohvie,Part
bohvieaký,Pron
bohviekoľko,Pron
bohviekoľký,Pron
bohviekto,Pron
bohviečo,Pron
bohviečí,Pron
bohyňu,Part
bohzná,Part
boháča,Part
bokom,Prep
bom,Interj
bože,Interj
božechráň,Part
božedaj,Part
božemôj,Interj
božeuchovaj,Part
br,Interj
bravo,Interj
bravó,Interj
brekeke,Interj
brink,Interj
brnk,Interj
brr,Interj
brrum,Interj
brum,Interj
bu,Interj
bububu,Interj
buc,Interj
buch,Interj
buj,Interj
bum,Interj
bums,Interj
bumta,Interj
bumtarata,Interj
buď,Conj
buďto,Conj
by,Part
byľku,Num
byľu,Num
byť,Verb
bzik,Interj
bzz,Interj
bzzz,Interj
bzí,Interj
bác,Interj
bár,Conj
bár,Part
báraký,Pron
bárkoľko,Pron
bárkto,Pron
bárs,Conj
bárs,Part
bársaj,Part
bársako,Part
bársaký,Pron
bárskoľko,Pron
bárskto,Pron
bársčo,Pron
bárčo,Pron
bé,Interj
béé,Interj
bú,Interj
bŕ,Interj
bŕŕ,Interj
cc,Interj
ccc,Interj
celkom,Part
ceng,Interj
cerus,Interj
cestou,Prep
cez,Prep
cezeň,Pron
cha,Interj
chacha,Interj
chcieť,Verb
che,Interj
cheche,Interj
chi,Interj
chichi,Interj
chlop,Interj
cho,Interj
chocho,Interj
chrst,Interj
chrum,Interj
chráňboh,Part
chráňbože,Part
chvalabohu,Part
chňap,Interj
ci,Interj
cic,Interj
cici,Interj
cililing,Interj
ciling,Interj
cimpr,Interj
cin,Interj
cing,Interj
cingi,Interj
cingilingi,Interj
cink,Interj
cip,Interj
circa,Part
cirka,Part
cmuk,Interj
coky,Interj
cucu,Interj
cukrú,Interj
cup,Interj
cupi,Interj
cupilupy,Interj
cupy,Interj
curk,Interj
cvak,Interj
cvrnk,Interj
cvŕk,Interj
cáp,Interj
cérus,Interj
dabra,Interj
dajaký,Pron
dajboh,Part
dajbože,Part
dajsamibože,Interj
dajsamisvete,Interj
dakoľko,Pron
dakto,Pron
daktorý,Pron
dačo,Pron
dačí,Pron
deciliarda,Num
decilión,Num
desatina,Num
desatoraký,Num
desatoro,Num
desať,Num
desaťnásobný,Num
desaťtisíc,Num
desaťtisíci,Num
desaťtisícnásobný,Num
desiaty,Num
deviaty,Num
devätina,Num
devätnástina,Num
devätnásty,Num
devätnásť,Num
devätnásťnásobný,Num
devätoraký,Num
devätoro,Num
deväť,Num
deväťdesiat,Num
deväťdesiatdeväť,Num
deväťdesiatdva,Num
deväťdesiatina,Num
deväťdesiatjeden,Num
deväťdesiatnásobný,Num
deväťdesiatosem,Num
deväťdesiatpäť,Num
deväťdesiatsedem,Num
deväťdesiattri,Num
deväťdesiaty,Num
deväťdesiatšesť,Num
deväťdesiatštyri,Num
deväťnásobný,Num
deväťsto,Num
deväťstotisíc,Num
direkt,Part
div,Part
do,Interj
do,Part
do,Prep
doboha,Interj
dobre,Part
dobreže,Part
dofrasa,Interj
dohroma,Interj
dohromady,Part
dohája,Interj
doista,Part
dokelu,Interj
dokonca,Part
dokopy,Part
dokrista,Interj
dokým,Conj
dole,Prep
dolores,Interj
dolu,Prep
domine,Interj
doparoma,Interj
dopekelce,Interj
dopekla,Interj
dopo,Interj
dopočutia,Interj
doprostred,Prep
doprostriedka,Prep
dopísmena,Part
doslova,Part
doslovne,Part
dospodku,Prep
dospodu,Prep
dosť,Interj
dosť,Num
dosť,Part
dovedna,Part
dovi,Interj
dovidenia,Interj
dovnútra,Prep
dovrchu,Prep
dozaista,Part
dočerta,Interj
dočista,Part
doďasa,Interj
doň,Pron
doňho,Pron
došľaka,Interj
drap,Interj
draps,Interj
drc,Interj
drnk,Interj
druhý,Num
druzg,Interj
du,Interj
dudu,Interj
dududu,Interj
dudú,Interj
dun,Interj
dung,Interj
dup,Interj
dupi,Interj
dupy,Interj
dupľom,Part
durk,Interj
dva,Num
dvaadvadsatina,Num
dvaapolnásobný,Num
dvaatridsatina,Num
dvadsatina,Num
dvadsatoraký,Num
dvadsatoro,Num
dvadsať,Num
dvadsaťdeväť,Num
dvadsaťdva,Num
dvadsaťdvanásobný,Num
dvadsaťjeden,Num
dvadsaťjedennásobný,Num
dvadsaťnásobný,Num
dvadsaťosem,Num
dvadsaťpäť,Num
dvadsaťpäťnásobný,Num
dvadsaťsedem,Num
dvadsaťtisíci,Num
dvadsaťtri,Num
dvadsaťtrinásobný,Num
dvadsaťšesť,Num
dvadsaťštyri,Num
dvadsaťštyrinásobný,Num
dvadsiaty,Num
dvanástina,Num
dvanástoraký,Num
dvanásty,Num
dvanásť,Num
dvanásťnásobný,Num
dvesto,Num
dvestonásobný,Num
dvestotisíc,Num
dvestotisíci,Num
dvetisíc,Num
dvojaký,Num
dvoje,Num
dvojitý,Num
dvojmiliónty,Num
dvojnásobný,Num
dvojný,Num
dvojstý,Num
dvojtisíci,Num
dzin,Interj
dziny,Interj
dá,Interj
dáky,Pron
dánom,Interj
dínom,Interj
dúdú,Interj
ecce,Interj
ech,Interj
eh,Interj
ehe,Interj
ehm,Interj
ehm,Part
ehmm,Interj
ej,Interj
ejej,Interj
ejha,Interj
elce,Interj
en,Prep
eniky,Interj
entý,Num
ergo,Part
et,Conj
eventuálne,Part
ešte,Part
ešteže,Part
eštežečo,Interj
faber,Interj
facto,Part
fakt,Part
fakticky,Part
ff,Interj
fff,Interj
fi,Interj
fidli,Interj
figu,Part
fiha,Interj
fik,Interj
fiu,Interj
fiť,Interj
flink,Interj
for,Prep
formou,Prep
frng,Interj
frnk,Interj
from,Prep
frr,Interj
fu,Interj
fuj,Interj
fujas,Interj
fujha,Interj
fujás,Interj
fundž,Interj
fuč,Interj
fác,Interj
fáry,Interj
fíha,Interj
fíí,Interj
fú,Interj
fúú,Interj
fľask,Interj
fňuk,Interj
fŕ,Interj
fŕŕ,Interj
glo,Interj
gloglo,Interj
glogloglo,Interj
grg,Interj
gá,Interj
gágá,Interj
ha,Interj
habadej,Num
hach,Interj
haf,Interj
hah,Interj
haha,Interj
hahahá,Interj
hahoj,Interj
hahou,Interj
hahá,Interj
hahó,Interj
haj,Interj
haja,Interj
hajaj,Interj
hajajáj,Interj
hajde,Interj
hajdy,Interj
hajs,Interj
haju,Interj
hajušenky,Interj
hajušky,Interj
hajáj,Interj
halabala,Interj
halali,Interj
haleluja,Interj
halt,Interj
ham,Interj
hapčí,Interj
haste,Interj
hav,Interj
he,Interj
hehe,Interj
hehej,Interj
hehé,Interj
hehéj,Interj
hej,Interj
hej,Part
hejsa,Interj
hejveru,Part
hejže,Interj
hejže,Part
hen,Interj
hentaký,Pron
henten,Pron
hento,Pron
hentá,Pron
hepčí,Interj
hergot,Interj
heuréka,Interj
heš,Interj
hešta,Interj
hi,Interj
hihi,Interj
hihihi,Interj
hijo,Interj
hijó,Interj
himelhergot,Interj
himlhergot,Interj
hio,Interj
hip,Interj
hió,Interj
hja,Interj
hjaj,Interj
hjáj,Interj
hlavne,Part
hm,Interj
hm,Part
hneď,Conj
hneď,Part
ho,Interj
ho,Part
hoc,Conj
hoc,Part
hocako,Part
hocaký,Pron
hoci,Conj
hoci,Part
hocijako,Part
hocijaký,Pron
hocikoľko,Pron
hocikto,Pron
hociktorý,Pron
hocičo,Pron
hockoľko,Pron
hockto,Pron
hocktorý,Pron
hocčo,Pron
hodne,Num
hoho,Interj
hohó,Interj
hohój,Interj
hoj,Interj
hoja,Interj
hojoj,Interj
hojój,Interj
hojže,Interj
hola,Interj
holahó,Interj
holá,Interj
hop,Interj
hopi,Interj
hopsa,Interj
hopsasa,Interj
hopy,Interj
hor,Interj
hore,Prep
horký,Part
horkýže,Part
horkýžetam,Part
hot,Interj
hota,Interj
hou,Interj
hovno,Part
hr,Interj
hrk,Interj
hrkú,Interj
hrr,Interj
hu,Interj
huch,Interj
hudry,Interj
huh,Interj
huhu,Interj
huhuhu,Interj
huhú,Interj
huj,Interj
hujbuj,Interj
hujuj,Interj
hujúj,Interj
hup,Interj
hupi,Interj
hups,Interj
hupy,Interj
hurá,Interj
huí,Interj
huíí,Interj
huš,Interj
hybaj,Interj
hybáj,Interj
hybááj,Interj
hyš,Interj
hyšta,Interj
há,Interj
hádam,Part
háh,Interj
háá,Interj
hé,Interj
hí,Interj
híha,Interj
híí,Interj
hó,Interj
hóha,Interj
hóó,Interj
hú,Interj
húha,Interj
húú,Interj
húúú,Interj
hľa,Interj
hľaď,Interj
hľaďte,Interj
hľaďže,Interj
hŕ,Interj
hŕŕ,Interj
i,Conj
i,Part
iba,Conj
iba,Part
ibaže,Conj
ibaže,Part
ich,Pron
ichu,Interj
ichuchu,Interj
ih,Interj
ihaha,Interj
ihahá,Interj
inak,Conj
inak,Part
inakšie,Conj
inakšie,Part
inakší,Pron
inkluzíve,Prep
ináč,Conj
ináč,Part
iný,Pron
inší,Pron
iste,Part
isteže,Part
isto,Conj
isto,Part
istotne,Part
istý,Pron
iá,Interj
ja,Pron
jaj,Interj
jajaj,Interj
jak,Conj
jasné,Part
jau,Interj
javeru,Part
jeden,Num
jedenadeväťdesiat,Num
jedenadvadsatina,Num
jedenadvadsať,Num
jedenadvadsiaty,Num
jedenaosemdesiat,Num
jedenapolnásobný,Num
jedenapäťdesiat,Num
jedenasedemdesiat,Num
jedenatridsatina,Num
jedenatridsať,Num
jedenašesťdesiat,Num
jedenaštyridsať,Num
jedenástina,Num
jedenásty,Num
jedenásť,Num
jedenásťnásobný,Num
jedine,Part
jedinký,Num
jediný,Num
jednak,Conj
jednak,Part
jednako,Conj
jednako,Part
jednaký,Num
jednoducho,Part
jednorazový,Num
jeho,Pron
jej,Pron
jest,Conj
ježiš,Interj
ježiši,Interj
ježišmaria,Interj
ježišmária,Interj
joj,Interj
jojoj,Interj
juj,Interj
jujuj,Interj
just,Part
jáj,Interj
jé,Interj
jéj,Interj
jój,Interj
júj,Interj
k,Prep
kadejaký,Pron
kadekto,Pron
kadečo,Pron
kampes,Interj
každučičký,Pron
každučký,Pron
každý,Pron
kde,Part
kdeby,Part
kdejaký,Pron
kdekto,Pron
kdečo,Pron
kdeže,Interj
kdeže,Part
kdežeby,Part
kdežto,Conj
kdovie,Interj
keby,Conj
keby,Part
kebyže,Part
kedykoľvek,Conj
keď,Conj
keď,Part
keďže,Conj
kiež,Part
kiežby,Part
kikiriki,Interj
kikirikí,Interj
klap,Interj
klep,Interj
kliky,Interj
klop,Interj
koncom,Prep
koncov,Part
konečne,Part
koniec,Part
kontra,Conj
konča,Prep
končiac,Prep
kopŕc,Interj
kotkodák,Interj
koľko,Pron
koľkokoľvek,Pron
koľkonásobný,Pron
koľkoraký,Pron
koľkože,Pron
koľkátka,Pron
koľkáty,Pron
koľký,Pron
kraj,Prep
kriste,Interj
kristeježiši,Interj
kristepane,Interj
kroch,Interj
kruci,Interj
krá,Interj
krát,Conj
kto,Pron
ktohovie,Part
ktokoľvek,Pron
ktorý,Pron
ktorýkoľvek,Pron
ktorýsi,Pron
ktosi,Pron
ktovie,Part
ktovieaký,Pron
ktoviekoľko,Pron
ktoviečo,Pron
ktože,Pron
ktožehovie,Part
ktoževie,Part
kuk,Interj
kuku,Interj
kukuk,Interj
kuví,Interj
kuš,Interj
kva,Interj
kvadriliarda,Num
kvadrilión,Num
kvak,Interj
kvap,Interj
kvik,Interj
kvintiliarda,Num
kvintilión,Num
kvo,Interj
kvok,Interj
kvá,Interj
kvák,Interj
kvázi,Part
kví,Interj
kvík,Interj
kvôli,Prep
ký,Pron
kým,Conj
kýže,Pron
kŕ,Interj
kŕk,Interj
kŕŕ,Interj
la,Interj
lala,Interj
le,Part
lebo,Conj
lebo,Part
lebože,Part
leda,Conj
leda,Part
ledakoľko,Pron
ledakto,Pron
ledačo,Pron
ledačí,Pron
ledaže,Conj
ledaže,Part
ledva,Conj
ledva,Part
ledvaže,Conj
ledvaže,Part
len,Conj
len,Part
lenže,Conj
lenže,Part
lež,Conj
lingi,Interj
lup,Interj
lupi,Interj
lupy,Interj
lá,Interj
láry,Interj
mary,Interj
materi,Interj
mať,Verb
medzi,Prep
menej,Num
menej,Part
meruôsmy,Num
mh,Interj
mhm,Interj
miesto,Prep
miliarda,Num
miliardtý,Num
milión,Num
miliónnásobný,Num
milióntina,Num
miliónty,Num
mimo,Prep
mimochodom,Part
mnoho,Num
mnohonásobný,Num
mnohoraký,Num
mnohý,Num
moc,Num
možno,Part
možnože,Part
muk,Interj
musieť,Verb
my,Pron
myk,Interj
málilinko,Num
málinko,Num
máličičko,Num
máličko,Num
málo,Num
málokto,Pron
máloktorý,Pron
máločo,Pron
mé,Interj
méé,Interj
mínus,Conj
môcť,Verb
môj,Pron
môžbyť,Part
mú,Interj
mňam,Interj
mňau,Interj
na,Interj
na,Prep
nabetón,Part
nad,Prep
nadeň,Pron
nadostač,Num
nadovšetko,Part
naisto,Part
najmenej,Num
najmenej,Part
najmä,Part
najprv,Conj
najradšej,Part
najskorej,Part
najskôr,Part
najtiaž,Part
najviac,Num
najviac,Part
najviacej,Num
najviacej,Part
nakoniec,Part
nakoľko,Conj
namiesto,Conj
namiesto,Prep
namojdušu,Interj
namojdušu,Part
namojpravdu,Part
namojveru,Part
nanajvýš,Part
nanešťastie,Part
naopak,Part
naostatok,Part
naozaj,Part
napodiv,Part
napokon,Part
naposledok,Part
naposledy,Part
napočudovanie,Part
napriek,Conj
napriek,Prep
naprieč,Prep
naprostred,Prep
naprostriedku,Prep
naprostriedok,Prep
naproti,Conj
naproti,Prep
naprotiveň,Prep
napríklad,Part
naraz,Part
naskrze,Part
naspodku,Prep
naspodok,Prep
nate,Interj
naveľa,Part
naviac,Part
naviac,Prep
navrch,Prep
navrchu,Prep
navyše,Part
navyše,Prep
navzdor,Prep
navzdory,Prep
nazdar,Interj
nazdarte,Interj
naň,Pron
naňho,Pron
našťastie,Part
nebodaj,Part
nech,Conj
nech,Part
nechže,Part
nedajboh,Part
nedajbože,Part
nejaký,Pron
nejeden,Num
neklamne,Part
nemnohý,Num
nemálo,Num
nepochybne,Part
neposledný,Num
nesporne,Part
nevedno,Part
neveľa,Num
neviem,Part
neviemkoľko,Pron
nevyhnutne,Part
nevídali,Interj
neúrekom,Num
neúrekom,Part
neďaleko,Prep
než,Conj
nie,Part
nieby,Conj
niekoľko,Pron
niekoľkonásobný,Num
niekoľkoraký,Num
niekoľký,Pron
niekto,Pron
niektorý,Pron
nielen,Conj
nielenže,Conj
nieto,Conj
nietoby,Conj
nietožeby,Conj
niečo,Pron
niečí,Pron
nieže,Part
niežeby,Conj
nijak,Part
nijako,Part
nijakovský,Pron
nijaký,Pron
nik,Pron
nikto,Pron
nič,Part
nič,Pron
ničmenej,Conj
ničí,Pron
niže,Part
niže,Prep
no,Conj
no,Interj
no,Part
nolen,Part
noniliarda,Num
nonilión,Num
nože,Interj
nula,Num
nultý,Num
nuž,Conj
nuž,Part
ná,Interj
ná,Part
náhle,Conj
náhodou,Part
následkom,Prep
náš,Pron
o,Prep
oba,Num
obidva,Num
obidvoje,Num
obojaký,Num
oboje,Num
obzvlášť,Part
obďaleč,Prep
och,Interj
od,Prep
odeň,Pron
odrazu,Part
oh,Interj
oho,Interj
ohó,Interj
ohľadne,Prep
ohľadom,Prep
oj,Interj
ojej,Interj
ojoj,Interj
ojéj,Interj
ojój,Interj
okolo,Part
okolo,Prep
okrem,Prep
oktiliarda,Num
oktilión,Num
on,Pron
ona,Pron
onakvý,Pron
onaký,Pron
onen,Pron
ono,Part
ono,Pron
onô,Pron
oný,Pron
oproti,Prep
osem,Num
osemdesiat,Num
osemdesiatdeväť,Num
osemdesiatdva,Num
osemdesiatina,Num
osemdesiatjeden,Num
osemdesiatnásobný,Num
osemdesiatosem,Num
osemdesiatpäť,Num
osemdesiatsedem,Num
osemdesiattri,Num
osemdesiaty,Num
osemdesiatšesť,Num
osemdesiatštyri,Num
osemnásobný,Num
osemnástina,Num
osemnásty,Num
osemnásť,Num
osemnásťnásobný,Num
osemsto,Num
osemtisíc,Num
osmina,Num
osmoraký,Num
osmoro,Num
ostatne,Part
ostatný,Num
ostať,Verb
otcu,Interj
ou,Interj
ovšem,Part
ozaj,Part
očividne,Part
oň,Pron
oňho,Pron
pac,Interj
paci,Interj
paf,Interj
panebože,Interj
paroma,Part
paromvie,Part
pelce,Interj
pf,Interj
pfi,Interj
pi,Interj
piaty,Num
pich,Interj
pif,Interj
plno,Num
plus,Conj
po,Part
po,Prep
pochopiteľne,Part
pod,Prep
podajeden,Num
podaktorý,Pron
podeň,Pron
podistým,Part
podspodok,Interj
podľa,Prep
pokiaľ,Conj
pokým,Conj
pol,Num
poldruha,Num
polovica,Num
polovina,Num
pomaly,Part
pomedzi,Prep
pomerne,Part
pomimo,Prep
pomocou,Prep
pomóc,Interj
pomóóc,Interj
ponad,Prep
ponadeň,Pron
poniektorý,Pron
poniže,Prep
popod,Prep
popodeň,Pron
popravde,Part
popred,Prep
popredeň,Pron
popri,Prep
poprípade,Part
poručeno,Part
poručenobohu,Part
posledný,Num
postupom,Prep
potiaľ,Conj
potom,Part
potomvšak,Conj
povedzme,Part
povedľa,Prep
povyše,Prep
poza,Prep
pozdĺž,Prep
počas,Prep
počiatkom,Prep
počnúc,Prep
počínajúc,Prep
poď,Interj
poďho,Interj
poň,Pron
poňho,Pron
prakticky,Part
pramálo,Num
pranič,Part
pranič,Pron
prask,Interj
pravda,Part
pravdaže,Part
pravdepodobne,Part
pravdupovediac,Part
prd,Part
pre,Prep
prebeda,Interj
preboha,Interj
pred,Prep
predeň,Pron
predostatný,Num
predovšetkým,Part
predposledný,Num
predsa,Conj
predsa,Part
prekristapána,Interj
premnoho,Num
premnohý,Num
prepytujem,Part
prepána,Interj
prepánaboha,Interj
prepánajána,Interj
preto,Conj
preto,Part
pretože,Conj
preň,Pron
preňho,Pron
pri,Prep
priam,Part
priamo,Part
približne,Part
primnoho,Num
prinajhoršom,Part
prinajlepšom,Part
prinajmenej,Part
prinajmenšom,Part
prirodzene,Part
prisám,Interj
prisám,Part
prisámbohu,Interj
prisámbohu,Part
prisámvačku,Interj
prisámvačku,Part
pritom,Conj
priveľa,Num
pričom,Conj
proste,Part
prosto,Part
prostred,Prep
prostredníctvom,Prep
prostriedkom,Prep
prosím,Part
proti,Prep
prv,Conj
prvý,Num
prásk,Interj
práve,Part
práveže,Part
prípadne,Part
ps,Interj
psst,Interj
pst,Interj
puf,Interj
punktum,Interj
pá,Interj
pána,Interj
pána,Part
pánabeka,Interj
pánabeka,Part
pánbochráň,Part
pánbohchráň,Part
pánbohhovie,Part
pánbohvie,Part
pápá,Interj
pár,Num
pätina,Num
pätnástina,Num
pätnásty,Num
pätnásť,Num
pätnásťnásobný,Num
pätoraký,Num
pätoro,Num
päť,Num
päťadvadsať,Num
päťdesiat,Num
päťdesiatdeväť,Num
päťdesiatdva,Num
päťdesiatina,Num
päťdesiatjeden,Num
päťdesiatnásobný,Num
päťdesiatosem,Num
päťdesiatpäť,Num
päťdesiatsedem,Num
päťdesiattri,Num
päťdesiaty,Num
päťdesiatšesť,Num
päťdesiatštyri,Num
päťnásobný,Num
päťsto,Num
päťstý,Num
päťtisíc,Num
píp,Interj
pŕ,Interj
pŕŕ,Interj
radšej,Part
raz,Num
raz,Part
reku,Part
respektíve,Part
ribi,Interj
rovnako,Part
rovno,Part
rozhodne,Part
rup,Interj
rups,Interj
rád,Part
s,Prep
sa,Part
sa,Pron
sakra,Interj
salve,Interj
samozrejme,Part
samý,Pron
seba,Pron
sedem,Num
sedemdesiat,Num
sedemdesiatdeväť,Num
sedemdesiatdva,Num
sedemdesiatina,Num
sedemdesiatjeden,Num
sedemdesiatnásobný,Num
sedemdesiatosem,Num
sedemdesiatpäť,Num
sedemdesiatsedem,Num
sedemdesiattisíc,Num
sedemdesiattri,Num
sedemdesiaty,Num
sedemdesiatšesť,Num
sedemdesiatštyri,Num
sedemnásobný,Num
sedemnástina,Num
sedemnásty,Num
sedemnásť,Num
sedemnásťnásobný,Num
sedemsto,Num
sedemstotisíc,Num
sedemstý,Num
sedemtisíc,Num
sedmina,Num
sedmoraký,Num
sedmoro,Num
septiliarda,Num
septilión,Num
servus,Interj
servus,Part
servuste,Interj
sextiliarda,Num
sextilión,Num
si,Pron
siedmy,Num
skorej,Part
skoro,Part
skraja,Prep
skrz,Prep
skrze,Prep
skrátka,Part
skutočne,Part
skôr,Conj
skôr,Part
slovom,Part
smieť,Verb
snáď,Part
sotva,Conj
sotva,Part
sotvakto,Pron
sotvaktorý,Pron
sotvačo,Pron
sotvaže,Part
spod,Prep
spodkom,Prep
spomedzi,Prep
sponad,Prep
spopod,Prep
spopred,Prep
spoza,Prep
spred,Prep
sprostred,Prep
správne,Part
spánombohom,Interj
sto,Num
stoj,Part
stonásobný,Num
storaký,Num
stotina,Num
stotisíc,Num
stotisíci,Num
stotisícnásobný,Num
stredom,Prep
stámilióny,Num
státisíce,Num
stávať,Verb
stáť,Verb
stý,Num
svoj,Pron
sám,Pron
síce,Conj
sťa,Conj
sťaby,Conj
ta,Interj
tak,Conj
tak,Interj
tak,Part
takisto,Conj
takisto,Part
takmer,Part
takpovediac,Part
takrečeno,Part
taktiež,Part
takto,Part
taky,Interj
taký,Pron
takýto,Pron
takže,Conj
takže,Part
tam,Part
tamten,Pron
tamto,Pron
tamtá,Pron
teda,Conj
teda,Part
temer,Part
ten,Pron
tento,Pron
tenže,Pron
tfi,Interj
tfí,Interj
that,Conj
the,Part
tidli,Interj
tiež,Part
tiki,Interj
tiky,Interj
tisíc,Num
tisíci,Num
tisícina,Num
tisícnásobný,Num
tisícoraký,Num
tisícoro,Num
to,Conj
to,Part
to,Pron
tobôž,Part
tolikánsky,Pron
toličizný,Pron
totiž,Conj
totiž,Part
totižto,Conj
totižto,Part
toto,Interj
toto,Pron
toľko,Conj
toľko,Part
toľko,Pron
toľkonásobný,Pron
toľkoraký,Pron
toľkoto,Pron
toľký,Pron
toľkýto,Pron
toť,Part
tože,Pron
tra,Interj
trala,Interj
tralala,Interj
tralalom,Interj
trara,Interj
trarará,Interj
trebárs,Conj
trebárs,Part
tretina,Num
tretí,Num
tri,Num
triadvadsatina,Num
tridsatina,Num
tridsať,Num
tridsaťdeväť,Num
tridsaťdva,Num
tridsaťjeden,Num
tridsaťnásobný,Num
tridsaťosem,Num
tridsaťpäť,Num
tridsaťsedem,Num
tridsaťtri,Num
tridsaťšesť,Num
tridsaťštyri,Num
tridsiaty,Num
triliarda,Num
trilión,Num
trinástina,Num
trinásty,Num
trinásť,Num
trinásťnásobný,Num
tristo,Num
tritisíc,Num
trištvrte,Num
trocha,Num
trochu,Num
trojaký,Num
troje,Num
trojitý,Num
trojnásobný,Num
trojstý,Num
trojtisíci,Num
trošilinka,Num
trošilinku,Num
trošinka,Num
trošinku,Num
trošička,Num
trošičku,Num
troška,Num
trošku,Num
trošíčka,Num
trošíčku,Num
tu,Interj
tu,Part
tucet,Num
tuším,Part
tvoj,Pron
ty,Pron
tá,Pron
táto,Pron
táže,Pron
tú,Interj
tým,Conj
tŕ,Interj
u,Prep
uhm,Interj
uhú,Interj
ujujú,Interj
ujú,Interj
und,Conj
undecilión,Num
uprostred,Prep
určite,Part
uňho,Pron
už,Conj
už,Part
v,Prep
vaj,Interj
vari,Part
varuj,Interj
varúj,Interj
vcelku,Part
vedľa,Prep
ver,Interj
ver,Part
ver',Part
verabohu,Part
verabože,Part
versus,Conj
veru,Part
verubože,Part
veruže,Part
verzus,Conj
veď,Conj
veď,Part
veľa,Num
viac,Conj
viac,Num
viac,Part
viacej,Num
viacero,Num
viacerí,Num
viacnásobný,Num
viacrázový,Num
vinou,Prep
vitaj,Interj
vitajte,Interj
vivat,Interj
vlastne,Part
vnútri,Prep
von,Prep
vonkoncom,Part
vospust,Prep
voči,Prep
voľajaký,Pron
voľakoľko,Pron
voľakto,Pron
voľaktorý,Pron
voľačo,Pron
voľačí,Pron
voľáky,Pron
vplyvom,Prep
vr,Interj
vraj,Part
vrkú,Interj
vrr,Interj
vrzg,Interj
vrátane,Prep
vskutku,Part
vy,Pron
vyše,Part
vyše,Prep
vzhladom,Conj
váš,Pron
vážne,Part
vôbec,Part
vôkol,Prep
výborne,Part
výlučne,Part
výslovne,Part
včítane,Prep
vďaka,Prep
vŕŕ,Interj
však,Conj
však,Part
všakhej,Part
všakovaký,Pron
všakový,Pron
všakver,Part
všakáno,Part
všelijaký,Pron
všelikoľko,Pron
všelikto,Pron
všeličo,Pron
všetok,Pron
všetučko,Pron
z,Prep
za,Prep
zaboha,Part
zaiste,Part
zakiaľ,Conj
zarovno,Prep
zas,Part
zasa,Part
zase,Part
zatiaľ,Conj
zato,Conj
zato,Part
začiatkom,Prep
začínajúc,Prep
zaň,Pron
zaňho,Pron
zbohom,Interj
zhruba,Part
znútra,Prep
zo,Part
zopár,Num
zoči,Prep
zrazu,Part
zrejme,Part
zriedkakto,Pron
zriedkaktorý,Pron
zrovna,Part
zvlášť,Part
zvnútra,Prep
zvrchu,Prep
zásluhou,Prep
áber,Interj
ách,Interj
áh,Interj
áno,Interj
áno,Part
áá,Interj
áách,Interj
ááu,Interj
íh,Interj
íha,Interj
íí,Interj
óh,Interj
óha,Interj
ôsmy,Num
údajne,Part
ústrety,Prep
ča,Interj
čajsi,Part
čao,Interj
čau,Interj
čaute,Interj
čerta,Part
čerthovie,Part
čertvie,Part
čertvieaký,Pron
čertviekoľko,Pron
čertviekto,Pron
čertviečo,Pron
či,Conj
či,Interj
či,Part
čida,Part
čidali,Part
čidaže,Part
čihi,Interj
čihí,Interj
čim,Interj
čimčara,Interj
čimčarara,Interj
čiričiri,Interj
čisto,Part
čit,Interj
čiv,Interj
čivi,Interj
čiviš,Interj
čiči,Interj
čiže,Conj
čiže,Part
člipky,Interj
čo,Conj
čo,Interj
čo,Part
čo,Pron
čoby,Conj
čoby,Part
čojaviem,Part
čojaviemkto,Pron
čojaviemčo,Pron
čokoľvek,Pron
čoo,Part
čopriam,Conj
čosi,Pron
čosik,Pron
čože,Part
čože,Pron
čožeby,Part
čt,Interj
čur,Interj
čuri,Interj
čvach,Interj
čviri,Interj
čvirik,Interj
čvrli,Interj
čáry,Interj
čí,Interj
čí,Pron
číkoľvek,Pron
čím,Conj
čím,Part
číro,Part
čísi,Pron
číže,Pron
čóó,Part
čóóó,Part
čľap,Interj
čľapky,Interj
čľaps,Interj
čľup,Interj
čľups,Interj
ďalej,Part
ďob,Interj
ďub,Interj
ďug,Interj
ľa,Interj
ľaď,Interj
ľaďže,Interj
ľaľa,Interj
šestina,Num
šestnástina,Num
šestnásty,Num
šestnásť,Num
šestnásťnásobný,Num
šestoraký,Num
šestoro,Num
šesť,Num
šesťdesiat,Num
šesťdesiatdeväť,Num
šesťdesiatdva,Num
šesťdesiatina,Num
šesťdesiatjeden,Num
šesťdesiatnásobný,Num
šesťdesiatosem,Num
šesťdesiatpäť,Num
šesťdesiatsedem,Num
šesťdesiattri,Num
šesťdesiaty,Num
šesťdesiatšesť,Num
šesťdesiatštyri,Num
šesťnásobný,Num
šesťsto,Num
šesťtisíc,Num
šibi,Interj
šic,Interj
šiesty,Num
škoda,Part
škrk,Interj
šlus,Interj
šmik,Interj
šmiks,Interj
šmyks,Interj
štrng,Interj
štrnástina,Num
štrnásty,Num
štrnásť,Num
štrnásťnásobný,Num
štvoraký,Num
štvornásobný,Num
štvoro,Num
štvorstý,Num
štvrtina,Num
štvrtka,Num
štvrtý,Num
štvrť,Num
štyri,Num
štyridsatina,Num
štyridsať,Num
štyridsaťdeväť,Num
štyridsaťdva,Num
štyridsaťjeden,Num
štyridsaťnásobný,Num
štyridsaťosem,Num
štyridsaťpäť,Num
štyridsaťsedem,Num
štyridsaťtisíc,Num
štyridsaťtri,Num
štyridsaťšesť,Num
štyridsaťštyri,Num
štyridsiaty,Num
štyristo,Num
štyritisíc,Num
šu,Interj
šup,Interj
šups,Interj
šušušu,Interj
švác,Interj
šš,Interj
ššš,Interj
šťuk,Interj
ťaj,Interj
ťajaj,Interj
ťap,Interj
ťapulienky,Interj
ťapušky,Interj
ťažko,Part
ťjaj,Interj
ťuk,Interj
ťáj,Interj
žblnk,Interj
žblunk,Interj
že,Conj
že,Part
žeby,Conj
žeby,Part
žiaden,Pron
žiaľ,Part
žiaľbohu,Part
živio,Interj
žmurk,Interj
