Term,Role
aikana,Prep
aikanaan,Prep
aikanamme,Prep
aikanani,Prep
aikananne,Prep
aikanansa,Prep
aikanasi,Prep
ajatella,Verb
alitse,Prep
alitseen,Prep
alitsemme,Prep
alitseni,Prep
alitsenne,Prep
alitsensa,Prep
alitsesi,Prep
alla,Prep
allaan,Prep
allamme,Prep
allani,Prep
allanne,Prep
allansa,Prep
allasi,Prep
alle,Prep
alleen,Prep
allemme,Prep
alleni,Prep
allenne,Prep
allensa,Prep
allesi,Prep
alta,Prep
altaan,Prep
altamme,Prep
altani,Prep
altanne,Prep
altansa,Prep
altasi,Prep
ansiosta,Prep
ansiostaan,Prep
ansiostamme,Prep
ansiostani,Prep
ansiostanne,Prep
ansiostansa,Prep
ansiostasi,Prep
asti,Prep
edelle,Prep
edelleen,Prep
edellemme,Prep
edelleni,Prep
edellenne,Prep
edellensä,Prep
edellesi,Prep
edellä,Prep
edellämme,Prep
edelläni,Prep
edellänne,Prep
edellänsä,Prep
edelläsi,Prep
edellään,Prep
edeltä,Prep
edeltämme,Prep
edeltäni,Prep
edeltänne,Prep
edeltänsä,Prep
edeltäsi,Prep
edeltään,Prep
edessä,Prep
edessämme,Prep
edessäni,Prep
edessänne,Prep
edessänsä,Prep
edessäsi,Prep
edessään,Prep
edestä,Prep
edestämme,Prep
edestäni,Prep
edestänne,Prep
edestänsä,Prep
edestäsi,Prep
edestään,Prep
edukseen,Prep
eduksemme,Prep
edukseni,Prep
eduksenne,Prep
eduksensa,Prep
eduksesi,Prep
eduksi,Prep
eli,Conj
elikkä,Conj
ellei,Conj
elleivät,Conj
ellemme,Conj
ellen,Conj
ellet,Conj
ellette,Conj
ennen,Prep
eräs,Pron
eteemme,Prep
eteen,Prep
eteeni,Prep
eteenne,Prep
eteensä,Prep
eteesi,Prep
ettei,Conj
etteikö,Conj
etteivät,Conj
etteivätkö,Conj
ettemme,Conj
ettemmekö,Conj
etten,Conj
ettenkö,Conj
ettet,Conj
ettetkö,Conj
ettette,Conj
ettettekö,Conj
että,Conj
halki,Prep
hallussa,Prep
hallussaan,Prep
hallussamme,Prep
hallussani,Prep
hallussanne,Prep
hallussansa,Prep
hallussasi,Prep
hallusta,Prep
hallustaan,Prep
hallustamme,Prep
hallustani,Prep
hallustanne,Prep
hallustansa,Prep
hallustasi,Prep
haltuumme,Prep
haltuun,Prep
haltuuni,Prep
haltuunne,Prep
haltuunsa,Prep
haltuusi,Prep
han,Aux
he,Pron
hyväkseen,Prep
hyväksemme,Prep
hyväkseni,Prep
hyväksenne,Prep
hyväksensä,Prep
hyväksesi,Prep
hyväksi,Prep
hän,Aux
hän,Pron
ilman,Prep
itse,Pron
ja,Conj
jahka,Conj
jahkapa,Conj
jahkapas,Conj
jahkas,Conj
johdosta,Prep
johdostaan,Prep
johdostamme,Prep
johdostani,Prep
johdostanne,Prep
johdostansa,Prep
johdostasi,Prep
joka,Pron
jokainen,Pron
jokin,Pron
joku,Pron
jollei,Conj
jolleivät,Conj
jollemme,Conj
jollen,Conj
jollet,Conj
jollette,Conj
jompikumpi,Pron
jos,Conj
joskin,Conj
jotta,Conj
jottei,Conj
joutua,Verb
jäljessä,Prep
jäljessämme,Prep
jäljessäni,Prep
jäljessänne,Prep
jäljessänsä,Prep
jäljessäsi,Prep
jäljessään,Prep
jälkeemme,Prep
jälkeen,Prep
jälkeeni,Prep
jälkeenne,Prep
jälkeensä,Prep
jälkeesi,Prep
ka,Aux
kaan,Aux
kaanko,Aux
kaikki,Pron
kannattaa,Verb
kanssa,Prep
kanssaan,Prep
kanssamme,Prep
kanssani,Prep
kanssanne,Prep
kanssansa,Prep
kanssasi,Prep
kautta,Prep
kauttaan,Prep
kauttamme,Prep
kauttani,Prep
kauttanne,Prep
kauttansa,Prep
kauttasi,Prep
keskelle,Prep
keskelleen,Prep
keskellemme,Prep
keskelleni,Prep
keskellenne,Prep
keskellensä,Prep
keskellesi,Prep
keskellä,Prep
keskellämme,Prep
keskelläni,Prep
keskellänne,Prep
keskelläsi,Prep
keskellään,Prep
keskeltä,Prep
keskeltämme,Prep
keskeltäni,Prep
keskeltänne,Prep
keskeltänsä,Prep
keskeltäsi,Prep
keskeltään,Prep
kesken,Prep
keskuudessa,Prep
keskuudessaan,Prep
keskuudessamme,Prep
keskuudessanne,Prep
keskuudessansa,Prep
keskuudesta,Prep
keskuudestaan,Prep
keskuudestamme,Prep
keskuudestanne,Prep
keskuudestansa,Prep
keskuuteemme,Prep
keskuuteen,Prep
keskuuteenne,Prep
keskuuteensa,Prep
kin,Aux
kinko,Aux
kinkohan,Aux
kinkö,Aux
kinköhän,Aux
ko,Aux
koettaa,Verb
kohan,Aux
kohdalla,Prep
kohdallaan,Prep
kohdallamme,Prep
kohdallani,Prep
kohdallanne,Prep
kohdallansa,Prep
kohdallasi,Prep
kohdalle,Prep
kohdalleen,Prep
kohdallemme,Prep
kohdalleni,Prep
kohdallenne,Prep
kohdallensa,Prep
kohdallesi,Prep
kohdalta,Prep
kohdaltaan,Prep
kohdaltamme,Prep
kohdaltani,Prep
kohdaltanne,Prep
kohdaltansa,Prep
kohdaltasi,Prep
kohtaan,Prep
kohti,Prep
kos,Aux
koska,Conj
koskapa,Conj
kuin,Conj
kuka,Pron
kukaan,Pron
kukin,Pron
kumainenkaan,Pron
kumpainen,Pron
kumpainenkaan,Pron
kumpi,Pron
kumpikaan,Pron
kumpikin,Pron
kun,Conj
kunhan,Conj
kunnes,Conj
kuten,Conj
kä,Aux
kään,Aux
käänkö,Aux
kö,Aux
köhän,Aux
kös,Aux
luokse,Prep
luokseen,Prep
luoksemme,Prep
luokseni,Prep
luoksenne,Prep
luoksensa,Prep
luoksesi,Prep
luona,Prep
luonaan,Prep
luonamme,Prep
luonani,Prep
luonanne,Prep
luonansa,Prep
luonasi,Prep
luota,Prep
luotaan,Prep
luotamme,Prep
luotani,Prep
luotanne,Prep
luotansa,Prep
luotasi,Prep
lähelle,Prep
lähelleen,Prep
lähellemme,Prep
lähelleni,Prep
lähellenne,Prep
lähellensä,Prep
lähellesi,Prep
lähellä,Prep
lähellämme,Prep
lähelläni,Prep
lähellänne,Prep
lähellänsä,Prep
lähelläsi,Prep
lähellään,Prep
läheltä,Prep
läheltämme,Prep
läheltäni,Prep
läheltänne,Prep
läheltänsä,Prep
läheltäsi,Prep
läheltään,Prep
läpi,Prep
lävitse,Prep
lävitseen,Prep
lävitsemme,Prep
lävitseni,Prep
lävitsenne,Prep
lävitsensä,Prep
lävitsesi,Prep
mahtaa,Verb
me,Pron
mielestä,Prep
mielestämme,Prep
mielestäni,Prep
mielestänne,Prep
mielestänsä,Prep
mielestäsi,Prep
mielestään,Prep
mikin,Pron
mikä,Pron
mikäli,Conj
mikään,Pron
minä,Pron
molemmat,Pron
moni,Pron
monta,Pron
muistaa,Verb
mukaamme,Prep
mukaan,Prep
mukaani,Prep
mukaanne,Prep
mukaansa,Prep
mukaasi,Prep
mukana,Prep
mukanaan,Prep
mukanamme,Prep
mukanani,Prep
mukananne,Prep
mukanansa,Prep
mukanasi,Prep
mutta,Conj
muttei,Conj
mutteivat,Conj
muttemme,Conj
mutten,Conj
muttet,Conj
muttette,Conj
muu,Pron
muutama,Pron
myöten,Prep
ne,Pron
nuo,Pron
nämä,Pron
ohi,Prep
olla,Verb
osalta,Prep
osaltaan,Prep
osaltamme,Prep
osaltani,Prep
osaltanne,Prep
osaltansa,Prep
osaltasi,Prep
osata,Verb
pa,Aux
pahan,Aux
paitsi,Conj
paitsi,Prep
pas,Aux
perusteella,Prep
perässä,Prep
perässämme,Prep
perässäni,Prep
perässänne,Prep
perässänsä,Prep
perässäsi,Prep
perässään,Prep
pitkin,Prep
pitää,Verb
poikki,Prep
puoleemme,Prep
puoleen,Prep
puoleeni,Prep
puoleenne,Prep
puoleensa,Prep
puoleesi,Prep
puolella,Prep
puolellaan,Prep
puolellamme,Prep
puolellani,Prep
puolellanne,Prep
puolellansa,Prep
puolellasi,Prep
puolelle,Prep
puolelleen,Prep
puolellemme,Prep
puolelleni,Prep
puolellenne,Prep
puolellensa,Prep
puolellesi,Prep
puolelta,Prep
puoleltaan,Prep
puoleltamme,Prep
puoleltani,Prep
puoleltanne,Prep
puoleltansa,Prep
puoleltasi,Prep
puolesta,Prep
puolestaan,Prep
puolestamme,Prep
puolestani,Prep
puolestanne,Prep
puolestansa,Prep
puolestasi,Prep
pä,Aux
pähän,Aux
päin,Prep
päs,Aux
päähämme,Prep
päähän,Prep
päähäni,Prep
päähänne,Prep
päähänsä,Prep
päähäsi,Prep
päälle,Prep
päälleen,Prep
päällemme,Prep
päälleni,Prep
päällenne,Prep
päällensä,Prep
päällesi,Prep
päällä,Prep
päällämme,Prep
päälläni,Prep
päällänne,Prep
päällänsä,Prep
päälläsi,Prep
päällään,Prep
päältä,Prep
päältämme,Prep
päältäni,Prep
päältänne,Prep
päältänsä,Prep
päältäsi,Prep
päältään,Prep
päässä,Prep
päässämme,Prep
päässäni,Prep
päässänne,Prep
päässänsä,Prep
päässäsi,Prep
päässään,Prep
päästä,Prep
päästämme,Prep
päästäni,Prep
päästänne,Prep
päästänsä,Prep
päästäsi,Prep
päästään,Prep
rinnalla,Prep
rinnallaan,Prep
rinnallamme,Prep
rinnallani,Prep
rinnallanne,Prep
rinnallansa,Prep
rinnallasi,Prep
rinnalle,Prep
rinnalleen,Prep
rinnallemme,Prep
rinnalleni,Prep
rinnallenne,Prep
rinnallensa,Prep
rinnallesi,Prep
rinnalta,Prep
rinnaltaan,Prep
rinnaltamme,Prep
rinnaltani,Prep
rinnaltanne,Prep
rinnaltansa,Prep
rinnaltasi,Prep
saada,Verb
saati,Conj
saatikka,Conj
saattaa,Verb
se,Pron
sekä,Conj
siksi,Conj
siksipä,Conj
sillä,Conj
sinä,Pron
sisälle,Prep
sisälleen,Prep
sisällemme,Prep
sisälleni,Prep
sisällenne,Prep
sisällensä,Prep
sisällesi,Prep
sisällä,Prep
sisällämme,Prep
sisälläni,Prep
sisällänne,Prep
sisällänsä,Prep
sisälläsi,Prep
sisällään,Prep
sisältä,Prep
sisältämme,Prep
sisältäni,Prep
sisältänne,Prep
sisältänsä,Prep
sisältäsi,Prep
sisältään,Prep
sisässä,Prep
sisässämme,Prep
sisässäni,Prep
sisässänne,Prep
sisässänsä,Prep
sisässäsi,Prep
sisässään,Prep
sisästä,Prep
sisästämme,Prep
sisästäni,Prep
sisästänne,Prep
sisästänsä,Prep
sisästäsi,Prep
sisästään,Prep
sisäämme,Prep
sisään,Prep
sisääni,Prep
sisäänne,Prep
sisäänsä,Prep
sisääsi,Prep
taakse,Prep
taakseen,Prep
taaksemme,Prep
taakseni,Prep
taaksenne,Prep
taaksensa,Prep
taaksesi,Prep
tahi,Conj
tai,Conj
taikka,Conj
taitaa,Verb
takaa,Prep
takaamme,Prep
takaani,Prep
takaanne,Prep
takaansa,Prep
takaasi,Prep
takana,Prep
takanaan,Prep
takanamme,Prep
takanani,Prep
takananne,Prep
takanansa,Prep
takanasi,Prep
takia,Prep
takiaan,Prep
takiamme,Prep
takiani,Prep
takianne,Prep
takiansa,Prep
takiasi,Prep
tarvita,Verb
te,Pron
toinen,Pron
tokko,Conj
tokkopa,Conj
tulla,Verb
tuo,Pron
tähden,Prep
tähtemme,Prep
tähteni,Prep
tähtenne,Prep
tähtensä,Prep
tähtesi,Prep
tämä,Pron
täytyä,Verb
usea,Pron
vaan,Conj
vai,Conj
vaikka,Conj
vaikkakaan,Conj
vaikkakin,Conj
varten,Prep
vastaan,Prep
vastapäätä,Prep
vasten,Prep
viereemme,Prep
viereen,Prep
viereeni,Prep
viereenne,Prep
viereensä,Prep
viereesi,Prep
vierelle,Prep
vierelleen,Prep
vierellemme,Prep
vierelleni,Prep
vierellenne,Prep
vierellensä,Prep
vierellesi,Prep
vierellä,Prep
vierellämme,Prep
vierelläni,Prep
vierellänne,Prep
vierellänsä,Prep
vierelläsi,Prep
vierellään,Prep
viereltä,Prep
viereltämme,Prep
viereltäni,Prep
viereltänne,Prep
viereltänsä,Prep
viereltäsi,Prep
viereltään,Prep
vieressä,Prep
vieressämme,Prep
vieressäni,Prep
vieressänne,Prep
vieressänsä,Prep
vieressäsi,Prep
vieressään,Prep
vierestä,Prep
vierestämme,Prep
vierestäni,Prep
vierestänne,Prep
vierestänsä,Prep
vierestäsi,Prep
vierestään,Prep
voida,Verb
vuokseen,Prep
vuoksemme,Prep
vuokseni,Prep
vuoksenne,Prep
vuoksensa,Prep
vuoksesi,Prep
vuoksi,Prep
yksi,Pron
yli,Prep
ylitse,Prep
ylitseen,Prep
ylitsemme,Prep
ylitseni,Prep
ylitsenne,Prep
ylitsensä,Prep
ylitsesi,Prep
ympäri,Prep
ympärilesi,Prep
ympärille,Prep
ympärilleen,Prep
ympärillemme,Prep
ympärilleni,Prep
ympärillenne,Prep
ympärillensä,Prep
ympärillä,Prep
ympärillämme,Prep
ympärilläni,Prep
ympärillänne,Prep
ympärillänsä,Prep
ympärilläsi,Prep
ympärillään,Prep
ympäriltä,Prep
ympäriltämme,Prep
ympäriltäni,Prep
ympäriltänne,Prep
ympäriltänsä,Prep
ympäriltäsi,Prep
ympäriltään,Prep
ynnä,Conj
a,
b,
c,
d,
e,
f,
g,
h,
i,
j,
k,
l,
m,
n,
o,
p,
q,
r,
s,
t,
u,
v,
w,
x,
y,
z,
á,
â,
ä,
é,
ô,
ö,
ü,
