Term,Role
-li,Conj
a,Conj
aby,Conj
ach,Conj
ach,Interj
achich,Interj
administrativně,Interj
aerobic,Conj
ahoj,Interj
ajaj,Interj
akademicko,Interj
ale,Conj
aleluja,Conj
aleluja,Interj
alespoň,Interj
alpsky,Interj
americko,Interj
anebo,Conj
anesteziologicko,Conj
ani,Conj
aniž,Conj
ano,Conj
antibioticky,Conj
asociálně,Interj
avšak,Conj
aČ,Conj
ačkoli,Conj
ačkoliv,Conj
aŤ,Conj
aŤsi,Conj
aŤsi,Interj
ať,Conj
aťsi,Conj
aŽ,Conj
až,Interj
ba,Conj
bacha,Interj
belgicky,Interj
bez,Prep
bezchybně,Prep
bezeslova,Prep
bis,Prep
blond,Prep
blízko,Prep
bohudíky,Interj
brzičko,Interj
buch,Interj
budiž,Interj
buĎ,Conj
buď,Conj
buďto,Conj
by,Conj
byŤ,Conj
byť,Conj
bác,Conj
bác,Interj
být,Verb
během,Prep
bŮhvÍ,Interj
bŮhvÍco,Pron
bŮhvÍkdo,Pron
bŮhvÍČÍ,Pron
bůhvíco,Interj
bůhvíco,Pron
bůhvíjaký,Pron
bůhvíkdo,Pron
bůhvíproč,Pron
bůhvíčí,Pron
café,Conj
checker,Interj
chronologicky,Interj
chŇap,Interj
co,Pron
cokoliv,Pron
cosi,Pron
coŽ,Pron
což,Interj
což,Pron
deset,Num
desetibodový,Num
devadesát,Num
devadesátiletý,Num
devatenÁctset,Num
devatenáct,Num
devatenáctiletý,Num
devatenáctset,Num
devatenáctý,Num
devĚtatŘicet,Num
devĚtaČtyŘicet,Num
devĚtset,Num
devět,Num
devětadevadesát,Num
devětadevadesátka,Num
devětadvacet,Num
devětadvacetidenní,Num
devětaosmdesát,Num
devětaosmdesátý,Num
devětapadesát,Num
devětapadesátý,Num
devětasedmdesát,Num
devětasedmdesátý,Num
devětatřicet,Num
devětatřicátý,Num
devětačtyřicet,Num
devětačtyřicetiletý,Num
devětašedesát,Num
devětašedesátiletý,Num
devětset,Num
devětsil,Num
dilematicky,Prep
dle,Prep
dneska,Prep
do,Prep
dokonce,Conj
dokořán,Conj
dokud,Conj
dokulata,Conj
doprostŘed,Prep
doprostřed,Prep
doprostředka,Prep
dovnitŘ,Prep
dovnitř,Prep
dočista,Prep
dva,Num
dvaadevadesát,Num
dvaadevadesátý,Num
dvaadvacet,Num
dvaadvacetiletý,Num
dvaaosmdesát,Num
dvaaosmdesátý,Num
dvaapadesát,Num
dvaapadesátý,Num
dvaasedmdesát,Num
dvaasedmdesátý,Num
dvaatŘicet,Num
dvaatřicet,Num
dvaatřicátý,Num
dvaaČtyŘicet,Num
dvaačtyřicet,Num
dvaačtyřicátý,Num
dvaašedesát,Num
dvaašedesátiletý,Num
dvacet,Num
dvacetibodový,Num
dvanÁctset,Num
dvanáct,Num
dvanácterník,Num
dvanáctset,Num
dvanáctý,Num
dvĚstĚ,Num
dvěstě,Num
dvěstěkorunový,Num
díky,Prep
filmově,Interj
fuj,Interj
fundamentalisticky,Interj
halabala,Interj
harakiri,Interj
hej,Interj
hele,Interj
hepčí,Interj
herdek,Interj
herecky,Interj
hermeticky,Interj
hmotnostně,Interj
hop,Interj
hop,Pron
horem,Interj
hrdinsky,Interj
hromově,Interj
humoristicky,Interj
hurá,Interj
hybně,Interj
i,Conj
investičně,Interj
jak,Conj
jakbysmet,Pron
jakkoli,Conj
jakmile,Conj
jako,Conj
jakoby,Conj
jakous,Pron
jaképak,Pron
jakés,Pron
jaký,Pron
jakýkoli,Pron
jakýkoliv,Pron
jakýsi,Pron
jakýž,Conj
jakýž,Pron
jakživ,Pron
jau,Interj
jau,Pron
jeden,Num
jedenadevadesát,Num
jedenadvacet,Num
jedenadvacátý,Num
jedenaosmdesát,Num
jedenapadesát,Num
jedenasedmdesát,Num
jedenatŘicet,Num
jedenatřicet,Num
jedenaČtyŘicet,Num
jedenačtyřicet,Num
jedenašedesát,Num
jedenÁctset,Num
jedenáct,Num
jedenáctidílný,Num
jedenáctset,Num
jedenáctý,Num
jedna,Num
jednací,Num
jednadevadesát,Num
jednadevadesátý,Num
jednadvacet,Num
jednadvacetiletý,Num
jednak,Conj
jednaosmdesát,Num
jednaosmdesátiletý,Num
jednaosmdesátkrát,Conj
jednapadesát,Num
jednapadesátý,Num
jednasedmdesát,Num
jednasedmdesátý,Num
jednatŘicet,Num
jednatřicet,Num
jednatřicátý,Num
jednaČtyŘicet,Num
jednačtyřicet,Num
jednačtyřicátý,Num
jednašedesát,Num
jednašedesátiletý,Num
jeho,Pron
jejej,Interj
jejich,Interj
jejich,Pron
její,Pron
jelikož,Conj
jelikož,Pron
jemináčku,Conj
jemináčku,Interj
jen,Pron
jenom,Conj
jenomže,Conj
jenž,Conj
jenž,Pron
jenže,Conj
jenže,Pron
jestli,Conj
jestliže,Conj
jestliže,Pron
jevištně,Conj
ještěže,Conj
ježto,Conj
ježto,Pron
jinam,Pron
jistěže,Pron
já,Pron
jé,Interj
jé,Pron
jéminkote,Interj
k,Prep
kdeco,Conj
kdeco,Pron
kdejaký,Pron
kdečí,Pron
kdežto,Conj
kdo,Interj
kdo,Pron
kdokoli,Pron
kdokoliv,Pron
kdosi,Pron
kdovíco,Pron
kdy,Conj
kdyby,Conj
kdybych,Conj
kdybychom,Conj
kdybys,Conj
kdybyste,Conj
kdykoli,Conj
kdykoliv,Conj
když,Conj
když,Interj
keramicky,Prep
klap,Interj
klap,Prep
klaustrofobicky,Interj
kokodák,Interj
kokodák,Pron
kolem,Interj
kolem,Prep
kolik,Prep
komplet,Pron
komunisticky,Pron
koneckonců,Pron
krom,Prep
kromě,Prep
kterak,Pron
kterÝ,Pron
který,Pron
kterýkoliv,Pron
kterýžto,Pron
kudy,Pron
kuku,Interj
kuku,Prep
kupodivu,Interj
kvŮli,Prep
kvůli,Interj
kvůli,Prep
kyberneticky,Prep
laboratorně,Pron
leckdo,Pron
leckdos,Pron
leda,Conj
leda,Pron
ledabyle,Conj
ledaco,Conj
ledaco,Pron
ledacos,Pron
ledajaký,Pron
ledakdo,Pron
ledačí,Pron
ledaže,Conj
ledaže,Pron
legislativně,Conj
leč,Conj
limitně,Conj
léčebně,Pron
manuálně,Pron
mentálně,Pron
mezi,Prep
meziměsíčně,Prep
mikrobiálně,Pron
miliarda,Num
miliardový,Num
milion,Num
milionový,Num
mimo,Prep
mimosoudně,Prep
minerálně,Pron
mistrovsky,Prep
mnichovsky,Pron
mnohanásobně,Pron
mocensky,Interj
molekulárně,Pron
možně,Pron
musit,Verb
my,Pron
myšlenkově,Pron
máloco,Pron
málokde,Pron
málokdo,Pron
málokdy,Pron
málokterý,Pron
místo,Prep
mŇau,Interj
mŮj,Pron
můj,Pron
na,Interj
na,Prep
nad,Prep
nadevšechno,Prep
nadnárodně,Prep
namodrale,Interj
namístě,Pron
naneštěstí,Prep
naproti,Prep
napůl,Prep
nasnadě,Pron
navzdory,Prep
nazad,Prep
naze,Interj
naštěstí,Pron
naživu,Pron
ne,Conj
nebo,Conj
neboŤ,Conj
neboť,Conj
nebývale,Conj
nedaleko,Prep
nedávno,Prep
nejen,Conj
nejenže,Conj
nejméně,Conj
nešpatně,Conj
než,Conj
nic,Conj
nic,Noun
nic,Pron
nicméně,Conj
nicméně,Pron
nikam,Pron
nikdo,Noun
nikdo,Pron
nitkově,Pron
ničí,Pron
náš,Pron
nýbrž,Conj
něco,Noun
něco,Pron
nějaký,Pron
někdo,Noun
někdo,Pron
několikaminutově,Pron
některý,Prep
něčí,Pron
o,Interj
o,Prep
ob,Prep
obohaceně,Prep
od,Prep
odevzdaně,Prep
odolatelně,Prep
okolo,Prep
on,Pron
ona,Pron
onde,Pron
onen,Pron
oni,Pron
onkologicky,Pron
ono,Pron
ony,Pron
oproti,Prep
optimisticky,Prep
osm,Num
osmadevadesát,Num
osmadevadesátiletý,Num
osmadvacet,Num
osmadvacetiletý,Num
osmaosmdesát,Num
osmaosmdesátý,Num
osmapadesát,Num
osmapadesátý,Num
osmasedmdesát,Num
osmasedmdesátý,Num
osmatŘicet,Num
osmatřicet,Num
osmatřicetiletý,Num
osmaČtyŘicet,Num
osmačtyřicet,Num
osmačtyřicetiletý,Num
osmašedesát,Num
osmašedesátiletý,Num
osmdesát,Num
osmdesátiletý,Num
osmnÁctset,Num
osmnáct,Num
osmnáctiletý,Num
osmnáctset,Num
osmnáctý,Num
osmset,Num
osmělit,Num
ovšem,Conj
ovšem,Interj
oživeně,Conj
padesát,Num
padesátihodinový,Num
pakliže,Conj
palestinsky,Conj
paprskově,Interj
patnÁctset,Num
patnáct,Num
patnácticentimetrový,Num
patnáctset,Num
patnáctý,Num
po,Prep
poblíž,Prep
pochmurně,Prep
pod,Prep
podle,Prep
podprůměrně,Prep
podél,Prep
podílově,Prep
pokud,Conj
pokusně,Conj
pomocí,Prep
poněvadž,Conj
poprvé,Prep
pozvolna,Interj
pořádkově,Conj
pro,Prep
probŮh,Interj
probůh,Interj
procentuálně,Interj
prorocky,Prep
prostorově,Prep
prostŘednictvÍm,Prep
prostřednictvím,Prep
proti,Prep
proto,Conj
protože,Conj
proužkově,Conj
proč,Conj
pročež,Conj
právě,Interj
pst,Interj
psychicky,Interj
páně,Interj
písemně,Interj
pĚtatŘicet,Num
pĚtaČtyŘicet,Num
pĚtset,Num
pět,Num
pětadevadesát,Num
pětadevadesátý,Num
pětadvacet,Num
pětadvacetiletý,Num
pětaosmdesát,Num
pětaosmdesátý,Num
pětapadesát,Num
pětapadesátý,Num
pětasedmdesát,Num
pětasedmdesátka,Num
pětatřicet,Num
pětatřicetiletý,Num
pětačtyřicet,Num
pětačtyřicátý,Num
pětašedesát,Num
pětašedesátý,Num
pětset,Num
pěvecký,Num
pŘed,Prep
pŘes,Prep
pŘesto,Conj
pŘestoŽe,Conj
pŘi,Prep
před,Prep
především,Prep
představeně,Prep
přes,Prep
přesmutně,Prep
přesto,Conj
přestože,Conj
přestupně,Conj
při,Prep
příslušně,Prep
s,Prep
samovolně,Pron
samoúčelně,Pron
samočinně,Pron
sankčně,Pron
scénáristicky,Interj
se,Prep
se,Pron
sebevíce,Pron
sedm,Num
sedma,Num
sedmadevadesát,Num
sedmadevadesátý,Num
sedmadvacet,Num
sedmadvacetiletý,Num
sedmaosmdesát,Num
sedmaosmdesátý,Num
sedmapadesát,Num
sedmapadesátý,Num
sedmasedmdesát,Num
sedmasedmdesátý,Num
sedmatŘicet,Num
sedmatřicet,Num
sedmatřicátý,Num
sedmaČtyŘicet,Num
sedmačtyřicet,Num
sedmačtyřicátý,Num
sedmašedesát,Num
sedmašedesátiletý,Num
sedmašedesátkrát,Pron
sedmdesát,Num
sedmdesátikilometrový,Num
sedmnÁctset,Num
sedmnáct,Num
sedmnáctiletý,Num
sedmnáctset,Num
sedmnáctý,Num
sedmset,Num
sedmý,Num
seshora,Pron
sestupně,Pron
si,Pron
sice,Conj
situovaně,Pron
skrz,Prep
skrznaskrz,Prep
skvěle,Prep
smět,Verb
sobě,Pron
sotva,Conj
sotva,Pron
sotvaco,Conj
sotvaco,Pron
sotvakdo,Pron
sotvaže,Conj
souběžně,Conj
stále,Prep
svázaně,Pron
svépomocně,Pron
svěravě,Pron
světlomilně,Pron
svŮj,Pron
svůj,Pron
synchronizovaně,Pron
sám,Pron
sídelně,Conj
tabákově,Pron
tak,Conj
tak,Pron
takový,Pron
takzvaně,Conj
takž,Conj
takže,Conj
takže,Pron
taxativně,Pron
technicky,Pron
tedy,Conj
tehdy,Conj
tematicky,Pron
ten,Pron
tendenčně,Pron
tenhle,Conj
tenhle,Pron
tento,Pron
tentýž,Pron
teoreticky,Pron
teva,Pron
teď,Pron
tisknutelně,Pron
tisÍc,Num
tisíc,Num
tisícerý,Num
topně,Pron
totiž,Conj
totiž,Pron
toulavě,Pron
toxicky,Pron
točitě,Conj
tudíž,Conj
tumáš,Interj
tumáš,Pron
turecky,Interj
tutte,Pron
tvŮj,Pron
tvůj,Pron
ty,Pron
týdenně,Pron
týkově,Pron
týmově,Pron
tĚbŮh,Interj
těbůh,Interj
těbůh,Pron
těhotně,Pron
tŘebas,Conj
tŘebaŽe,Conj
tŘi,Num
tŘiadevadesÁt,Num
tŘiadvacet,Num
tŘiaosmdesÁt,Num
tŘiapadesÁt,Num
tŘiasedmdesÁt,Num
tŘiatŘicet,Num
tŘiaČtyŘicet,Num
tŘiaŠedesÁt,Num
tŘicet,Num
tŘinÁct,Num
tŘinÁctset,Num
tŘista,Num
třebas,Conj
třebaže,Conj
třešňově,Pron
tři,Num
třiadevadesát,Num
třiadevadesátý,Num
třiadvacet,Num
třiadvacetiletý,Num
třiaosmdesát,Num
třiaosmdesátý,Num
třiapadesát,Num
třiapadesátý,Num
třiasedmdesát,Num
třiasedmdesátý,Num
třiatřicet,Num
třiatřicátý,Num
třiačtyřicet,Num
třiačtyřicátý,Num
třiašedesát,Num
třiašedesátkrát,Pron
třiašedesátý,Num
třicet,Num
třicetidenní,Num
třináct,Num
třináctiletý,Num
třináctset,Num
třináctý,Num
třista,Num
třistakilometrový,Num
u,Prep
ukvapeně,Interj
umět,Verb
uprostŘed,Prep
uprostřed,Prep
uvnitŘ,Prep
uvnitř,Prep
užití,Pron
v,Prep
vazebně,Pron
vedle,Prep
vedví,Prep
vhod,Prep
viĎ,Interj
vrr,Interj
vskrytu,Interj
vy,Pron
vyjma,Prep
vánočně,Pron
váš,Pron
výbojně,Prep
výkonnostně,Prep
výzkumně,Pron
včetně,Prep
věkově,Interj
však,Conj
všecek,Conj
vŮČi,Prep
vůči,Prep
vŽdyŤ,Conj
vždy,Conj
vždyť,Conj
x,Pron
z,Prep
za,Prep
zato,Conj
zatraceně,Conj
zatím,Conj
zatímco,Conj
zda,Conj
zdali,Conj
zde,Conj
zdálky,Conj
zevnitŘ,Prep
zevnitř,Prep
zevně,Prep
zhluboka,Prep
zprostŘed,Prep
zprostřed,Prep
zprvu,Prep
zázračně,Prep
Ó,Interj
á,Conj
í,Conj
ó,Pron
Čau,Interj
ČertvÍco,Pron
ČertvÍkdo,Pron
Čertvíco,Pron
Čertvíkdo,Pron
Či,Conj
ČiČi,Interj
Čiči,Interj
ČtrnÁctset,Num
Čtrnáct,Num
Čtrnáctset,Num
ČtyŘi,Num
ČtyŘiadevadesÁt,Num
ČtyŘiadvacet,Num
ČtyŘiaosmdesÁt,Num
ČtyŘiapadesÁt,Num
ČtyŘiasedmdesÁt,Num
ČtyŘiatŘicet,Num
ČtyŘiaČtyŘicet,Num
ČtyŘiaŠedesÁt,Num
ČtyŘicet,Num
ČtyŘista,Num
Čtyři,Num
Čtyřiadevadesát,Num
Čtyřiadvacet,Num
Čtyřiaosmdesát,Num
Čtyřiapadesát,Num
Čtyřiasedmdesát,Num
Čtyřiatřicet,Num
Čtyřiačtyřicet,Num
Čtyřiašedesát,Num
Čtyřicet,Num
Čtyřista,Num
Čí,Pron
Číkoli,Pron
Číkoliv,Pron
Čísi,Pron
čertvíco,Pron
čertvíjaký,Pron
čertvíkdo,Pron
čertvíkdy,Pron
čertvíkolik,Pron
čertvíproč,Pron
či,Pron
čiči,Conj
čtrnáct,Num
čtrnácteronásobný,Num
čtrnáctset,Num
čtrnáctý,Num
čtyři,Num
čtyřiadevadesát,Num
čtyřiadevadesátý,Num
čtyřiadvacet,Num
čtyřiadvacetihodinový,Num
čtyřiaosmdesát,Num
čtyřiaosmdesátý,Num
čtyřiapadesát,Num
čtyřiapadesátý,Num
čtyřiasedmdesát,Num
čtyřiasedmdesátý,Num
čtyřiatřicet,Num
čtyřiatřicátý,Num
čtyřiačtyřicet,Num
čtyřiačtyřicetiletý,Num
čtyřiašedesát,Num
čtyřiašedesátý,Num
čtyřicet,Num
čtyřicetiletý,Num
čtyřista,Num
čtyřkilometrový,Num
čí,Pron
číkoli,Pron
číkoliv,Pron
čímže,Pron
čínsky,Pron
čísi,Pron
číslicově,Pron
ńam,Interj
ńam,Pron
Ňam,Interj
ř,Prep
ŠedesÁt,Num
Šedesát,Num
Šest,Num
ŠestadevadesÁt,Num
Šestadevadesát,Num
Šestadvacet,Num
ŠestaosmdesÁt,Num
Šestaosmdesát,Num
ŠestapadesÁt,Num
Šestapadesát,Num
ŠestasedmdesÁt,Num
Šestasedmdesát,Num
ŠestatŘicet,Num
Šestatřicet,Num
ŠestaČtyŘicet,Num
Šestačtyřicet,Num
ŠestaŠedesÁt,Num
Šestašedesát,Num
ŠestnÁct,Num
ŠestnÁctset,Num
Šestnáct,Num
Šestnáctset,Num
Šestset,Num
Škyt,Interj
Šup,Interj
š,Conj
šedesát,Num
šedesátiletý,Num
šest,Num
šestadevadesát,Num
šestadevadesátý,Num
šestadvacet,Num
šestadvacátý,Num
šestaosmdesát,Num
šestaosmdesátiletý,Num
šestapadesát,Num
šestapadesátý,Num
šestasedmdesát,Num
šestasedmdesátý,Num
šestatřicet,Num
šestatřicetiletý,Num
šestačtyřicet,Num
šestačtyřicátý,Num
šestašedesát,Num
šestašedesátý,Num
šestnáct,Num
šestnáctiletý,Num
šestnáctset,Num
šestnáctý,Num
šestset,Num
šesták,Num
šmik,Interj
španělsky,Interj
Ťuk,Interj
ŽbluŇk,Interj
Žbluňk,Interj
Že,Conj
ž,Conj
že,Interj
