Group,T,Status
ALL,2081.0,0.0
ALL,1602.0,0.0
ALL,1496.0,0.0
ALL,1462.0,0.0
ALL,1433.0,0.0
ALL,1377.0,0.0
ALL,1330.0,0.0
ALL,996.0,0.0
ALL,226.0,0.0
ALL,1199.0,0.0
ALL,1111.0,0.0
ALL,530.0,0.0
ALL,1182.0,0.0
ALL,1167.0,0.0
ALL,418.0,1.0
ALL,383.0,1.0
ALL,276.0,1.0
ALL,104.0,1.0
ALL,609.0,1.0
ALL,172.0,1.0
ALL,487.0,1.0
ALL,662.0,1.0
ALL,194.0,1.0
ALL,230.0,1.0
ALL,526.0,1.0
ALL,122.0,1.0
ALL,129.0,1.0
ALL,74.0,1.0
ALL,122.0,1.0
ALL,86.0,1.0
ALL,466.0,1.0
ALL,192.0,1.0
ALL,109.0,1.0
ALL,55.0,1.0
ALL,1.0,1.0
ALL,107.0,1.0
ALL,110.0,1.0
ALL,332.0,1.0
AML-Low Risk,2569.0,0.0
AML-Low Risk,2506.0,0.0
AML-Low Risk,2409.0,0.0
AML-Low Risk,2218.0,0.0
AML-Low Risk,1857.0,0.0
AML-Low Risk,1829.0,0.0
AML-Low Risk,1562.0,0.0
AML-Low Risk,1470.0,0.0
AML-Low Risk,1363.0,0.0
AML-Low Risk,1030.0,0.0
AML-Low Risk,860.0,0.0
AML-Low Risk,1258.0,0.0
AML-Low Risk,2246.0,0.0
AML-Low Risk,1870.0,0.0
AML-Low Risk,1799.0,0.0
AML-Low Risk,1709.0,0.0
AML-Low Risk,1674.0,0.0
AML-Low Risk,1568.0,0.0
AML-Low Risk,1527.0,0.0
AML-Low Risk,1324.0,0.0
AML-Low Risk,957.0,0.0
AML-Low Risk,932.0,0.0
AML-Low Risk,847.0,0.0
AML-Low Risk,848.0,0.0
AML-Low Risk,1850.0,0.0
AML-Low Risk,1843.0,0.0
AML-Low Risk,1535.0,0.0
AML-Low Risk,1447.0,0.0
AML-Low Risk,1384.0,0.0
AML-Low Risk,414.0,1.0
AML-Low Risk,2204.0,1.0
AML-Low Risk,1063.0,1.0
AML-Low Risk,481.0,1.0
AML-Low Risk,105.0,1.0
AML-Low Risk,641.0,1.0
AML-Low Risk,390.0,1.0
AML-Low Risk,288.0,1.0
AML-Low Risk,421.0,1.0
AML-Low Risk,79.0,1.0
AML-Low Risk,748.0,1.0
AML-Low Risk,486.0,1.0
AML-Low Risk,48.0,1.0
AML-Low Risk,272.0,1.0
AML-Low Risk,1074.0,1.0
AML-Low Risk,381.0,1.0
AML-Low Risk,10.0,1.0
AML-Low Risk,53.0,1.0
AML-Low Risk,80.0,1.0
AML-Low Risk,35.0,1.0
AML-Low Risk,248.0,1.0
AML-Low Risk,704.0,1.0
AML-Low Risk,211.0,1.0
AML-Low Risk,219.0,1.0
AML-Low Risk,606.0,1.0
AML-High Risk,2640.0,0.0
AML-High Risk,2430.0,0.0
AML-High Risk,2252.0,0.0
AML-High Risk,2140.0,0.0
AML-High Risk,2133.0,0.0
AML-High Risk,1238.0,0.0
AML-High Risk,1631.0,0.0
AML-High Risk,2024.0,0.0
AML-High Risk,1345.0,0.0
AML-High Risk,1136.0,0.0
AML-High Risk,845.0,0.0
AML-High Risk,422.0,1.0
AML-High Risk,162.0,1.0
AML-High Risk,84.0,1.0
AML-High Risk,100.0,1.0
AML-High Risk,2.0,1.0
AML-High Risk,47.0,1.0
AML-High Risk,242.0,1.0
AML-High Risk,456.0,1.0
AML-High Risk,268.0,1.0
AML-High Risk,318.0,1.0
AML-High Risk,32.0,1.0
AML-High Risk,467.0,1.0
AML-High Risk,47.0,1.0
AML-High Risk,390.0,1.0
AML-High Risk,183.0,1.0
AML-High Risk,105.0,1.0
AML-High Risk,115.0,1.0
AML-High Risk,164.0,1.0
AML-High Risk,93.0,1.0
AML-High Risk,120.0,1.0
AML-High Risk,80.0,1.0
AML-High Risk,677.0,1.0
AML-High Risk,64.0,1.0
AML-High Risk,168.0,1.0
AML-High Risk,74.0,1.0
AML-High Risk,16.0,1.0
AML-High Risk,157.0,1.0
AML-High Risk,625.0,1.0
AML-High Risk,48.0,1.0
AML-High Risk,273.0,1.0
AML-High Risk,63.0,1.0
AML-High Risk,76.0,1.0
AML-High Risk,113.0,1.0
AML-High Risk,363.0,1.0
