MSGID,MNEMONIC,LINENO,LEVEL,TEXT,PBUTTONS
2617.0,IO_WILL_CREATE,1.0,W,%1$ does not exist. Will create data sets.,SASHELP.FSP.OK.SLIST
3018.0,IO_WAITNOTE,1.0,N,Collecting information about %$.  Please wait...,SASHELP.FSP.OK.SLIST
3020.0,IO_ADVISECOMP,1.0,N,Advice completed.,SASHELP.FSP.OK.SLIST
3023.0,IO_TOOMANYINPUT,1.0,E,Too many input arrows for node %$.,SASHELP.FSP.OK.SLIST
3024.0,IO_NODATAROLE,1.0,E,Node %1$ requires an input data set with a %2$ role.,SASHELP.FSP.OK.SLIST
3025.0,IO_NOINPUTPARM,1.0,E,Node %1$ requires an input parameter of type $2$.,SASHELP.FSP.OK.SLIST
3027.0,IO_NOOPENSOURCE,1.0,E,Node %1$ could not open input data set info:,SASHELP.FSP.OK.SLIST
3027.0,IO_NOOPENSOURCE,2.0,E,%2$.,SASHELP.FSP.OK.SLIST
3120.0,IO_NOOPENDS,1.0,E,Could not open data set %$. See LOG for details.,SASHELP.FSP.OK.SLIST
3124.0,IO_NODMDBDATA,1.0,E,Specify training data or connect a DMDB node.,SASHELP.FSP.OK.SLIST
3125.0,IO_NOQUER,1.0,E,No query generated.,
3128.0,IO_WRNGTRGT,1.0,E,Nominal targets are not valid.,SASHELP.FSP.OK.SLIST
3128.0,IO_WRNGTRGT,2.0,E,"Specify binary, ordinal, or interval targets.",SASHELP.FSP.OK.SLIST
3129.0,IO_NOTRGT,1.0,E,No target variable defined.,SASHELP.FSP.OK.SLIST
3129.0,IO_NOTRGT,2.0,E,Specify one target variable in a predecessor node.,SASHELP.FSP.OK.SLIST
3130.0,IN_NOOUTPUT,1.0,E,No output to browse.,SASHELP.FSP.OK.SLIST
3130.0,IN_NOOUTPUT,2.0,E,Run node or path again.,SASHELP.FSP.OK.SLIST
3131.0,IO_NOSELTRGT,1.0,E,No target variable selected.,SASHELP.FSP.OK.SLIST
3131.0,IO_NOSELTRGT,2.0,E,Node will not run.,SASHELP.FSP.OK.SLIST
3132.0,IN_BRWSOUT,1.0,N,%1$ analysis is completed.,SASHELP.FSP.OK.SLIST
3132.0,IN_BRWSOUT,2.0,N,%2$.,SASHELP.FSP.OK.SLIST
3133.0,IO_RUNERROR,1.0,E,Error has been encountered.,SASHELP.FSP.OK.SLIST
3133.0,IO_RUNERROR,2.0,E,View the Log for details.,SASHELP.FSP.OK.SLIST
3134.0,IO_DSNOEXST,1.0,N,Data set does not exist.,SASHELP.FSP.OK.SLIST
3135.0,IO_NOSTDEST,1.0,N,Not yet implemented.,SASHELP.FSP.OK.SLIST
3136.0,IO_WRNGFMT,1.0,E,Invalid file format.  File was not saved.,SASHELP.FSP.OK.SLIST
3137.0,IO_NOMDLNM,1.0,E,Specify a model name.,SASHELP.FSP.OK.SLIST
3138.0,IO_NOTRNDS,1.0,E,Specify a training data set.,SASHELP.FSP.OK.SLIST
3139.0,IO_USETRGT,1.0,E,Must use one target variable.,SASHELP.FSP.OK.SLIST
3140.0,IO_USE1TRGT,1.0,E,Use only one target variable.,SASHELP.FSP.OK.SLIST
3141.0,IO_SELMDL,1.0,E,Must first select a model.,SASHELP.FSP.OK.SLIST
3142.0,IO_SEL1MDL,1.0,E,Select only one model.,SASHELP.FSP.OK.SLIST
3161.0,IO_BRWSOUTFRMOPN,1.0,N,Done: Select Results... from the Tools pulldown menu.,SASHELP.FSP.OK.SLIST
3162.0,IO_MDLNMEXST,1.0,Q,Do you want to replace the existing %1$ model?,SASHELP.FSP.YNC.SLIST
3166.0,IN_DELACTVMDL,1.0,E,You cannot delete the active model.,SASHELP.FSP.OK.SLIST
3167.0,IN_DELMDLDELRSLT,1.0,W,Results associated with these models will be deleted.,SASHELP.FSP.OC.SLIST
3179.0,IN_WAITWHLRUN,1.0,W,Wait while %1$ is running.,SASHELP.FSP.OK.SLIST
3180.0,IO_NOTRGTLVL,1.0,N,The target variables have no measurement level defined.,SASHELP.FSP.OK.SLIST
3180.0,IO_NOTRGTLVL,2.0,N,Specify measurement level in a predecessor node.,SASHELP.FSP.OK.SLIST
3182.0,IN_BRWSRSLT,1.0,N,Tree creation is completed.,SASHELP.FSP.OK.SLIST
3182.0,IN_BRWSRSLT,2.0,N,Select Results... from popup menu.,SASHELP.FSP.OK.SLIST
3183.0,IO_EXECERR,1.0,E,Tree creation failed. View the Log for details.,SASHELP.FSP.OK.SLIST
3184.0,IO_NOINPUT,1.0,E,No input variable defined. Specify at least one input variable in,SASHELP.FSP.OK.SLIST
3184.0,IO_NOINPUT,2.0,E,a predecessor node.,SASHELP.FSP.OK.SLIST
3196.0,IO_INCOMP_ATTR,1.0,E,Incompatible values (%$) for Input Data Sources.,SASHELP.FSP.OK.SLIST
3196.0,IO_INCOMP_ATTR,2.0,E,Please correct.,SASHELP.FSP.OK.SLIST
3197.0,IN_SAVECHNG,1.0,Q,Do you want to Save Changes to %1$?,SASHELP.FSP.YNC.SLIST
3245.0,IO_NO_DMDB,1.0,E,Specify an input data source by connecting a data mining database node.,SASHELP.FSP.OK.SLIST
3246.0,IO_DMDB_NOT_EXIST,1.0,E,Data mining data base %2$ does not exist for %1$ tool.,SASHELP.FSP.OK.SLIST
3247.0,IO_SPECIFY_ASSOC_OUTPUT,1.0,E,Specify a name for associations output.,SASHELP.FSP.OK.SLIST
3248.0,IO_ASSOC_FAILED,1.0,E,Associations output could not be created.  See log for details.,SASHELP.FSP.OK.SLIST
3249.0,IO_RULEGEN_FAILED,1.0,E,Rules could not be generated.  See log for details.,SASHELP.FSP.YN.SLIST
3249.0,IO_RULEGEN_FAILED,2.0,E,Would you like to view the unprocessed association,SASHELP.FSP.YN.SLIST
3249.0,IO_RULEGEN_FAILED,3.0,E,data set?,SASHELP.FSP.YN.SLIST
3250.0,IO_SPECIFY_RULES_OUTPUT,1.0,E,Specify a name for the generated rules output.,SASHELP.FSP.OK.SLIST
3255.0,IO_NOMATCHMETA,1.0,E,%1$ is not compatible with the training data.,SASHELP.FSP.OK.SLIST
3255.0,IO_NOMATCHMETA,2.0,E,%2$.,SASHELP.FSP.OK.SLIST
3285.0,IO_DSEXIST,1.0,E,Data set already exists.  Specify another data set name.,SASHELP.FSP.OK.SLIST
3289.0,IO_NORDATA,1.0,E,No input data specified.,SASHELP.FSP.OK.SLIST
3307.0,IO_USE1FREQ,1.0,E,Use only one frequency variable.,SASHELP.FSP.OK.SLIST
3312.0,IO_USE1WEIGHT,1.0,E,Use only one weight variable.,SASHELP.FSP.OK.SLIST
3313.0,IO_USE1ID,1.0,E,Use only one identification variable.,SASHELP.FSP.OK.SLIST
3314.0,IO_USEINPUT,1.0,E,Must use at least one input variable.,SASHELP.FSP.OK.SLIST
3392.0,IO_VARNMUSED,1.0,E,Variable with the same name already exists.,SASHELP.FSP.OK.SLIST
3392.0,IO_VARNMUSED,2.0,E,Specify a different name.,SASHELP.FSP.OK.SLIST
3397.0,IO_SAVED_HTML,1.0,N,HTML saved to file %1.,SASHELP.FSP.OK.SLIST
3409.0,IO_NOLIBREF,1.0,E,Library is not assigned.,SASHELP.FSP.OK.SLIST
3414.0,IN_SAMPDONE,1.0,N,Sampling completed.  Data set %1$ has been created.,SASHELP.FSP.OK.SLIST
3417.0,IO_WRONG_VALUE1,1.0,E,"Invalid value, value should be >= %1$ and <= %2$.",SASHELP.FSP.OK.SLIST
3420.0,IN_REMOVE,1.0,O,Select row you wish to delete then select REMOVE.,SASHELP.FSP.OK.SLIST
3422.0,IN_ACTIVE_ROW,1.0,O,Select a row in the table.,SASHELP.FSP.OK.SLIST
3423.0,IN_BONUS_INUSE,1.0,W,Bonus variable already in use.,SASHELP.FSP.OK.SLIST
3424.0,IO_INVALID_BONUS,1.0,E,Invalid bonus variable.,SASHELP.FSP.OK.SLIST
3425.0,IO_WRONG_VALUE2,1.0,E,"Invalid value, value should be > %1$ and <= %2$.",SASHELP.FSP.OK.SLIST
3428.0,IO_WRONG_VALUE3,1.0,E,"Invalid value, value should be >= %1$.",SASHELP.FSP.OK.SLIST
3430.0,IO_WRNGDATA,1.0,E,Data set type is not valid.  Type must be either %1$.,SASHELP.FSP.OK.SLIST
3438.0,IO_OUTRANGE,1.0,E,Invalid value.  Value must be %1$.,SASHELP.FSP.OK.SLIST
3444.0,IO_NOTSASNAME,1.0,E,Invalid data set name specified.,SASHELP.FSP.OK.SLIST
3445.0,IO_NOSTRATVAR,1.0,E,Specify at least one stratification variable.,SASHELP.FSP.OK.SLIST
3448.0,IO_NODEVVAR,1.0,E,Specify one deviation variable.,SASHELP.FSP.OK.SLIST
3450.0,IO_VARNOTFOUND,1.0,E,No %1$ variable found in the data,SASHELP.FSP.OK.SLIST
3450.0,IO_VARNOTFOUND,2.0,E,or variable defined is not valid for,SASHELP.FSP.OK.SLIST
3450.0,IO_VARNOTFOUND,3.0,E,a %1$ variable.,SASHELP.FSP.OK.SLIST
3458.0,IO_DSNOTEXIST,1.0,E,Input data %1$ does not exist.,SASHELP.FSP.OK.SLIST
3465.0,IN_DMDBDONE,1.0,N,Partitioning completed.  DMDB %1$ has been created.,SASHELP.FSP.OK.SLIST
3480.0,IO_RULES_NOT_VALID,1.0,W,No rules could be generated from data as specified.,SASHELP.FSP.OK.SLIST
3496.0,IN_NEEDTRAIN,1.0,E,Can't score the data set %1$.  Training needs to be done first.,SASHELP.FSP.OK.SLIST
3498.0,IO_BROWSE_RESULTS_FROMOPEN,1.0,O,Tree creation completed. Select Results Browser... from the Tools pulldown menu.,SASHELP.FSP.OK.SLIST
3507.0,IO_NOASSESS,1.0,W,Must define assessment matrix.,SASHELP.FSP.OK.SLIST
3511.0,IO_NOTSASVAR,1.0,E,Invalid SAS variable name.,SASHELP.FSP.OK.SLIST
3563.0,IO_CONFRIM_DELETE,1.0,Q,Delete $1 ?,SASHELP.FSP.YN.SLIST
3583.0,IN_CLOSE_OPEN_WINDOWS,1.0,Q,%lOther Enterprise Miner windows remain open.  Are you sure you want to terminate your Enterprise Miner session?,SASHELP.FSP.YN.SLIST
3584.0,DI_PROJECT_ALREADY_EXISTS,1.0,E,%lEnter a new project name.  A project named %1$ already exists.,SASHELP.FSP.OK.SLIST
3585.0,IO_LIBREF_NOT_ALLOCATED,1.0,E,%lEnter a new path.  Unable to allocate the libref %1$ to the path %2$.,SASHELP.FSP.OK.SLIST
3586.0,DI_PATH_CONTAINS_PROJECT,1.0,E,%lEnter a new path.  The path %1$ already contains a project.,SASHELP.FSP.OK.SLIST
3587.0,IO_CAN_NOT_WRITE_TO_PATH,1.0,E,%lEnter a new path.  Unable to write to the path %1$.,SASHELP.FSP.OK.SLIST
3589.0,IO_REPLACE_FILE,1.0,Q,%lReplace the existing file %1$?,SASHELP.FSP.YN.SLIST
3590.0,IO_NONEXISTENT_FILE,1.0,W,%lThe file %1$ does not exist.,SASHELP.FSP.OK.SLIST
3591.0,IO_DELETE_FILE,1.0,Q,"%lDelete the %1$ ""%2$""?",SASHELP.FSP.YN.SLIST
3618.0,IN_PARTDONE,1.0,N,Data partition completed.  The %1$ been created.,SASHELP.FSP.OK.SLIST
3703.0,IO_DSUSED,1.0,E,Data set %1$ already used as a %2$.,SASHELP.FSP.OK.SLIST
3717.0,IO_LIBRARY_REQUIRED,1.0,E,%1$ library required.,SASHELP.FSP.OK.SLIST
3754.0,IO_SERVPROF_REQUIRED,1.0,E,Please select a server profile.,SASHELP.FSP.OK.SLIST
3755.0,IO_REMPATH_REQUIRED,1.0,E,Please enter a remote path.,SASHELP.FSP.OK.SLIST
3769.0,IN_DECISION,1.0,N,"Decision can not be blank, enter a name or remove the blank.",SASHELP.FSP.OK.SLIST
3775.0,IO_NOID,1.0,E,No id variable defined in the Input Data Set node.,SASHELP.FSP.OK.SLIST
3776.0,IO_NOSEQUENCE,1.0,N,Rules for association will be created since no sequence variable is defined in the Input Data Set node.,SASHELP.FSP.OK.SLIST
3793.0,IO_NODSNAME,1.0,E,Blank data set name is not valid.  %1$.,SASHELP.FSP.OK.SLIST
3794.0,IO_PRIOR,1.0,E,At least two prior probabilities should be > 0.,SASHELP.FSP.OK.SLIST
3911.0,IO_NOREMOTE_WORK_SASUSER,1.0,E,"The libraries WORK, SASUSER, and SASHELP cannot be",SASHELP.FSP.OK.SLIST
3911.0,IO_NOREMOTE_WORK_SASUSER,2.0,E,used with remote projects.  Please specify another,SASHELP.FSP.OK.SLIST
3911.0,IO_NOREMOTE_WORK_SASUSER,3.0,E,library name to use for remote processing.,SASHELP.FSP.OK.SLIST
3923.0,IN_DELTOOL,1.0,Q,"Do you want to remove the custom node type, %1$?",SASHELP.FSP.YN.SLIST
3926.0,IN_NOSERVER,1.0,Q,A connection to the server could not be established.,SASHELP.FSP.YN.SLIST
3926.0,IN_NOSERVER,2.0,Q,Do you want to run locally?,SASHELP.FSP.YN.SLIST
3927.0,IN_CLONETOOL,1.0,Q,"Do you want to create a custom node type from the node, %1$?",SASHELP.FSP.YN.SLIST
3928.0,IN_PWLENGTH,1.0,E,The password must contain at least 5 characters.  Please,SASHELP.FSP.OK.SLIST
3928.0,IN_PWLENGTH,2.0,E,re-enter the password.,SASHELP.FSP.OK.SLIST
3929.0,IN_PWERROR,1.0,E,Incorrect password entered.  Please re-enter the password.,SASHELP.FSP.OK.SLIST
3930.0,IN_CONNECT,1.0,Q,Do you want to connect to the server?,SASHELP.FSP.YN.SLIST
3931.0,IO_NOREMOTE_LIB_REUSE,1.0,E,You must specify different names for the Project,SASHELP.FSP.OK.SLIST
3931.0,IO_NOREMOTE_LIB_REUSE,2.0,E,Library and the Data Library when using a remote,SASHELP.FSP.OK.SLIST
3931.0,IO_NOREMOTE_LIB_REUSE,3.0,E,server.  Please change one of the libraries to,SASHELP.FSP.OK.SLIST
3931.0,IO_NOREMOTE_LIB_REUSE,4.0,E,another name.,SASHELP.FSP.OK.SLIST
3944.0,IO_ONESLICE,1.0,E,Select at least one pie slice.,SASHELP.FSP.OK.SLIST
3959.0,IO_NO_SAMPLE,1.0,E,Sample could not be generated: %$,SASHELP.FSP.OK.SLIST
3965.0,IO_NOOPENDS2,1.0,E,Could not open %1$.  %2$,SASHELP.FSP.OK.SLIST
3966.0,IO_NO_SERVER_START,1.0,E,Could not start server.,SASHELP.FSP.OK.SLIST
3973.0,IN_NO_MODIFY_OLDVAR,1.0,E,Cannot modify %$.  Can only modify new variables.,SASHELP.FSP.OK.SLIST
3974.0,IN_NO_TRANSFORM_NEWVAR,1.0,E,Cannot transform %$. Can only transform original variables.,SASHELP.FSP.OK.SLIST
3985.0,IN_RUN_COMPLETE,1.0,N,Run for %$ completed successfully.,SASHELP.FSP.OK.SLIST
3987.0,IN_RUN_BROWSE,1.0,Q,Run for %$ completed successfully.  Do you wish to view results?,SASHELP.FSP.YN.SLIST
3988.0,IN_RUN_FAIL,1.0,E,Run for %1$ failed.  %2$,SASHELP.FSP.OK.SLIST
3990.0,IO_OPTERR1,1.0,E,2 Leaf Size (%1$) must be <= Split Size (%2$).,SASHELP.FSP.OK.SLIST
3991.0,IO_OPTERR2,1.0,E,Observation Sufficient for Search must be >= Split Size.,SASHELP.FSP.OK.SLIST
3998.0,DI_TOO_MANY_ASSOC,1.0,W,More than 5000 associations have been found. You may either:,SASHELP.FSP.OC.SLIST
3998.0,DI_TOO_MANY_ASSOC,2.0,W,Select OK to use the first 5000 associations to compute sequences or,SASHELP.FSP.OC.SLIST
3998.0,DI_TOO_MANY_ASSOC,3.0,W,Select CANCEL to go back and re-run associations with a higher support setting.,SASHELP.FSP.OC.SLIST
4011.0,IN_DATREPLDONE,1.0,N,Data Replacement completed.,SASHELP.FSP.OK.SLIST
4022.0,IN_ONESLICE,1.0,N,Select at least one slice.,SASHELP.FSP.OK.SLIST
4036.0,IO_LOCKEDFILE,1.0,E,"Unable to %1$ ""%2$"".  Lock held by another user or process.",SASHELP.FSP.OK.SLIST
4039.0,IO_TOO_MANY_VARS,1.0,E,Too many %2$ variables have been selected in %1$ tool.,SASHELP.FSP.OK.SLIST
4040.0,DI_ASC_TO_RULEGEN,1.0,W,The number of associations found is %1# greater,SASHELP.FSP.OC.SLIST
4040.0,DI_ASC_TO_RULEGEN,2.0,W,than the current processing limit of %2#,SASHELP.FSP.OC.SLIST
4040.0,DI_ASC_TO_RULEGEN,3.0,W,from the Processing Options tab. The processing,SASHELP.FSP.OC.SLIST
4040.0,DI_ASC_TO_RULEGEN,4.0,W,limit exists to prevent you from running out of,SASHELP.FSP.OC.SLIST
4040.0,DI_ASC_TO_RULEGEN,5.0,W,memory and needs to be tailored to your,SASHELP.FSP.OC.SLIST
4040.0,DI_ASC_TO_RULEGEN,6.0,W,hardware. Please consult the documentation.,SASHELP.FSP.OC.SLIST
4040.0,DI_ASC_TO_RULEGEN,7.0,W,"If you continue processing, you may run out",SASHELP.FSP.OC.SLIST
4040.0,DI_ASC_TO_RULEGEN,8.0,W,of memory.,SASHELP.FSP.OC.SLIST
4040.0,DI_ASC_TO_RULEGEN,9.0,W,Select OK to continue processing.,SASHELP.FSP.OC.SLIST
4040.0,DI_ASC_TO_RULEGEN,10.0,W,Select CANCEL to re-run tool with a higher,SASHELP.FSP.OC.SLIST
4040.0,DI_ASC_TO_RULEGEN,11.0,W,processing limit and/or with higher support level.,SASHELP.FSP.OC.SLIST
4041.0,IN_SUBSET_SPEC_INCOMPLETE,1.0,E,Subset request not specified %1$.,SASHELP.FSP.OK.SLIST
4042.0,IN_SUBSET_NO_RECORDS,1.0,N,Subset request did not find any matches.,SASHELP.FSP.YN.SLIST
4042.0,IN_SUBSET_NO_RECORDS,2.0,N,Do you want to modify the subset request?,SASHELP.FSP.YN.SLIST
4043.0,IO_GENERIC_DATASET,1.0,E,The data set containing %1$.,SASHELP.FSP.OK.SLIST
4044.0,IO_SUBSET_COMBO_ITEMS,1.0,E,To use the %1$ feature at least %2#,SASHELP.FSP.OK.SLIST
4044.0,IO_SUBSET_COMBO_ITEMS,2.0,E,items must be selected from the,SASHELP.FSP.OK.SLIST
4044.0,IO_SUBSET_COMBO_ITEMS,3.0,E,%3$ hand side.,SASHELP.FSP.OK.SLIST
4050.0,IO_SELTRGT,1.0,E,Select a target variable.,SASHELP.FSP.OK.SLIST
4053.0,IO_WRNGTARGET,1.0,E,Ordinal targets are not valid. Specify,SASHELP.FSP.OK.SLIST
4053.0,IO_WRNGTARGET,2.0,E,binary nominal or interval targets.,SASHELP.FSP.OK.SLIST
4056.0,IO_WRNGMINSIZE,1.0,E,Minimum number of observations in a leaf should be >= 1.,SASHELP.FSP.OK.SLIST
4057.0,IO_WRNGSUBSPLT,1.0,E,Observations required for a split search should be >= 2.,SASHELP.FSP.OK.SLIST
4059.0,IO_WRNGMAXSUB,1.0,E,Maximum number of branches from a node should be >=2 and <= 100.,SASHELP.FSP.OK.SLIST
4060.0,IO_WRNGMAXDEP,1.0,E,Maximum depth of tree should be >= 1 and <= 100.,SASHELP.FSP.OK.SLIST
4061.0,IO_WRNGNRULES,1.0,E,Splitting rules saved in each node should be >=1 and <= number of inputs.,SASHELP.FSP.OK.SLIST
4062.0,IO_WRNGMAXSURRG,1.0,E,Surrogate rules saved in each node should be >=0 and <= (number of inputs - 1).,SASHELP.FSP.OK.SLIST
4063.0,IO_WRNGMINWORTH,1.0,E,Significance level should be > 0 and <= 1.,SASHELP.FSP.OK.SLIST
4064.0,IO_WRNGRELREDUC,1.0,E,Relative reduction should be >= 0.,SASHELP.FSP.OK.SLIST
4065.0,IO_WRNGNUMINPUTS,1.0,E,Effective numbers of inputs should be > 0 and <= number of inputs.,SASHELP.FSP.OK.SLIST
4066.0,IO_WRNGNLEAVES,1.0,E,Number of leaves should be >= 1.,SASHELP.FSP.OK.SLIST
4070.0,IO_FAIL_REMOVE_ONEWAYS,1.0,W,All the rows have relations equal to 1. Table is reset.,SASHELP.FSP.OK.SLIST
4071.0,IO_FAIL_SELECT_CONF,1.0,W,No rows were found where confidence exceeded,SASHELP.FSP.OK.SLIST
4071.0,IO_FAIL_SELECT_CONF,2.0,W,expected confidence. Table is reset.,SASHELP.FSP.OK.SLIST
4072.0,IO_MOVE_ALLDATA_GRAPH,1.0,W,Graph of all data not available.,SASHELP.FSP.OK.SLIST
4073.0,IO_PRIOR2,1.0,E,Prior probability should be >= 0 and <= 1.,SASHELP.FSP.OK.SLIST
4075.0,IO_CHANGE_PARMS,1.0,W,No significant associations were found. Lower the,SASHELP.FSP.OK.SLIST
4075.0,IO_CHANGE_PARMS,2.0,W,minimum transaction frequency to support associations,SASHELP.FSP.OK.SLIST
4075.0,IO_CHANGE_PARMS,3.0,W,and/or lower minimum confidence for rule generation,SASHELP.FSP.OK.SLIST
4075.0,IO_CHANGE_PARMS,4.0,W,and re-run the tool.,SASHELP.FSP.OK.SLIST
4076.0,IO_TARGET_WRONG_MEAS,1.0,E,Interval targets are not valid.  Specify ordinal or nominal targets.,SASHELP.FSP.OK.SLIST
4077.0,IN_REGISTRY_GET_ERROR,1.0,W,Could not read items from Registry. See Log for,SASHELP.FSP.OK.SLIST
4077.0,IN_REGISTRY_GET_ERROR,2.0,W,any messages.,SASHELP.FSP.OK.SLIST
4078.0,IN_REGISTRY_SET_ERROR,1.0,W,Cannot set items into Registry. See Log for,SASHELP.FSP.OK.SLIST
4078.0,IN_REGISTRY_SET_ERROR,2.0,W,any messages.,SASHELP.FSP.OK.SLIST
4092.0,IN_SAVED_ROWS_DSET,1.0,N,The current table or selected rows was saved in,SASHELP.FSP.OK.SLIST
4092.0,IN_SAVED_ROWS_DSET,2.0,N,%1$.,SASHELP.FSP.OK.SLIST
4093.0,IO_HAVE_USE,1.0,E,There must be %2$ variable with status of use for %1$ tool.,SASHELP.FSP.OK.SLIST
4094.0,IO_TOO_MUCH_DATAGRAPH,1.0,E,Too many rows to graph. Select rows of interest,SASHELP.FSP.OK.SLIST
4094.0,IO_TOO_MUCH_DATAGRAPH,2.0,E,and try again.,SASHELP.FSP.OK.SLIST
4095.0,IO_TOO_MUCH_DATA_SELGRPH,1.0,E,Too many rows selected to graph. Further limit your,SASHELP.FSP.OK.SLIST
4095.0,IO_TOO_MUCH_DATA_SELGRPH,2.0,E,selections and try again.,SASHELP.FSP.OK.SLIST
4096.0,IN_TABLE_RESET,1.0,N,Table is reset.,SASHELP.FSP.OK.SLIST
4098.0,IN_NO_LOG,1.0,N,The log is not available to be viewed within this,SASHELP.FSP.OK.SLIST
4098.0,IN_NO_LOG,2.0,N,"tool. Perhaps, you chose to route it to the system",SASHELP.FSP.OK.SLIST
4098.0,IN_NO_LOG,3.0,N,log under Options -> User preferences.,SASHELP.FSP.OK.SLIST
4107.0,IO_NO_LOG,1.0,N,The log has been directed to the system log,SASHELP.FSP.OK.SLIST
4107.0,IO_NO_LOG,2.0,N,and is available in the SAS Log Window.,SASHELP.FSP.OK.SLIST
4130.0,IO_WRNGNODESIZE,1.0,E,Observation sufficient for split search should be >= 2.,SASHELP.FSP.OK.SLIST
4138.0,IO_NORUN,1.0,E,Interactive Training is not possible. Run path to this node.,SASHELP.FSP.OK.SLIST
4156.0,IN_SASCODE_FAILED,1.0,E,%1$ failed. See log for details.,SASHELP.FSP.OK.SLIST
4160.0,IO_GET_LOG,1.0,Q,Do you wish to see the log?,SASHELP.FSP.YN.SLIST
4164.0,IO_REMOTE_PURGE,1.0,Q,Do you want to connect to %1$ to delete project data?,SASHELP.FSP.YN.SLIST
4183.0,IO_NUMGROUPVAR,1.0,E,Use fewer than 10 variables.,SASHELP.FSP.OK.SLIST
4294.0,IN_NOSUBGROUPBAR,1.0,N,Subgroups bar chart is limited to 19 groups. Stacked bar chart is created for bivariate plot.,SASHELP.FSP.OK.SLIST
4311.0,IO_DUPNAME,1.0,E,"A %1$ with the name ""%2$"" already exists.",SASHELP.FSP.OK.SLIST
4313.0,IO_NONAME,1.0,E,A non-blank %1$ name is required.,SASHELP.FSP.OK.SLIST
4348.0,IO_SELID,1.0,E,No Id variable selected.,SASHELP.FSP.OK.SLIST
4348.0,IO_SELID,2.0,E,Tool will not run.,SASHELP.FSP.OK.SLIST
4349.0,IO_SELSEQ,1.0,E,No Sequence variable selected.,SASHELP.FSP.OK.SLIST
4349.0,IO_SELSEQ,2.0,E,Tool will not run.,SASHELP.FSP.OK.SLIST
4350.0,IO_SORT_ORDER,1.0,E,Sort order of the variables must be selected,SASHELP.FSP.OK.SLIST
4350.0,IO_SORT_ORDER,2.0,E,for tool to run.,SASHELP.FSP.OK.SLIST
4351.0,IO_NOVAR,1.0,E,There must be 1 %1$ variable with a status of use.,SASHELP.FSP.OK.SLIST
4352.0,IO_SORT_NOMATCH,1.0,E,The sort order does not match the selected,SASHELP.FSP.OK.SLIST
4352.0,IO_SORT_NOMATCH,2.0,E,%1$ variables.,SASHELP.FSP.OK.SLIST
4353.0,IO_CHAIN_SPECRUN,1.0,E,Chains of length > %1# were not requested,SASHELP.FSP.OK.SLIST
4353.0,IO_CHAIN_SPECRUN,2.0,E,when tool was run.,SASHELP.FSP.OK.SLIST
4354.0,IO_USE_EXISTING_DSN,1.0,Q,Do you want to start with existing,SASHELP.FSP.YN.SLIST
4354.0,IO_USE_EXISTING_DSN,2.0,Q,%1$ data set?,SASHELP.FSP.YN.SLIST
4355.0,IO_CHAIN_SUPPORT,1.0,E,Search for chains > %1# are not supported.,SASHELP.FSP.OK.SLIST
4356.0,IO_CHAIN_AVAIL,1.0,N,Chains of length %1# or less were computed,SASHELP.FSP.OK.SLIST
4356.0,IO_CHAIN_AVAIL,2.0,N,from your data.,SASHELP.FSP.OK.SLIST
4357.0,IO_CHAIN_DELITEM,1.0,N,Deletion permitted on first and last rows only.,SASHELP.FSP.OK.SLIST
4358.0,IO_ONEROW_GRAPH,1.0,E,You must select more than 1 row to graph.,SASHELP.FSP.OK.SLIST
4359.0,IO_MULT_TARGETS,1.0,E,Too many target variables.,SASHELP.FSP.OK.SLIST
4359.0,IO_MULT_TARGETS,2.0,E,Tool will not run.,SASHELP.FSP.OK.SLIST
4360.0,IO_FAIL_SRC_EXTRACT,1.0,E,The source code could not be extracted.,SASHELP.FSP.OK.SLIST
4361.0,IO_MULTI_SEQ,1.0,E,Too many sequence variables.,SASHELP.FSP.OK.SLIST
4361.0,IO_MULTI_SEQ,2.0,E,Tool will not run.,SASHELP.FSP.OK.SLIST
4362.0,IN_RESULT_SORT,1.0,N,The default sort of support within relations,SASHELP.FSP.OK.SLIST
4362.0,IN_RESULT_SORT,2.0,N,was not successful. Results browser will open,SASHELP.FSP.OK.SLIST
4362.0,IN_RESULT_SORT,3.0,N,on the unsorted data.,SASHELP.FSP.OK.SLIST
4383.0,IO_NOROLEVAR,1.0,E,Select %1$,SASHELP.FSP.OK.SLIST
4386.0,IN_RUNPATH,1.0,W,Tool cannot be run until its predecessor nodes have run.,SASHELP.FSP.OK.SLIST
4387.0,IO_WRONG_VALUE,1.0,E,"Invalid value, value should be %1$ and %2$ .",SASHELP.FSP.OK.SLIST
4393.0,IO_PROJECT_EXPORTED_OK,1.0,N,Project successfully exported.,SASHELP.FSP.OK.SLIST
4395.0,IO_GENERIC_NOTE,1.0,N,%1$,SASHELP.FSP.OK.SLIST
4396.0,IO_DEFAULT_DATALIB_MUST_BE_NEW,1.0,E,The new default data library path cannot be the,SASHELP.FSP.OK.SLIST
4396.0,IO_DEFAULT_DATALIB_MUST_BE_NEW,2.0,E,same as the original path.,SASHELP.FSP.OK.SLIST
4398.0,IO_BAD_PROJECT_TRANSPORT_FILE,1.0,E,The file %1$ is not a valid project transport,SASHELP.FSP.OK.SLIST
4398.0,IO_BAD_PROJECT_TRANSPORT_FILE,2.0,E,file. Cannot import.,SASHELP.FSP.OK.SLIST
4399.0,IO_NO_DOUBLE_QUOTES,1.0,E,%1$ cannot contain double quotes.,SASHELP.FSP.OK.SLIST
4401.0,IO_CAN_NOT_WRITE_TO_FILE,1.0,E,Cannot write to file %1$.,SASHELP.FSP.OK.SLIST
4402.0,IO_DEFAULT_DATALIB_MUST_BE_PERM,1.0,E,The default data library cannot point to a,SASHELP.FSP.OK.SLIST
4402.0,IO_DEFAULT_DATALIB_MUST_BE_PERM,2.0,E,temporary directory.,SASHELP.FSP.OK.SLIST
4403.0,IO_DUPREDVAR,1.0,E,Predicted variables must be different for all target levels.,SASHELP.FSP.OK.SLIST
4404.0,IO_MISPREDVAR,1.0,E,There is at least one missing predicted variable for the specified target.,SASHELP.FSP.OK.SLIST
4405.0,IO_MISTRGTINFO,1.0,E,"One or more of the following target information is missing: name,",SASHELP.FSP.OK.SLIST
4405.0,IO_MISTRGTINFO,2.0,E,"measurement level, and/or target levels.",SASHELP.FSP.OK.SLIST
4407.0,IO_GENERIC_WARNING,1.0,W,%1$,SASHELP.FSP.OK.SLIST
4409.0,IN_SEQ_ANALYSIS_MISMATCH,1.0,W,The tool's analysis type is sequence but there,SASHELP.FSP.OC.SLIST
4409.0,IN_SEQ_ANALYSIS_MISMATCH,2.0,W,is not a sequence variable. You can return to a,SASHELP.FSP.OC.SLIST
4409.0,IN_SEQ_ANALYSIS_MISMATCH,3.0,W,predecessor tool to set the model,SASHELP.FSP.OC.SLIST
4409.0,IN_SEQ_ANALYSIS_MISMATCH,4.0,W,"role to sequence by selecting CANCEL, or",SASHELP.FSP.OC.SLIST
4409.0,IN_SEQ_ANALYSIS_MISMATCH,5.0,W,change the analysis mode to,SASHELP.FSP.OC.SLIST
4409.0,IN_SEQ_ANALYSIS_MISMATCH,6.0,W,association in the tool by selecting OK.,SASHELP.FSP.OC.SLIST
4410.0,IO_NO_TVAR,1.0,E,There must be 1 target variable with status of use.,SASHELP.FSP.OK.SLIST
4411.0,IO_NO_SVAR,1.0,E,There must be 1 sequence variable with status of use.,SASHELP.FSP.OK.SLIST
4412.0,IO_NO_IVAR,1.0,E,There must be at least 1 id variable with status of use.,SASHELP.FSP.OK.SLIST
4415.0,IO_CONFIRM_LOCAL_PROCESSING,1.0,W,"For local processing, the connection to the",SASHELP.FSP.OC.SLIST
4415.0,IO_CONFIRM_LOCAL_PROCESSING,2.0,W,project server must be closed.,SASHELP.FSP.OC.SLIST
4424.0,IO_FILTER_OPTIONS_NO_APPLY,1.0,E,Your chosen filter options could not be applied: %$,SASHELP.FSP.OK.SLIST
4427.0,IO_WRONGMAXTRIES,1.0,E,"Maximum tries in an exhaustive splits search should be >= 0 and <= 2,000,000,000.",SASHELP.FSP.OK.SLIST
4429.0,IO_CHANGE_TARGET,1.0,W,Data did not generate any meaningful analysis.,SASHELP.FSP.OK.SLIST
4429.0,IO_CHANGE_TARGET,2.0,W,Check and adjust the measurement level of the,SASHELP.FSP.OK.SLIST
4429.0,IO_CHANGE_TARGET,3.0,W,target variable.,SASHELP.FSP.OK.SLIST
4430.0,IO_ORDER_WARN,1.0,W,Data set was ordered by the requested variables,SASHELP.FSP.OK.SLIST
4430.0,IO_ORDER_WARN,2.0,W,but warnings have been issued in the process.,SASHELP.FSP.OK.SLIST
4431.0,IO_ORDER_FAIL,1.0,E,Data set could not be ordered by the requested variables.,SASHELP.FSP.OK.SLIST
4435.0,IO_ZERO_OBS_DS,1.0,W,The data set %1$ has 0 observations.,SASHELP.FSP.OK.SLIST
4449.0,IO_CONFIRM_PASSWORD_DISABLE,1.0,Q,Are you sure you want to disable the password?,SASHELP.FSP.YN.SLIST
4454.0,IN_NOSUBGROUPS,1.0,O,"Subgroup is limited to 19 groups, stacked bar chart is created for main plot.",SASHELP.FSP.OK.SLIST
4457.0,IO_GENERIC_ERR,1.0,E,%1$,SASHELP.FSP.OK.SLIST
4462.0,IO_NOSEL_DATA,1.0,E,Cannot select data set: %1$,SASHELP.FSP.OK.SLIST
4463.0,IO_SUBMIT_FAIL,1.0,E,Submitted code %1$ failed.  See log for details.,SASHELP.FSP.OK.SLIST
4467.0,IO_CANNOT_SUBMIT_SCORE_CODE,1.0,W,You cannot submit score code here.,SASHELP.FSP.OK.SLIST
4468.0,IO_NOMETADS,1.0,E,Specify %1$ data set.,SASHELP.FSP.OK.SLIST
4471.0,IN_MISSPROFIT,1.0,E,Missing value is detected in the profit function.,SASHELP.FSP.OK.SLIST
4491.0,IN_DMRESULT,1.0,W,%1$.  Do you want to continue?,SASHELP.FSP.YN.SLIST
4492.0,IO_NOMATCHMETA2,1.0,E,%1$: %2$ is not compatible with the training data.,SASHELP.FSP.OK.SLIST
4495.0,IN_DUPTRGTPROFIT,1.0,E,Same target value is detected in multiple rows in profit function.,SASHELP.FSP.OK.SLIST
4496.0,IN_MISSPROFIT2,1.0,E,Missing value is detected in the profit matrix.,SASHELP.FSP.OK.SLIST
4497.0,IN_WRNGMISSGRP,1.0,E,Missing values detected in group.,SASHELP.FSP.OK.SLIST
4498.0,IN_NUMGE1,1.0,E,Enter a number >= 1.,SASHELP.FSP.OK.SLIST
4499.0,IN_NOGRPNAME,1.0,E,A group name has not been selected.,SASHELP.FSP.OK.SLIST
4500.0,IN_ONERULE,1.0,E,Only one split rule defined.,SASHELP.FSP.OK.SLIST
4501.0,IN_BLANK,1.0,E,Number cannot be blank. Enter a value or remove the blank.,SASHELP.FSP.OK.SLIST
4502.0,IN_NUMLESSTHAN,1.0,W,Number must be less than %1$.,SASHELP.FSP.OK.SLIST
4503.0,IN_TREEDEPTHGE1,1.0,E,Tree depth should be >= 1.,SASHELP.FSP.OK.SLIST
4504.0,IN_NUMGREATERTHAN,1.0,W,Number must be greater than %1$.,SASHELP.FSP.OK.SLIST
4505.0,IN_NUMBETWEEN,1.0,W,Number must be between %1$ and %2$.,SASHELP.FSP.OK.SLIST
4514.0,IO_HALT,1.0,E,Unable to perform function. Program halted due to,SASHELP.FSP.OK.SLIST
4514.0,IO_HALT,2.0,E,an internal error.,SASHELP.FSP.OK.SLIST
4519.0,IO_OUT_OF_MEMORY,1.0,E,Out of memory condition detected.,SASHELP.FSP.OK.SLIST
4521.0,IO_WRNGBRANCH,1.0,E,Branch values are set beyond the acceptable range.,SASHELP.FSP.OK.SLIST
4525.0,IO_LARGE_NO_OF_BINS,1.0,W,You have chosen a large number of bins. Depending,SASHELP.FSP.YN.SLIST
4525.0,IO_LARGE_NO_OF_BINS,2.0,W,"on your hardware, this may take a very long time",SASHELP.FSP.YN.SLIST
4525.0,IO_LARGE_NO_OF_BINS,3.0,W,to process or even run out of memory. Are you,SASHELP.FSP.YN.SLIST
4525.0,IO_LARGE_NO_OF_BINS,4.0,W,sure you want to use this value?,SASHELP.FSP.YN.SLIST
4540.0,IO_NOIMPTREE,1.0,E,No import tree data set available.,SASHELP.FSP.OK.SLIST
4543.0,IN_SUBSPLT,1.0,N,Observations required for split search is set to %1$.,SASHELP.FSP.OK.SLIST
4544.0,IN_NRULES,1.0,N,Splitting rules saved in each node is set to %1$.,SASHELP.FSP.OK.SLIST
4545.0,IN_MAXSURRG,1.0,N,Surrogate rules saved in each node is set to %1$.,SASHELP.FSP.OK.SLIST
4546.0,IN_PADJNVARS,1.0,N,Effective number of inputs for adjusting P-values is set to %1$.,SASHELP.FSP.OK.SLIST
4548.0,IN_NODESIZE,1.0,N,Observations sufficient for split search is set to %1$.,SASHELP.FSP.OK.SLIST
4552.0,IN_SPLTBETANOTE,1.0,N,Beta version of the decision tree is replaced by a,SASHELP.FSP.OK.SLIST
4552.0,IN_SPLTBETANOTE,2.0,N,production version. Beta tree data set is saved in,SASHELP.FSP.OK.SLIST
4552.0,IN_SPLTBETANOTE,3.0,N,%1$. Rerun the decision tree node to recreate results.,SASHELP.FSP.OK.SLIST
4560.0,IO_EVENT_DISABLED,1.0,E,This event has been disabled.,SASHELP.FSP.OK.SLIST
4561.0,IN_ASSESS_TABLE_REQUIRED,1.0,N,At least one required data set does not exist.,SASHELP.FSP.OK.SLIST
4563.0,IN_ASSESS_VIEW_RESULTS,1.0,Q,Run for Assessment completed successfully. Do you wish to view results?,SASHELP.FSP.YN.SLIST
4564.0,IN_ASSESS_MODELING_REQUIRED,1.0,E,Assessment node requires at least one modeling node as Input.,SASHELP.FSP.OK.SLIST
4565.0,IN_ASSESS_SAVE_OPTIONS,1.0,Q,Do you want to Save Changes to Assessment Options?,SASHELP.FSP.YN.SLIST
4571.0,IO_PRIOR3,1.0,E,Prior probabilities must sum up to 1.,SASHELP.FSP.OK.SLIST
4600.0,IN_WRNGBRANCH2,1.0,E,Some branch has no value assign to it.,SASHELP.FSP.OK.SLIST
4602.0,IO_NOVARSINDATA,1.0,E,No variables found in input data set.,SASHELP.FSP.OK.SLIST
4847.0,IN_DECISION2,1.0,E,Duplicate decision alternatives have been entered.,SASHELP.FSP.OK.SLIST
5069.0,IO_DISCONNECT,1.0,Q,Disconnect from server?,SASHELP.FSP.YN.SLIST
5126.0,IO_METASAMPLE,1.0,Q,"By changing the Use Metasample option, the",SASHELP.FSP.YN.SLIST
5126.0,IO_METASAMPLE,2.0,Q,entire data set will be used for all charts.,SASHELP.FSP.YN.SLIST
5126.0,IO_METASAMPLE,3.0,Q,The processing time may be excessive.,SASHELP.FSP.YN.SLIST
5126.0,IO_METASAMPLE,4.0,Q,Do you wish to continue?,SASHELP.FSP.YN.SLIST
5181.0,IO_DISCONNECT_CONFIRM,1.0,Q,Are you sure you want to disconnect from the server?,SASHELP.FSP.YN.SLIST
5274.0,IO_WRONG_VALUE4,1.0,E,"Invalid value, value should be <= %1$.",SASHELP.FSP.OK.SLIST
5275.0,IO_INVALID_VALUE1,1.0,E,"Invalid value, value should be %1$.",SASHELP.FSP.OK.SLIST
5276.0,IO_INVALID_MISSING_RANGE,1.0,E,Incorrect missing values in range is assigned.,SASHELP.FSP.OK.SLIST
5277.0,IO_INVALID_VALUE2,1.0,E,Invalid value has been entered.,SASHELP.FSP.OK.SLIST
5287.0,IO_SELECT_TARGET_VALUE,1.0,N,Select a target value.,SASHELP.FSP.OK.SLIST
5521.0,IO_INVALID_VALUE3,1.0,W,Data value out of acceptable range.,SASHELP.FSP.OK.SLIST
5523.0,IO_INVALID_REFERENCE_LINE,1.0,W,"Reference line is set outside of data range, new rule will not be applied.",SASHELP.FSP.OK.SLIST
5524.0,IN_CONVERT_BONUS_TO_COST,1.0,W,"Bonus variable is been treated as cost variable, user needs to multiple bonus variable values by -1.",SASHELP.FSP.OK.SLIST
5570.0,IN_SPLTV2TOV3NOTE,1.0,N,"User previously defined decision alternatives, profit matrix, and prior probabilities",SASHELP.FSP.OK.SLIST
5570.0,IN_SPLTV2TOV3NOTE,2.0,N,need to be redefined in target profile. Version %1$ tree data set is saved in %2$.,SASHELP.FSP.OK.SLIST
5570.0,IN_SPLTV2TOV3NOTE,3.0,N,rerun the tree node to recreate results.,SASHELP.FSP.OK.SLIST
5881.0,IN_SAVE_DEFAULTS,1.0,Q,Save changes to defaults?,SASHELP.FSP.YNC.SLIST
6070.0,IO_OBJECTIVE_FUNCTION_ERROR,1.0,E,Tree can not accept ordinal target with maximize profit with costs.,SASHELP.FSP.OK.SLIST
6076.0,IO_GENERIC_QUESTION,1.0,Q,%1$,SASHELP.FSP.YN.SLIST
6088.0,IN_DATA_CHANGED,1.0,W,The variables in %1$ have changed.  Do you wish to refresh the sample and metadata?,SASHELP.FSP.YN.SLIST
6097.0,IO_BADPATH,1.0,E,Directory %1$ cannot be accessed.%n,SASHELP.FSP.OK.SLIST
6097.0,IO_BADPATH,2.0,E,Select a different path to continue.,SASHELP.FSP.OK.SLIST
6134.0,IN_NORESULTS,1.0,N,Results have not been created.,SASHELP.FSP.OK.SLIST
6158.0,IO_DECISIONS_MATRIX_ERROR,1.0,E,Decision alternatives must equal ordinal target values.,SASHELP.FSP.OK.SLIST
6226.0,IO_INFORMAT_ERROR,1.0,E,The value processed by informat can not be accepted.,SASHELP.FSP.OK.SLIST
6449.0,IO_VALUE_NOT_ASSIGNED,1.0,N,Some value is not assigned to a branch.,SASHELP.FSP.OK.SLIST
6452.0,IN_NO_COMPETE_RULE,1.0,O,No competing rule is found.,SASHELP.FSP.OK.SLIST
6454.0,IO_NO_SURROGATE_RULE,1.0,O,No surrogate rule is found.,SASHELP.FSP.OK.SLIST
6478.0,IO_MODEL_NODE_REQUIRED,1.0,E,At least one Modeling node is required as Input.,SASHELP.FSP.OK.SLIST
6479.0,IO_NEED_SCORED_DS,1.0,N,Scored data set does not exist.,SASHELP.FSP.OK.SLIST
6480.0,IO_FAIL_TO_COPY_LIFTDS,1.0,N,Failed to copy lift data set for browsing.,SASHELP.FSP.OK.SLIST
6481.0,IN_LACK_PROFIT_FUNCTION,1.0,N,"Lack profit function, can not apply interactive assessment.",SASHELP.FSP.OK.SLIST
6482.0,IN_VALID_SCALE_RANGE,1.0,N,Valid horizontal scale range is 1 through 50.,SASHELP.FSP.OK.SLIST
6483.0,IN_VALID_SAMPLE_SIZE,1.0,E,Sample size needs to be no less than 1.,SASHELP.FSP.OK.SLIST
6484.0,IO_TMPLIFTDS_INCOMPLETE,1.0,E,WORK.TMPLIFT data set is incomplete.,SASHELP.FSP.OK.SLIST
6485.0,IN_LIFTDS_INCOMPLETE,1.0,N,Lift data set may be incomplete.,SASHELP.FSP.OK.SLIST
6486.0,IN_NEED_ROW_SELECTED,1.0,N,No selection of row is made.,SASHELP.FSP.OK.SLIST
6487.0,IO_NEED_INPUT_NODE,1.0,N,No input node is connected.,SASHELP.FSP.OK.SLIST
6488.0,IN_ROC_SINGLE_TARGET,1.0,N,ROC chart is only applicable to a single target model.,SASHELP.FSP.OK.SLIST
6489.0,IN_TOP10_SINGLE_TARGET,1.0,N,Top 10 chart is only applicable to a single target model.,SASHELP.FSP.OK.SLIST
6490.0,IN_THRESHOLD_SINGLE_TARGET,1.0,N,Threshold chart is only applicable to a single target model.,SASHELP.FSP.OK.SLIST
6491.0,IN_ONE_MODEL_ATATIME,1.0,N,This chart type handles one model at a time.,SASHELP.FSP.OK.SLIST
6492.0,IN_BROWSE_ONE_MODEL_ONLY,1.0,N,Can browse one model at a time.,SASHELP.FSP.OK.SLIST
6493.0,IN_SINGLE_MODEL_BROWSING,1.0,N,Can browse only one model at a time.,SASHELP.FSP.OK.SLIST
6494.0,IN_NO_MIXED_SCALE,1.0,N,Can not display lift charts with different horizontal scales.,SASHELP.FSP.OK.SLIST
6495.0,IN_NO_MIXED_PROFIT_LOSS,1.0,N,Can not display lift chart with PROFIT and LOSS concurrently.,SASHELP.FSP.OK.SLIST
6496.0,IN_SAVE_ASSESS_OPT,1.0,Q,Do you want to save changes to assessment options?,SASHELP.FSP.YNC.SLIST
6746.0,IO_SPLIT_SEARCH_ERROR,1.0,E,Decisions must equal target values when incorporating profit/loss matrix in split search.,SASHELP.FSP.OK.SLIST
